battery_id,chemistry,failure_mode,cycle,health,degradation_rate,RUL,temperature,soc,R_s,R_10kHz,R_1kHz,R_100Hz,R_10Hz,R_1Hz,R_ct,C_dl,Warburg_slope,Warburg_intercept,freq_min_imag,freq_phase_45,Z_mag_1kHz,Z_mag_100Hz,phase_1kHz,phase_100Hz,phase_min,R_ct_R_s_ratio
BAT_0000,NMC_622,SEI_growth,0,100.0,0.0,66666.66666666667,22.77623976390616,53.18902184689384,0.03781258852232169,0.03781258852232169,0.1496180970975097,0.1496180970975097,0.1496180970975097,0.1496180970975097,0.085,1.8724110951987685,0.001,0.17143994025577527,1.0,2.0,0.15169730927737426,0.15169730927737426,-9.497195898540184,-9.497195898540184,-34.71707200267741,2.2479286217028607
BAT_0000,NMC_622,SEI_growth,25,99.07361906437536,0.0003722794117647058,51234.68680140332,32.95375377612589,69.35851602045886,0.028251491743394006,0.028251491743394006,0.11035831429716583,0.11035831429716583,0.11035831429716583,0.11035831429716583,0.0925,0.8602969896859207,0.001,0.12214268438582909,2.0,2.0,0.11150521572126254,0.11150521572126254,-8.224813111012129,-8.224813111012129,-32.92613839790792,3.274163390739503
BAT_0000,NMC_622,SEI_growth,50,98.04653812831243,0.00039455882352941175,45738.52376911091,28.41007814400908,63.77412528337864,0.033157180216512,0.033157180216512,0.1395626990991895,0.1395626990991895,0.1395626990991895,0.1395626990991895,0.1,1.5915494309189535,0.001,0.16564452677000646,1.0,2.0,0.1412967697596662,0.1412967697596662,-8.98566181765991,-8.98566181765991,-33.42064705686356,3.0159380063990135
BAT_0000,NMC_622,SEI_growth,75,96.92207628054058,0.00041683823529411774,40596.26696337129,29.950373323996992,53.714116580797786,0.03274065970422831,0.03274065970422831,0.14305943650029587,0.14305943650029587,0.14305943650029587,0.14305943650029587,0.10750000000000001,1.4805110985292589,0.001,0.15742297942527117,1.0,2.0,0.1442815516502195,0.1442815516502195,-7.462688624894943,-7.462688624894943,-34.578167141420444,3.2833791674062347
BAT_0000,NMC_622,SEI_growth,100,95.70383983122177,0.00043911764705882356,35762.26083466445,30.78758356605188,73.63475577560627,0.03314586453029141,0.03314586453029141,0.15337990073143437,0.15337990073143437,0.15337990073143437,0.15337990073143437,0.11500000000000002,1.3839560268860462,0.001,0.17387296865928237,1.0,2.0,0.15474524632972292,0.15474524632972292,-7.616757144511313,-7.616757144511313,-36.156924428600256,3.469512762139711
BAT_0000,NMC_622,SEI_growth,125,94.395703055459,0.00046139705882352944,31200.248853265708,25.25261860708719,70.751731085735,0.04132189360028691,0.04132189360028691,0.18761542865840491,0.18761542865840491,0.18761542865840491,0.18761542865840491,0.12250000000000003,1.2992240252399616,0.001,0.21955526263192754,1.0,2.0,0.18977712913511463,0.18977712913511463,-8.656185627593329,-8.656185627593329,-37.70797485910188,2.9645301637180896
BAT_0000,NMC_622,SEI_growth,150,93.00178768611543,0.0004836764705882353,26881.166392698375,27.515843960212457,73.88580587327634,0.03934224648205618,0.03934224648205618,0.17216228478445733,0.17216228478445733,0.17216228478445733,0.17216228478445733,0.13000000000000003,1.2242687930145792,0.001,0.2034850111230671,1.0,2.0,0.17405152962049505,0.17405152962049505,-8.449605873628816,-8.449605873628816,-41.8200111360542,3.3043359651384536
BAT_0000,NMC_622,SEI_growth,175,91.52644130769522,0.0005059558823529412,22781.51457413966,25.342123349541808,73.23388093146104,0.04312045434927835,0.04312045434927835,0.18568095680342026,0.18568095680342026,0.18568095680342026,0.18568095680342026,0.13750000000000004,1.157490495213784,0.001,0.22653096121140048,1.0,2.0,0.18804559884924385,0.18804559884924385,-9.095883694312402,-9.095883694312402,-35.97409265294168,3.188741910886224
BAT_0000,NMC_622,SEI_growth,200,89.9742148095482,0.0005282352941176472,18882.14384881062,20.811072471797257,77.88788887594205,0.052086729932722585,0.052086729932722585,0.23705192067199105,0.23705192067199105,0.23705192067199105,0.23705192067199105,0.14500000000000005,1.0976202971854847,0.001,0.2838431037778103,1.0,2.0,0.2399677441963224,0.2399677441963224,-8.940927062724445,-8.940927062724445,-40.229434835913835,2.7838184540916306
BAT_0000,NMC_622,SEI_growth,225,88.34983906168556,0.0005505147058823531,15167.331539858895,20.136642429820967,80.0,0.05412168206199801,0.05412168206199801,0.25778304108722405,0.25778304108722405,0.25778304108722405,0.25778304108722405,0.15250000000000005,1.0436389710943954,0.001,0.3094081243588156,1.0,2.0,0.26123421490868065,0.26123421490868065,-9.323635861801323,-9.323635861801323,-40.4089390499972,2.8177246935028135
BAT_0000,NMC_622,SEI_growth,250,86.65820098000071,0.0005727941176470589,11624.07359794733,19.60073014253169,67.90853603321573,0.056506603339382705,0.056506603339382705,0.27506788439592955,0.27506788439592955,0.27506788439592955,0.27506788439592955,0.16000000000000006,0.9947183943243456,0.001,0.35330191697638513,1.0,2.0,0.2782748502462768,0.2782748502462768,-8.706944716964108,-8.706944716964108,-36.132321145953135,2.831527477222947
BAT_0000,NMC_622,SEI_growth,275,84.90431914967,0.0005950735294117649,8241.534713395775,22.95622440520697,76.21641601586624,0.052556820527879966,0.052556820527879966,0.2571211379341056,0.2571211379341056,0.2571211379341056,0.2571211379341056,0.16750000000000007,0.950178764727733,0.001,0.3131833141257341,1.0,2.0,0.2597939131132609,0.2597939131132609,-8.225785886683143,-8.225785886683143,-43.57103995283513,3.1870268847626706
BAT_0000,NMC_622,SEI_growth,300,83.09331917596523,0.0006173529411764708,5010.617054922246,25.656082202109527,55.89448156687753,0.04848843566150071,0.04848843566150071,0.23927557460169385,0.23927557460169385,0.23927557460169385,0.23927557460169385,0.17500000000000007,0.909456817667973,0.001,0.2927716731360121,1.0,2.0,0.24107212788759114,0.24107212788759114,-6.999294381174102,-6.999294381174102,-42.717181937065085,3.609107978275079
BAT_0000,NMC_622,SEI_growth,325,81.23040893066683,0.0006396323529411767,1923.6189742578258,25.182232999057742,41.99743248441072,0.05057691768089561,0.05057691768089561,0.23327598887958606,0.23327598887958606,0.23327598887958606,0.23327598887958606,0.18250000000000008,0.8720818799555906,0.001,0.28040735385729576,1.0,2.0,0.23531657484351018,0.23531657484351018,-7.550977160462874,-7.550977160462874,-37.20558363996017,3.6083654039861686
BAT_0000,NMC_622,SEI_growth,350,79.32085385976193,0.0006619117647058825,0.0,26.162407727700764,32.93276970818125,0.050207481104332534,0.050207481104332534,0.23550927257670184,0.23550927257670184,0.23550927257670184,0.23550927257670184,0.19000000000000009,0.8376575952205014,0.001,0.2939666343698216,1.0,2.0,0.23743810903191662,0.23743810903191662,-7.3081013225563956,-7.3081013225563956,-37.16074271236825,3.78429659924932
BAT_0000,NMC_622,SEI_growth,375,77.36995251419701,0.0006841911764705885,0.0,30.164648653393183,35.588934469115976,0.04525294141869968,0.04525294141869968,0.23783182610369327,0.23783182610369327,0.23783182610369327,0.23783182610369327,0.1975000000000001,0.5,0.001,0.2626533154926126,2.0,2.0,0.2391520315390537,0.2391520315390537,-6.023117593004126,-6.023117593004126,-44.66699435033464,4.3643571844898466
BAT_0000,NMC_622,SEI_growth,400,75.38301246020157,0.0007064705882352944,0.0,30.922879391874407,43.09726609151417,0.04548883001552677,0.04548883001552677,0.2034929040130887,0.2034929040130887,0.2034929040130887,0.2034929040130887,0.2050000000000001,0.5,0.001,0.2333582411598849,2.0,5.0,0.2050404125426077,0.2050404125426077,-7.043815118071996,-7.043815118071996,-39.3188521989918,4.5066008497037
BAT_0000,NMC_622,SEI_growth,425,73.36532671918471,0.0007287500000000003,0.0,30.92427957903663,30.0,0.04634861895478918,0.04634861895478918,0.2518029197561497,0.2518029197561497,0.2518029197561497,0.2518029197561497,0.2125000000000001,0.7489644380795071,0.001,0.2879370080619836,1.0,5.0,0.25301314173597433,0.25301314173597433,-5.6062424020286565,-5.6062424020286565,-40.06580392390538,4.584818378456616
BAT_0000,NMC_622,SEI_growth,450,71.32215087952774,0.000751029411764706,0.0,27.561080291356078,30.0,0.05225877298745337,0.05225877298745337,0.2835329653986295,0.2835329653986295,0.2835329653986295,0.2835329653986295,0.2200000000000001,0.5,0.001,0.312874130533673,2.0,5.0,0.2848861024529407,0.2848861024529407,-5.58656608937664,-5.58656608937664,-39.65505957411034,4.209819469982947
BAT_0000,NMC_622,SEI_growth,475,69.3821579784337,0.0007695588235294121,0.0,24.625642632805306,30.0,0.05911812573307126,0.05911812573307126,0.30722407654425576,0.30722407654425576,0.30722407654425576,0.30722407654425576,0.22750000000000012,0.6995821674369022,0.001,0.368088161160929,1.0,2.0,0.30884711223113614,0.30884711223113614,-5.87652063872134,-5.87652063872134,-40.314261008952876,3.8482275474564713
BAT_0000,NMC_622,SEI_growth,500,67.43243059824587,0.0007880882352941179,0.0,21.578531389795575,30.0,0.06778005031074917,0.06778005031074917,0.32889022660255957,0.32889022660255957,0.32889022660255957,0.32889022660255957,0.23500000000000013,0.6772550769867883,0.001,0.3954477719192322,1.0,2.0,0.3314941984960538,0.3314941984960538,-7.1862531462570995,-7.1862531462570995,-41.512596882977654,3.4670968658565853
BAT_0001,NMC_622,lithium_plating,0,100.0,0.0,66666.66666666667,27.058311274651288,54.72597482413043,0.03287047202429852,0.03287047202429852,0.11819147004289271,0.11819147004289271,0.11819147004289271,0.11819147004289271,0.085,1.8724110951987685,0.001,0.13429822216207823,1.0,2.0,0.12015273778367139,0.12015273778367139,-10.366490799774226,-10.366490799774226,-33.91521886633142,2.585907495857263
BAT_0001,NMC_622,lithium_plating,25,98.7414427975355,0.0005066176470588235,36993.268802102,26.14319357744548,75.54660435760498,0.03645685417620048,0.03645685417620048,0.15365662221474372,0.15365662221474372,0.15365662221474372,0.15365662221474372,0.08875000000000001,1.7932951334298064,0.001,0.17774769645658905,1.0,2.0,0.15611976713468656,0.15611976713468656,-10.191223419273628,-10.191223419273628,-36.452951163439046,2.4343844801051757
BAT_0001,NMC_622,lithium_plating,50,97.46646998641208,0.0005132352941176471,34032.09051793757,29.39959647792145,59.760013271075664,0.03464760327154879,0.03464760327154879,0.14763223290956354,0.14763223290956354,0.14763223290956354,0.14763223290956354,0.09250000000000001,1.7205939793718414,0.001,0.1674384174548841,1.0,2.0,0.15077121546740835,0.15077121546740835,-11.711950797282034,-11.711950797282034,-33.85003468589419,2.669737334355744
BAT_0001,NMC_622,lithium_plating,75,96.17613167494507,0.0005198529411764706,31116.74551333139,33.08847591864843,60.46562239331211,0.033277967597582385,0.033277967597582385,0.14285094677675275,0.14285094677675275,0.14285094677675275,0.14285094677675275,0.09625000000000002,1.6535578503054058,0.001,0.1598008368841907,1.0,2.0,0.14705923786119174,0.14705923786119174,-13.739960868236185,-13.739960868236185,-32.75942952842877,2.8923040362294388
BAT_0001,NMC_622,lithium_plating,100,94.8714793915246,0.0005264705882352942,28247.502754851197,29.19259267914031,67.26115709885235,0.03888801676380915,0.03888801676380915,0.16165930293287992,0.16165930293287992,0.16165930293287992,0.16165930293287992,0.10000000000000002,1.591549430918953,0.001,0.18970497551276272,1.0,2.0,0.16806352724343268,0.16806352724343268,-15.868029485264115,-15.868029485264115,-31.541408937366384,2.571486239767935
BAT_0001,NMC_622,lithium_plating,125,93.55356468366381,0.0005330882352941177,25424.617889355555,28.37455885655959,78.93390406222908,0.04215343020031272,0.04215343020031272,0.17335646425564882,0.17335646425564882,0.17335646425564882,0.17335646425564882,0.10375000000000002,1.5340235478736899,0.001,0.2127344484004115,1.0,2.0,0.18149298941265102,0.18149298941265102,-17.221190943114834,-17.221190943114834,-31.21722285266067,2.461246914117806
BAT_0001,NMC_622,lithium_plating,150,92.22343773578838,0.0005397058823529412,22648.331499553402,26.193201467841735,74.28406329075435,0.047644395714863265,0.047644395714863265,0.21863819865962125,0.21863819865962125,0.21863819865962125,0.21863819865962125,0.10750000000000003,1.4805110985292587,0.001,0.26069477073859615,1.0,2.0,0.2269128834453683,0.2269128834453683,-15.520741174574125,-15.520741174574125,-35.56081586241767,2.256298949478838
BAT_0001,NMC_622,lithium_plating,175,90.88214600823837,0.0005463235294117648,19918.867525173857,24.927370959529352,72.9933386131942,0.05258244465178301,0.05258244465178301,0.2285977488989169,0.2285977488989169,0.2285977488989169,0.2285977488989169,0.11125000000000003,1.4306062300395084,0.001,0.2664958431847903,1.0,2.0,0.24043046038437407,0.24043046038437407,-18.050218160113406,-18.050218160113406,-36.22812463886696,2.1157251386224334
BAT_0001,NMC_622,lithium_plating,200,89.53073289986907,0.0005529411764705883,17236.431840188732,23.006373963515824,80.0,0.059576066639447534,0.059576066639447534,0.2860960252424624,0.2860960252424624,0.2860960252424624,0.2860960252424624,0.11500000000000003,3.0,0.001,0.3353631626397408,0.1,2.0,0.30053633578330624,0.30053633578330624,-17.833305905308656,-17.833305905308656,-34.87618454997347,1.9303053472122687
BAT_0001,NMC_622,lithium_plating,225,88.17023643655152,0.0005595588235294118,14601.210977279981,23.480204794590254,68.75335327794824,0.06134235470139074,0.06134235470139074,0.280275662958328,0.280275662958328,0.280275662958328,0.280275662958328,0.11875000000000004,2.6805043047056047,0.001,0.3355342420726047,0.5,2.0,0.29322006072273915,0.29322006072273915,-17.088049407243304,-17.088049407243304,-33.37813710072505,1.9358565640015735
BAT_0001,NMC_622,lithium_plating,250,86.80168798777922,0.0005661764705882354,12013.370991402253,22.197912265578587,63.01659849150557,0.06504683034501473,0.06504683034501473,0.2877384417743539,0.2877384417743539,0.2877384417743539,0.2877384417743539,0.12250000000000004,1.2992240252399616,0.001,0.3494078703850147,1.0,1.0,0.3040675058166967,0.3040675058166967,-18.86236904465386,-18.86236904465386,-34.08959269121037,1.8832585592602762
BAT_0001,NMC_622,lithium_plating,275,85.4261110134916,0.0005727941176470589,9473.05645487623,20.224760450756428,80.0,0.07341271630279951,0.07341271630279951,0.30980278825747676,0.30980278825747676,0.30980278825747676,0.30980278825747676,0.12625000000000003,3.0,0.001,0.39615156906890747,0.1,1.0,0.33698490314716867,0.33698490314716867,-23.170609979500618,-23.170609979500618,-33.56519221414753,1.7197293106451317
BAT_0001,NMC_622,lithium_plating,300,84.0445198431231,0.0005794117647058823,6980.389576963722,23.302811334940316,55.489364776511444,0.06891007968983483,0.06891007968983483,0.29723372547111226,0.29723372547111226,0.29723372547111226,0.29723372547111226,0.13000000000000003,3.0,0.001,0.37391215214872514,0.1,1.0,0.31759714963681746,0.31759714963681746,-20.628753301675804,-20.628753301675804,-33.4132225831382,1.8865164658803435
BAT_0001,NMC_622,lithium_plating,325,82.65791848878177,0.000586029411764706,4535.4694413340185,22.689686312048305,45.77074969614925,0.07243670725992085,0.07243670725992085,0.32629292861818127,0.32629292861818127,0.32629292861818127,0.32629292861818127,0.13375000000000004,3.0,0.001,0.3886920570017515,0.1,2.0,0.3529143160876515,0.3529143160876515,-22.396848185731614,-22.396848185731614,-33.367713277093955,1.8464395340344764
BAT_0001,NMC_622,lithium_plating,350,81.26729949435384,0.0005926470588235295,2138.371355237241,25.797206522811376,32.54745119135233,0.06803969283752723,0.06803969283752723,0.30490793703221203,0.30490793703221203,0.30490793703221203,0.30490793703221203,0.13750000000000004,3.0,0.001,0.37095856402740973,0.1,2.0,0.3254501279843995,0.3254501279843995,-20.465862698983273,-20.465862698983273,-34.0828577501627,2.020879199562789
BAT_0001,NMC_622,lithium_plating,375,79.87364282221796,0.0005992647058823531,0.0,28.391444793741684,30.0,0.06532695991472959,0.06532695991472959,0.29613770928239336,0.29613770928239336,0.29613770928239336,0.29613770928239336,0.14125000000000004,3.0,0.001,0.36422356471559025,0.1,1.0,0.31891446032021903,0.31891446032021903,-21.785408117066503,-21.785408117066503,-34.53428276203907,2.1622007236273015
BAT_0001,NMC_622,lithium_plating,400,78.47791477914093,0.0006058823529411766,0.0,30.33088946609697,30.0,0.06361989003810994,0.06361989003810994,0.2869240943794344,0.2869240943794344,0.2869240943794344,0.2869240943794344,0.14500000000000005,3.0,0.001,0.34618383025662813,0.1,1.0,0.3106915881065396,0.3106915881065396,-22.556557728655036,-22.556557728655036,-33.211422727631486,2.2791614369836437
BAT_0001,NMC_622,lithium_plating,425,77.08106698280844,0.0006125,0.0,31.772850661152077,30.0,0.06276351697151289,0.06276351697151289,0.29448303768109946,0.29448303768109946,0.29448303768109946,0.29448303768109946,0.14875000000000005,3.0,0.001,0.3452762906246363,0.1,2.0,0.31309291779162907,0.31309291779162907,-19.853989709643674,-19.853989709643674,-35.49737691079098,2.370007405217823
BAT_0001,NMC_622,lithium_plating,450,75.68403537032825,0.0006191176470588236,0.0,21.95275015640487,30.01729558243983,0.08769038837919625,0.08769038837919625,0.38244582966191926,0.38244582966191926,0.38244582966191926,0.38244582966191926,0.15250000000000005,3.0,0.001,0.47725476715875303,0.1,1.0,0.4248244099608312,0.4248244099608312,-25.809778444365783,-25.809778444365783,-33.09656981961096,1.7390731506462263
BAT_0001,NMC_622,lithium_plating,475,74.28773924992254,0.0006257352941176472,0.0,25.980096140369493,30.0,0.08204860735664556,0.08204860735664556,0.3414931132969587,0.3414931132969587,0.3414931132969587,0.3414931132969587,0.15625000000000006,3.0,0.001,0.41044046660990785,0.1,1.0,0.3782345142193156,0.3782345142193156,-25.46330857656415,-25.46330857656415,-35.30893654747818,1.904358952990133
BAT_0001,NMC_622,lithium_plating,500,72.89308039690631,0.0006323529411764707,0.0,20.992857984792863,30.510673040918217,0.09757355499991896,0.09757355499991896,0.44564511858182915,0.44564511858182915,0.44564511858182915,0.44564511858182915,0.16000000000000006,3.0,0.001,0.5486328383949489,0.1,1.0,0.4820266091121917,0.4820266091121917,-22.40332827853013,-22.40332827853013,-34.58020230893227,1.6397885677131774
BAT_0002,NMC_622,lithium_plating,0,100.0,0.0,66666.66666666667,25.98888682816724,57.236136191777796,0.034722755201743456,0.034722755201743456,0.12871270709851723,0.12871270709851723,0.12871270709851723,0.12871270709851723,0.085,1.8724110951987685,0.001,0.1507882753468049,1.0,2.0,0.13045123582267817,0.13045123582267817,-9.364572819031277,-9.364572819031277,-32.52396001537197,2.447962424241383
BAT_0002,NMC_622,lithium_plating,25,98.7414427975355,0.0005066176470588235,36993.268802102,23.999429293413726,71.99407637719816,0.039476697759770474,0.039476697759770474,0.162114090741371,0.162114090741371,0.162114090741371,0.162114090741371,0.08875000000000001,1.7932951334298064,0.001,0.18056819823952247,1.0,2.0,0.16516726968213324,0.16516726968213324,-11.033747759398821,-11.033747759398821,-32.01884462208798,2.248161701368104
BAT_0002,NMC_622,lithium_plating,50,97.46646998641208,0.0005132352941176471,34032.09051793757,32.93096649137875,53.615864465874786,0.03104471410238973,0.03104471410238973,0.12354922912316223,0.12354922912316223,0.12354922912316223,0.12354922912316223,0.09250000000000001,0.8602969896859207,0.001,0.14842866107057642,2.0,2.0,0.12615645623116906,0.12615645623116906,-11.668717377642231,-11.668717377642231,-32.17245137292262,2.97957325987678
BAT_0002,NMC_622,lithium_plating,75,96.17613167494507,0.0005198529411764706,31116.74551333139,30.694440744917607,71.66421291471718,0.035159620601271875,0.035159620601271875,0.14773237615062879,0.14773237615062879,0.14773237615062879,0.14773237615062879,0.09625000000000002,1.6535578503054058,0.001,0.1754502466000697,1.0,2.0,0.151675028848428,0.151675028848428,-13.092425794783045,-13.092425794783045,-35.15667742185862,2.7375153188233847
BAT_0002,NMC_622,lithium_plating,100,94.8714793915246,0.0005264705882352942,28247.502754851197,30.812410637148062,70.74836916198409,0.037851605553489646,0.037851605553489646,0.15761544699969518,0.15761544699969518,0.15761544699969518,0.15761544699969518,0.10000000000000002,1.591549430918953,0.001,0.17324643798030068,1.0,2.0,0.16283659843813056,0.16283659843813056,-14.548294117009855,-14.548294117009855,-31.438124062211912,2.6418958598383875
BAT_0002,NMC_622,lithium_plating,125,93.55356468366381,0.0005330882352941177,25424.617889355555,27.870273869579794,71.11095408743924,0.04346614028647097,0.04346614028647097,0.18226689796406204,0.18226689796406204,0.18226689796406204,0.18226689796406204,0.10375000000000002,1.5340235478736899,0.001,0.21466958204664144,1.0,2.0,0.18973996093483922,0.18973996093483922,-16.134049077140872,-16.134049077140872,-33.209610429620824,2.386915408550611
BAT_0002,NMC_622,lithium_plating,150,92.22343773578838,0.0005397058823529412,22648.331499553402,26.08864196803127,80.0,0.04868338902663359,0.04868338902663359,0.21231386293779564,0.21231386293779564,0.21231386293779564,0.21231386293779564,0.10750000000000003,1.4805110985292587,0.001,0.25597934237900183,1.0,2.0,0.21990505511682448,0.21990505511682448,-15.098448833912528,-15.098448833912528,-32.84365343250457,2.208145368458001
BAT_0002,NMC_622,lithium_plating,175,90.88214600823837,0.0005463235294117648,19918.867525173857,24.773266062791613,80.0,0.052278306240785326,0.052278306240785326,0.2428154312783817,0.2428154312783817,0.2428154312783817,0.2428154312783817,0.11125000000000003,3.0,0.001,0.2987639527535788,0.1,2.0,0.2551652194564777,0.2551652194564777,-17.89880448096965,-17.89880448096965,-33.4949192494832,2.1280337485992895
BAT_0002,NMC_622,lithium_plating,200,89.53073289986907,0.0005529411764705883,17236.431840188732,21.72186115199052,76.64446216532899,0.06140814745775078,0.06140814745775078,0.2699793345952578,0.2699793345952578,0.2699793345952578,0.2699793345952578,0.11500000000000003,3.0,0.001,0.3182683711076514,0.1,2.0,0.2850923219068711,0.2850923219068711,-18.73947752085536,-18.73947752085536,-33.07228641932841,1.8727156698404037
BAT_0002,NMC_622,lithium_plating,225,88.17023643655152,0.0005595588235294118,14601.210977279981,20.807410163990664,80.0,0.06651012581531413,0.06651012581531413,0.3041230271657337,0.3041230271657337,0.3041230271657337,0.3041230271657337,0.11875000000000004,1.3402521523528024,0.001,0.35466154468337263,1.0,2.0,0.31810520267449455,0.31810520267449455,-17.050745180592006,-17.050745180592006,-34.176379651999234,1.7854424201473627
BAT_0002,NMC_622,lithium_plating,250,86.80168798777922,0.0005661764705882354,12013.370991402253,21.109445315855844,55.55356139841285,0.06790632191250809,0.06790632191250809,0.2645222435884907,0.2645222435884907,0.2645222435884907,0.2645222435884907,0.12250000000000004,3.0,0.001,0.3350979054752746,0.1,1.0,0.2859519291836648,0.2859519291836648,-22.322832130079632,-22.322832130079632,-33.80363278982408,1.8039557518345872
BAT_0002,NMC_622,lithium_plating,275,85.4261110134916,0.0005727941176470589,9473.05645487623,19.807710605911694,39.35831357068294,0.0739220344109686,0.0739220344109686,0.313976058789703,0.313976058789703,0.313976058789703,0.313976058789703,0.12625000000000003,3.0,0.001,0.38625294034065977,0.1,1.0,0.3401290079638445,0.3401290079638445,-22.615125262338644,-22.615125262338644,-31.572792550634393,1.7078804852436118
BAT_0002,NMC_622,lithium_plating,300,84.0445198431231,0.0005794117647058823,6980.389576963722,24.65905924449784,59.1205197688882,0.06481663341752229,0.06481663341752229,0.30775452599616354,0.30775452599616354,0.30775452599616354,0.30775452599616354,0.13000000000000003,3.0,0.001,0.3552613515534339,0.1,2.0,0.3256830552411923,0.3256830552411923,-19.099635887465592,-19.099635887465592,-32.71498534562093,2.005658010075795
BAT_0002,NMC_622,lithium_plating,325,82.65791848878177,0.000586029411764706,4535.4694413340185,22.46803709688272,43.20427312296387,0.07363497170091274,0.07363497170091274,0.3104154725917196,0.3104154725917196,0.3104154725917196,0.3104154725917196,0.13375000000000004,2.3798869995049765,0.001,0.3739142690827104,0.5,1.0,0.3318702966771567,0.3318702966771567,-20.714948114432588,-20.714948114432588,-35.47069046733914,1.8163923596420986
BAT_0002,NMC_622,lithium_plating,350,81.26729949435384,0.0005926470588235295,2138.371355237241,28.22464445455224,33.79944532712455,0.06241019398001332,0.06241019398001332,0.27204694959748843,0.27204694959748843,0.27204694959748843,0.27204694959748843,0.13750000000000004,3.0,0.001,0.31847505088198036,0.1,2.0,0.2936408298819225,0.2936408298819225,-22.110207801624842,-22.110207801624842,-32.367821161300796,2.203165720715978
BAT_0002,NMC_622,lithium_plating,375,79.87364282221796,0.0005992647058823531,0.0,33.60412716495698,30.43901633352763,0.05598453933321619,0.05598453933321619,0.26551070293704937,0.26551070293704937,0.26551070293704937,0.26551070293704937,0.14125000000000004,3.0,0.001,0.3145033188539098,0.1,2.0,0.28220082957845694,0.28220082957845694,-19.803973848290703,-19.803973848290703,-32.411010423968484,2.5230179917939415
BAT_0002,NMC_622,lithium_plating,400,78.47791477914093,0.0006058823529411766,0.0,32.856833678643234,30.0,0.05860810729138391,0.05860810729138391,0.2669692941706691,0.2669692941706691,0.2669692941706691,0.2669692941706691,0.14500000000000005,3.0,0.001,0.32529450997248177,0.1,1.0,0.2895207999241828,0.2895207999241828,-22.763848440094296,-22.763848440094296,-34.11661583341947,2.474060444898837
BAT_0002,NMC_622,lithium_plating,425,77.08106698280844,0.0006125,0.0,26.681184599779726,30.0,0.07321504285923756,0.07321504285923756,0.3273627273482167,0.3273627273482167,0.3273627273482167,0.3273627273482167,0.14875000000000005,3.0,0.001,0.4075299746377914,0.1,1.0,0.35795349318426284,0.35795349318426284,-23.859538669950435,-23.859538669950435,-33.607978780170484,2.031686306405436
BAT_0002,NMC_622,lithium_plating,450,75.68403537032825,0.0006191176470588236,0.0,27.46719831334693,30.0,0.07391233508994441,0.07391233508994441,0.37164212687047093,0.37164212687047093,0.37164212687047093,0.37164212687047093,0.15250000000000005,3.0,0.001,0.44001502020528405,0.1,1.0,0.39322688636663566,0.39322688636663566,-19.0720123573077,-19.0720123573077,-33.69818544547899,2.0632550685135547
BAT_0002,NMC_622,lithium_plating,475,74.28773924992254,0.0006257352941176472,0.0,21.136548164425157,30.0,0.09276617514015562,0.09276617514015562,0.45185977390816034,0.45185977390816034,0.45185977390816034,0.45185977390816034,0.15625000000000006,3.0,0.001,0.5417942147859869,0.1,1.0,0.4825526714259839,0.4825526714259839,-20.545347354958523,-20.545347354958523,-32.179715684571946,1.684342377638509
BAT_0002,NMC_622,lithium_plating,500,72.89308039690631,0.0006323529411764707,0.0,25.622860227917336,30.0,0.08311166694282952,0.08311166694282952,0.39780040508164477,0.39780040508164477,0.39780040508164477,0.39780040508164477,0.16000000000000006,3.0,0.001,0.46302881725241646,0.1,1.0,0.4256685847014887,0.4256685847014887,-20.84752502852896,-20.84752502852896,-32.90424986405096,1.9251208149881067
BAT_0003,NMC_622,SEI_growth,0,100.0,0.0,66666.66666666667,24.639216636475183,63.728484746765304,0.034676945377957374,0.034676945377957374,0.14165485281603815,0.14165485281603815,0.14165485281603815,0.14165485281603815,0.085,1.8724110951987685,0.001,0.15908354962115523,1.0,2.0,0.14345684608156872,0.14345684608156872,-9.090949160706886,-9.090949160706886,-35.3542808502055,2.4511962940666283
BAT_0003,NMC_622,SEI_growth,25,99.07361906437536,0.0003722794117647058,51234.68680140332,26.523688220939825,56.76079263137746,0.035274429590639735,0.035274429590639735,0.14356579257194735,0.14356579257194735,0.14356579257194735,0.14356579257194735,0.0925,1.7205939793718414,0.001,0.15807696641361535,1.0,2.0,0.14527122127221923,0.14527122127221923,-8.788007289394983,-8.788007289394983,-33.24923975183216,2.6222961242311738
BAT_0003,NMC_622,SEI_growth,50,98.04653812831243,0.00039455882352941175,45738.52376911091,28.952256683284414,79.49431546059958,0.0325798103567384,0.0325798103567384,0.1405565918580479,0.1405565918580479,0.1405565918580479,0.1405565918580479,0.1,0.7957747154594768,0.001,0.15285132350198982,2.0,2.0,0.141940628042945,0.141940628042945,-8.007768647978448,-8.007768647978448,-37.10977108464292,3.0693855766817637
BAT_0003,NMC_622,SEI_growth,75,96.92207628054058,0.00041683823529411774,40596.26696337129,29.058666408401496,75.069771733219,0.034314272485484014,0.034314272485484014,0.13790648225144345,0.13790648225144345,0.13790648225144345,0.13790648225144345,0.10750000000000001,1.4805110985292589,0.001,0.163777881921587,1.0,2.0,0.13943844556848967,0.13943844556848967,-8.500979540403314,-8.500979540403314,-34.83192982698572,3.1328072027601865
BAT_0003,NMC_622,SEI_growth,100,95.70383983122177,0.00043911764705882356,35762.26083466445,28.429883626236347,64.24258721451994,0.03601137944673946,0.03601137944673946,0.15854454993786174,0.15854454993786174,0.15854454993786174,0.15854454993786174,0.11500000000000002,1.3839560268860462,0.001,0.19213761994456977,1.0,2.0,0.16017615926063722,0.16017615926063722,-8.18495182996836,-8.18495182996836,-35.33890865483898,3.193435013231973
BAT_0003,NMC_622,SEI_growth,125,94.395703055459,0.00046139705882352944,31200.248853265708,29.35949936692074,64.80998146866224,0.03633201732324946,0.03633201732324946,0.167124144935381,0.167124144935381,0.167124144935381,0.167124144935381,0.12250000000000003,1.2992240252399616,0.001,0.18812920398253047,1.0,2.0,0.16845470302808113,0.16845470302808113,-7.206082925101431,-7.206082925101431,-33.802798138288225,3.3716817568951845
BAT_0003,NMC_622,SEI_growth,150,93.00178768611543,0.0004836764705882353,26881.166392698375,25.244798611887802,70.68251815543857,0.04258830355289,0.04258830355289,0.1869466432002033,0.1869466432002033,0.1869466432002033,0.1869466432002033,0.13000000000000003,1.2242687930145792,0.001,0.22315379975828586,1.0,2.0,0.18871657508443407,0.18871657508443407,-7.8532766765331266,-7.8532766765331266,-38.19930735148405,3.0524812954466314
BAT_0003,NMC_622,SEI_growth,175,91.52644130769522,0.0005059558823529412,22781.51457413966,25.3407192747948,80.0,0.043216453200904094,0.043216453200904094,0.20796014554057377,0.20796014554057377,0.20796014554057377,0.20796014554057377,0.13750000000000004,1.157490495213784,0.001,0.2453204268885808,1.0,2.0,0.20981358594949845,0.20981358594949845,-7.621322927186599,-7.621322927186599,-37.98649963288337,3.1816586002741087
BAT_0003,NMC_622,SEI_growth,200,89.9742148095482,0.0005282352941176472,18882.14384881062,22.5800916548856,80.0,0.048499740532236574,0.048499740532236574,0.25497918137445497,0.25497918137445497,0.25497918137445497,0.25497918137445497,0.14500000000000005,1.0976202971854847,0.001,0.3071530063981972,1.0,2.0,0.2572088346221529,0.2572088346221529,-7.5496632727112205,-7.5496632727112205,-38.17094631384232,2.9897067161343296
BAT_0003,NMC_622,SEI_growth,225,88.34983906168556,0.0005505147058823531,15167.331539858895,20.163126252759334,54.14546434466108,0.054349167283243224,0.054349167283243224,0.24003462254276195,0.24003462254276195,0.24003462254276195,0.24003462254276195,0.15250000000000005,1.0436389710943954,0.001,0.28963069872874325,1.0,2.0,0.24377166553822316,0.24377166553822316,-10.045381752828263,-10.045381752828263,-34.98680117755955,2.8059307552080637
BAT_0003,NMC_622,SEI_growth,250,86.65820098000071,0.0005727941176470589,11624.07359794733,20.940341957632917,64.81886746139472,0.05488812632436861,0.05488812632436861,0.25772926787687217,0.25772926787687217,0.25772926787687217,0.25772926787687217,0.16000000000000006,0.9947183943243456,0.001,0.30161321677508,1.0,2.0,0.2605534800088613,0.2605534800088613,-8.443663491282534,-8.443663491282534,-37.4965412291209,2.9150202550996
BAT_0003,NMC_622,SEI_growth,275,84.90431914967,0.0005950735294117649,8241.534713395775,16.200802894114283,61.48358482754156,0.06581875847671731,0.06581875847671731,0.3111441484850229,0.3111441484850229,0.3111441484850229,0.3111441484850229,0.16750000000000007,0.950178764727733,0.001,0.3846915514907067,1.0,2.0,0.31484906429836884,0.31484906429836884,-8.798373461999603,-8.798373461999603,-39.00871172392092,2.544867206197021
BAT_0003,NMC_622,SEI_growth,300,83.09331917596523,0.0006173529411764708,5010.617054922246,26.077798778373648,49.66058369092812,0.04830334257436239,0.04830334257436239,0.20550411899108853,0.20550411899108853,0.20550411899108853,0.20550411899108853,0.17500000000000007,0.909456817667973,0.001,0.24786519411294922,1.0,2.0,0.20781559994893947,0.20781559994893947,-8.553563556726324,-8.553563556726324,-42.30719841396905,3.622937682430357
BAT_0003,NMC_622,SEI_growth,325,81.23040893066683,0.0006396323529411767,1923.6189742578258,26.895125532358072,38.143266862361045,0.048920486539763025,0.048920486539763025,0.23362784937840217,0.23362784937840217,0.23362784937840217,0.23362784937840217,0.18250000000000008,0.8720818799555906,0.001,0.29355724704869796,1.0,2.0,0.23555136239887584,0.23555136239887584,-7.327205401290293,-7.327205401290293,-39.443230209761516,3.730543437086677
BAT_0003,NMC_622,SEI_growth,350,79.32085385976193,0.0006619117647058825,0.0,28.628611673181005,45.00901536915924,0.04619420056729635,0.04619420056729635,0.20725387281822644,0.20725387281822644,0.20725387281822644,0.20725387281822644,0.19000000000000009,0.8376575952205014,0.001,0.23728979486255158,1.0,5.0,0.2088699919998138,0.2088699919998138,-7.1320884911979645,-7.1320884911979645,-37.68306192513159,4.11307042153929
BAT_0003,NMC_622,SEI_growth,375,77.36995251419701,0.0006841911764705885,0.0,29.611385308618434,31.508192593712366,0.04654381669853731,0.04654381669853731,0.25202802301720467,0.25202802301720467,0.25202802301720467,0.25202802301720467,0.1975000000000001,0.5,0.001,0.28341540562869205,2.0,5.0,0.25335194467709315,0.25335194467709315,-5.859977599933015,-5.859977599933015,-39.49969587426885,4.243313376709107
BAT_0003,NMC_622,SEI_growth,400,75.38301246020157,0.0007064705882352944,0.0,31.96971730393362,40.710684296070966,0.043748454119344096,0.043748454119344096,0.2282545668009049,0.2282545668009049,0.2282545668009049,0.2282545668009049,0.2050000000000001,0.5,0.001,0.25533016820572607,2.0,5.0,0.2294501268568718,0.2294501268568718,-5.85150976077931,-5.85150976077931,-37.60228245255867,4.685879858537812
BAT_0003,NMC_622,SEI_growth,425,73.36532671918471,0.0007287500000000003,0.0,30.25149473156107,30.0,0.048000120417130344,0.048000120417130344,0.24196821806339544,0.24196821806339544,0.24196821806339544,0.24196821806339544,0.2125000000000001,0.5,0.001,0.2755236160392607,2.0,2.0,0.24313604417985246,0.24313604417985246,-5.6179262649412784,-5.6179262649412784,-39.68581002800043,4.427072227180556
BAT_0003,NMC_622,SEI_growth,450,71.32215087952774,0.000751029411764706,0.0,26.99771408545923,30.0,0.05425058968026125,0.05425058968026125,0.2711308727439088,0.2711308727439088,0.2711308727439088,0.2711308727439088,0.2200000000000001,0.7234315595086148,0.001,0.30481010149942045,1.0,5.0,0.2726388361202592,0.2726388361202592,-6.028920322002349,-6.028920322002349,-39.494068383780096,4.055255459832279
BAT_0003,NMC_622,SEI_growth,475,69.3821579784337,0.0007695588235294121,0.0,26.52714295180713,30.0,0.05499748936807607,0.05499748936807607,0.27671721182916104,0.27671721182916104,0.27671721182916104,0.27671721182916104,0.22750000000000012,0.6995821674369022,0.001,0.31438628035871174,1.0,2.0,0.27846081105467263,0.27846081105467263,-6.415134941166465,-6.415134941166465,-40.59537676680497,4.136552461102981
BAT_0003,NMC_622,SEI_growth,500,67.43243059824587,0.0007880882352941179,0.0,20.075310145880305,30.0,0.07100058598281696,0.07100058598281696,0.36831577325609954,0.36831577325609954,0.36831577325609954,0.36831577325609954,0.23500000000000013,0.6772550769867883,0.001,0.45117140226560504,1.0,2.0,0.37199463851396974,0.37199463851396974,-8.064636495237256,-8.064636495237256,-39.75059773950173,3.3098318379636065
BAT_0004,NMC_622,SEI_growth,0,100.0,0.0,66666.66666666667,25.11267257362424,44.87854267651867,0.035340226939179924,0.035340226939179924,0.12744645737605348,0.12744645737605348,0.12744645737605348,0.12744645737605348,0.085,1.8724110951987685,0.001,0.15029346230112545,1.0,2.0,0.12935526374354808,0.12935526374354808,-9.855122210937122,-9.855122210937122,-32.54454754669117,2.4051911196349676
BAT_0004,NMC_622,SEI_growth,25,99.07361906437536,0.0003722794117647058,51234.68680140332,25.47175362880511,47.612246794346504,0.036100057911762955,0.036100057911762955,0.1415964336806511,0.1415964336806511,0.1415964336806511,0.1415964336806511,0.0925,1.7205939793718414,0.001,0.15707803823697572,1.0,2.0,0.143454817999041,0.143454817999041,-9.232467405188729,-9.232467405188729,-32.15253996910101,2.562322759317777
BAT_0004,NMC_622,SEI_growth,50,98.04653812831243,0.00039455882352941175,45738.52376911091,28.20280457502371,59.455214046185304,0.03357510960326234,0.03357510960326234,0.14721113252670992,0.14721113252670992,0.14721113252670992,0.14721113252670992,0.1,1.5915494309189535,0.001,0.1722115800941838,1.0,2.0,0.14873478221695316,0.14873478221695316,-8.208151556446087,-8.208151556446087,-35.22831396130297,2.978396829724227
BAT_0004,NMC_622,SEI_growth,75,96.92207628054058,0.00041683823529411774,40596.26696337129,29.855525691238654,74.95571835404658,0.03305411574706871,0.03305411574706871,0.13784246886226664,0.13784246886226664,0.13784246886226664,0.13784246886226664,0.10750000000000001,1.4805110985292589,0.001,0.1708405161960834,1.0,2.0,0.1396738730869775,0.1396738730869775,-9.288548051289197,-9.288548051289197,-32.47145744610941,3.252242499015672
BAT_0004,NMC_622,SEI_growth,100,95.70383983122177,0.00043911764705882356,35762.26083466445,29.49282344671029,70.10574337580917,0.03426309791496931,0.03426309791496931,0.15855472645453902,0.15855472645453902,0.15855472645453902,0.15855472645453902,0.11500000000000002,1.3839560268860462,0.001,0.17266956712160045,1.0,2.0,0.15994822390820734,0.15994822390820734,-7.568622039624848,-7.568622039624848,-34.87589157972484,3.3563806835387564
BAT_0004,NMC_622,SEI_growth,125,94.395703055459,0.00046139705882352944,31200.248853265708,28.298564706388436,80.0,0.037133813204585454,0.037133813204585454,0.17590532406676443,0.17590532406676443,0.17590532406676443,0.17590532406676443,0.12250000000000003,1.2992240252399616,0.001,0.20591811610613692,1.0,2.0,0.1773180797582945,0.1773180797582945,-7.237414122151809,-7.237414122151809,-37.83270105431438,3.2988801695397436
BAT_0004,NMC_622,SEI_growth,150,93.00178768611543,0.0004836764705882353,26881.166392698375,28.39893948780907,75.18139517908689,0.038157700251822434,0.038157700251822434,0.17030124108456077,0.17030124108456077,0.17030124108456077,0.17030124108456077,0.13000000000000003,1.2242687930145792,0.001,0.19150787086052512,1.0,2.0,0.17191603596052066,0.17191603596052066,-7.859205514938051,-7.859205514938051,-38.10450012418782,3.406913916249215
BAT_0004,NMC_622,SEI_growth,175,91.52644130769522,0.0005059558823529412,22781.51457413966,23.93485229630897,78.77589241803096,0.044565491138053,0.044565491138053,0.20245386984172,0.20245386984172,0.20245386984172,0.20245386984172,0.13750000000000004,1.157490495213784,0.001,0.2311076177969214,1.0,2.0,0.2044801023639304,0.2044801023639304,-8.072648133223941,-8.072648133223941,-38.762021424802086,3.0853469015758996
BAT_0004,NMC_622,SEI_growth,200,89.9742148095482,0.0005282352941176472,18882.14384881062,24.612173336127825,68.62820853305917,0.046341950844948014,0.046341950844948014,0.22331274223671221,0.22331274223671221,0.22331274223671221,0.22331274223671221,0.14500000000000005,1.0976202971854847,0.001,0.26095179597091434,1.0,2.0,0.22516022873788968,0.22516022873788968,-7.344797569720078,-7.344797569720078,-37.89044991591191,3.128914457769472
BAT_0004,NMC_622,SEI_growth,225,88.34983906168556,0.0005505147058823531,15167.331539858895,22.401561975774694,75.43932889861131,0.05090501878527674,0.05090501878527674,0.25974373825752056,0.25974373825752056,0.25974373825752056,0.25974373825752056,0.15250000000000005,1.0436389710943954,0.001,0.2916934274757258,1.0,2.0,0.2620445247641242,0.2620445247641242,-7.598126549711686,-7.598126549711686,-34.822956741867735,2.995775340802106
BAT_0004,NMC_622,SEI_growth,250,86.65820098000071,0.0005727941176470589,11624.07359794733,19.834143690848467,64.73710214490436,0.056491671013194605,0.056491671013194605,0.26342681705410464,0.26342681705410464,0.26342681705410464,0.26342681705410464,0.16000000000000006,0.9947183943243456,0.001,0.32841264598598524,1.0,2.0,0.2668849078090413,0.2668849078090413,-9.233447239068015,-9.233447239068015,-39.79658847987569,2.832275929006053
BAT_0004,NMC_622,SEI_growth,275,84.90431914967,0.0005950735294117649,8241.534713395775,23.802362581826955,48.9938906454244,0.04974732068015326,0.04974732068015326,0.22943826528470454,0.22943826528470454,0.22943826528470454,0.22943826528470454,0.16750000000000007,0.950178764727733,0.001,0.27730231699915975,1.0,2.0,0.2318986907002918,0.2318986907002918,-8.353689309209939,-8.353689309209939,-40.84913417483227,3.367015503748011
BAT_0004,NMC_622,SEI_growth,300,83.09331917596523,0.0006173529411764708,5010.617054922246,22.018325724597158,50.24261170358677,0.05470902463530597,0.05470902463530597,0.26008003781016403,0.26008003781016403,0.26008003781016403,0.26008003781016403,0.17500000000000007,0.909456817667973,0.001,0.3080544767779481,1.0,2.0,0.2627749015968608,0.2627749015968608,-8.212699904075068,-8.212699904075068,-40.503482365620734,3.198740996875046
BAT_0004,NMC_622,SEI_growth,325,81.23040893066683,0.0006396323529411767,1923.6189742578258,24.471290757419787,60.41569224683323,0.05192104841581631,0.05192104841581631,0.2399927364046996,0.2399927364046996,0.2399927364046996,0.2399927364046996,0.18250000000000008,0.8720818799555906,0.001,0.2659177207601121,1.0,2.0,0.2419207520281088,0.2419207520281088,-7.2384436045512395,-7.2384436045512395,-40.966380359357196,3.5149521353734166
BAT_0004,NMC_622,SEI_growth,350,79.32085385976193,0.0006619117647058825,0.0,32.27059824413401,31.683547174097086,0.04175572072324356,0.04175572072324356,0.21075466353024971,0.21075466353024971,0.21075466353024971,0.21075466353024971,0.19000000000000009,0.8376575952205014,0.001,0.24624960460647521,1.0,5.0,0.21202730435030712,0.21202730435030712,-6.280758965665379,-6.280758965665379,-38.711647818062424,4.550274709885094
BAT_0004,NMC_622,SEI_growth,375,77.36995251419701,0.0006841911764705885,0.0,29.598277365135655,30.0,0.04691793873229161,0.04691793873229161,0.24421135783411416,0.24421135783411416,0.24421135783411416,0.24421135783411416,0.1975000000000001,0.8058478131235204,0.001,0.2688098259996085,1.0,2.0,0.24561661835301762,0.24561661835301762,-6.131891464656362,-6.131891464656362,-39.487285829773796,4.209477341426112
BAT_0004,NMC_622,SEI_growth,400,75.38301246020157,0.0007064705882352944,0.0,32.429085920874364,33.032795440787694,0.04278810517701716,0.04278810517701716,0.21864751933238424,0.21864751933238424,0.21864751933238424,0.21864751933238424,0.2050000000000001,0.5,0.001,0.24231311782158094,2.0,5.0,0.21983216012608608,0.21983216012608608,-5.950871604360962,-5.950871604360962,-40.360581227821015,4.7910511379716825
BAT_0004,NMC_622,SEI_growth,425,73.36532671918471,0.0007287500000000003,0.0,30.08635775404403,30.0,0.04883086980068402,0.04883086980068402,0.24222317641091534,0.24222317641091534,0.24222317641091534,0.24222317641091534,0.2125000000000001,0.7489644380795071,0.001,0.26267749843881194,1.0,5.0,0.2436021055148486,0.2436021055148486,-6.09920395911103,-6.09920395911103,-39.470130113772626,4.351755372521
BAT_0004,NMC_622,SEI_growth,450,71.32215087952774,0.000751029411764706,0.0,24.006001045353162,30.0,0.059096754224478416,0.059096754224478416,0.30844411045734704,0.30844411045734704,0.30844411045734704,0.30844411045734704,0.2200000000000001,0.7234315595086148,0.001,0.37333965545863373,1.0,2.0,0.3102895407232061,0.3102895407232061,-6.251991253237491,-6.251991253237491,-41.039133832001866,3.7227086815010577
BAT_0004,NMC_622,SEI_growth,475,69.3821579784337,0.0007695588235294121,0.0,27.033593277678364,30.0,0.05415206628140779,0.05415206628140779,0.2846843419269022,0.2846843419269022,0.2846843419269022,0.2846843419269022,0.22750000000000012,0.6995821674369022,0.001,0.33844843374833405,1.0,2.0,0.28628401462573505,0.28628401462573505,-6.059783117221388,-6.059783117221388,-40.68487089349586,4.201132396643348
BAT_0004,NMC_622,SEI_growth,500,67.43243059824587,0.0007880882352941179,0.0,25.397490584548926,30.0,0.05936225115990584,0.05936225115990584,0.2880077039113709,0.2880077039113709,0.2880077039113709,0.2880077039113709,0.23500000000000013,0.6772550769867883,0.001,0.343285616604592,1.0,2.0,0.2901415009730722,0.2901415009730722,-6.953056871798989,-6.953056871798989,-40.17388405880504,3.958744747852869
BAT_0005,NMC_622,lithium_plating,0,100.0,0.0,66666.66666666667,26.56426000306292,42.09100618332447,0.033052060212660585,0.033052060212660585,0.13140730609059662,0.13140730609059662,0.13140730609059662,0.13140730609059662,0.085,1.8724110951987685,0.001,0.1416395201811075,1.0,2.0,0.1330406241143622,0.1330406241143622,-8.987236859536315,-8.987236859536315,-34.52233447988445,2.571700506809581
BAT_0005,NMC_622,lithium_plating,25,98.7414427975355,0.0005066176470588235,36993.268802102,27.149662332821503,62.00017487689353,0.03486633509684163,0.03486633509684163,0.14166167913579,0.14166167913579,0.14166167913579,0.14166167913579,0.08875000000000001,1.7932951334298064,0.001,0.16151980003606523,1.0,2.0,0.1443494367033457,0.1443494367033457,-11.073918308055585,-11.073918308055585,-33.552621431110246,2.5454352960669913
BAT_0005,NMC_622,lithium_plating,50,97.46646998641208,0.0005132352941176471,34032.09051793757,26.921316299892023,72.58434802568094,0.0376446434134987,0.0376446434134987,0.152686518565438,0.152686518565438,0.152686518565438,0.152686518565438,0.09250000000000001,1.7205939793718414,0.001,0.17618587549750017,1.0,2.0,0.15654427395968698,0.15654427395968698,-12.746246276164042,-12.746246276164042,-36.597464219285655,2.457188901591007
BAT_0005,NMC_622,lithium_plating,75,96.17613167494507,0.0005198529411764706,31116.74551333139,28.93834090548617,80.0,0.037695344763327025,0.037695344763327025,0.14295428679208913,0.14295428679208913,0.14295428679208913,0.14295428679208913,0.09625000000000002,1.6535578503054058,0.001,0.15915324164306005,1.0,2.0,0.14733529197194023,0.14733529197194023,-14.007259603657108,-14.007259603657108,-33.910441163290606,2.553365690228135
BAT_0005,NMC_622,lithium_plating,100,94.8714793915246,0.0005264705882352942,28247.502754851197,28.117125780147546,80.0,0.04094235870039171,0.04094235870039171,0.19017029982465983,0.19017029982465983,0.19017029982465983,0.19017029982465983,0.10000000000000002,1.591549430918953,0.001,0.22016726597594682,1.0,2.0,0.19524264332445154,0.19524264332445154,-13.088785967213111,-13.088785967213111,-33.94737152577885,2.442458206469753
BAT_0005,NMC_622,lithium_plating,125,93.55356468366381,0.0005330882352941177,25424.617889355555,24.450223614343603,80.0,0.04762665160910271,0.04762665160910271,0.20313672710404956,0.20313672710404956,0.20313672710404956,0.20313672710404956,0.10375000000000002,1.5340235478736899,0.001,0.24626480413062446,1.0,2.0,0.2102935598121023,0.2102935598121023,-14.990789802176467,-14.990789802176467,-35.38575477483682,2.1784021444869044
BAT_0005,NMC_622,lithium_plating,150,92.22343773578838,0.0005397058823529412,22648.331499553402,27.015551208742718,80.0,0.04653245030674511,0.04653245030674511,0.21484452501768356,0.21484452501768356,0.21484452501768356,0.21484452501768356,0.10750000000000003,1.4805110985292587,0.001,0.24767842198088058,1.0,2.0,0.22289407390056198,0.22289407390056198,-15.44507005202661,-15.44507005202661,-34.199234252797034,2.310215758924205
BAT_0005,NMC_622,lithium_plating,175,90.88214600823837,0.0005463235294117648,19918.867525173857,25.203862978665462,65.80214711358306,0.05318820755616611,0.05318820755616611,0.22229613360439401,0.22229613360439401,0.22229613360439401,0.22229613360439401,0.11125000000000003,3.0,0.001,0.26624472451131026,0.1,2.0,0.2348219774421746,0.2348219774421746,-18.79842329119804,-18.79842329119804,-34.004015314168015,2.0916290492121092
BAT_0005,NMC_622,lithium_plating,200,89.53073289986907,0.0005529411764705883,17236.431840188732,23.11601918079965,79.70897002531444,0.057837453387600504,0.057837453387600504,0.23322684421238307,0.23322684421238307,0.23322684421238307,0.23322684421238307,0.11500000000000003,1.383956026886046,0.001,0.28007206849005195,1.0,1.0,0.24785965870797233,0.24785965870797233,-19.78603432931427,-19.78603432931427,-32.80768828542667,1.9883309735185253
BAT_0005,NMC_622,lithium_plating,225,88.17023643655152,0.0005595588235294118,14601.210977279981,17.28181502782614,75.5275363307471,0.07553240277206415,0.07553240277206415,0.3352778950387584,0.3352778950387584,0.3352778950387584,0.3352778950387584,0.11875000000000004,2.6805043047056047,0.001,0.41943426235123105,0.5,1.0,0.3512213399527203,0.3512213399527203,-17.32985726484151,-17.32985726484151,-34.52579508688753,1.5721729435558223
BAT_0005,NMC_622,lithium_plating,250,86.80168798777922,0.0005661764705882354,12013.370991402253,19.380937136635367,77.08890164329276,0.0730337965152525,0.0730337965152525,0.35151102957180974,0.35151102957180974,0.35151102957180974,0.35151102957180974,0.12250000000000004,3.0,0.001,0.4101341071281099,0.1,2.0,0.3737616995814549,0.3737616995814549,-19.86964972507556,-19.86964972507556,-32.90627620188482,1.6773056563534516
BAT_0005,NMC_622,lithium_plating,275,85.4261110134916,0.0005727941176470589,9473.05645487623,22.60850478240533,50.953274772470536,0.06883488292920203,0.06883488292920203,0.2944348723816273,0.2944348723816273,0.2944348723816273,0.2944348723816273,0.12625000000000003,2.5212664252181436,0.001,0.348399584757914,0.5,1.0,0.31104386373258563,0.31104386373258563,-18.808326952695566,-18.808326952695566,-34.17095629348969,1.8340991460659637
BAT_0005,NMC_622,lithium_plating,300,84.0445198431231,0.0005794117647058823,6980.389576963722,21.63293625737134,56.22040033727009,0.07290743277635457,0.07290743277635457,0.33204396363201033,0.33204396363201033,0.33204396363201033,0.33204396363201033,0.13000000000000003,3.0,0.001,0.4180308369809369,0.1,2.0,0.3525793492926209,0.3525793492926209,-19.651305068479232,-19.651305068479232,-33.44750120069801,1.7830829457234953
BAT_0005,NMC_622,lithium_plating,325,82.65791848878177,0.000586029411764706,4535.4694413340185,27.477001164680242,74.90069040882229,0.0625278897739806,0.0625278897739806,0.286207390481949,0.286207390481949,0.286207390481949,0.286207390481949,0.13375000000000004,3.0,0.001,0.3330903550698702,0.1,2.0,0.30507524238642564,0.30507524238642564,-20.256271022318845,-20.256271022318845,-33.644179937347495,2.139045480080422
BAT_0005,NMC_622,lithium_plating,350,81.26729949435384,0.0005926470588235295,2138.371355237241,29.55225504314206,32.49450642320091,0.06178460518732451,0.06178460518732451,0.26471786520915186,0.26471786520915186,0.26471786520915186,0.26471786520915186,0.13750000000000004,3.0,0.001,0.31831398013679657,0.2,2.0,0.2818239414174133,0.2818239414174133,-20.065291619699064,-20.065291619699064,-33.19594472374387,2.2254734748747573
BAT_0005,NMC_622,lithium_plating,375,79.87364282221796,0.0005992647058823531,0.0,32.949284146099295,30.0,0.05645027517703335,0.05645027517703335,0.2560383732552916,0.2560383732552916,0.2560383732552916,0.2560383732552916,0.14125000000000004,3.0,0.001,0.3066524863300328,0.1,2.0,0.27431796240974177,0.27431796240974177,-21.034655001666515,-21.034655001666515,-31.747877302059834,2.5022021514868937
BAT_0005,NMC_622,lithium_plating,400,78.47791477914093,0.0006058823529411766,0.0,28.917225883287426,30.0,0.06640149533955161,0.06640149533955161,0.31325183206494894,0.31325183206494894,0.31325183206494894,0.31325183206494894,0.14500000000000005,3.0,0.001,0.3711798545752074,0.1,1.0,0.33451984003457264,0.33451984003457264,-20.540847165651527,-20.540847165651527,-34.76883857628985,2.183685762775763
BAT_0005,NMC_622,lithium_plating,425,77.08106698280844,0.0006125,0.0,27.299716123343504,30.0,0.0719597861222499,0.0719597861222499,0.3382780757221651,0.3382780757221651,0.3382780757221651,0.3382780757221651,0.14875000000000005,3.0,0.001,0.37464906668924397,0.1,1.0,0.3654339444933285,0.3654339444933285,-22.227563644499433,-22.227563644499433,-32.55750638273913,2.067126766431657
BAT_0005,NMC_622,lithium_plating,450,75.68403537032825,0.0006191176470588236,0.0,30.773887299332692,30.0,0.06705666760855748,0.06705666760855748,0.31096218553603344,0.31096218553603344,0.31096218553603344,0.31096218553603344,0.15250000000000005,3.0,0.001,0.3750459585525385,0.1,1.0,0.33420606441049594,0.33420606441049594,-21.49485773534381,-21.49485773534381,-34.380713758705724,2.2741959217272325
BAT_0005,NMC_622,lithium_plating,475,74.28773924992254,0.0006257352941176472,0.0,26.77493120160475,30.0,0.07843592340052255,0.07843592340052255,0.31519143688258755,0.31519143688258755,0.31519143688258755,0.31519143688258755,0.15625000000000006,3.0,0.001,0.3972921577849633,0.1,1.0,0.34885056610468806,0.34885056610468806,-25.376092906157428,-25.376092906157428,-35.66128030720425,1.992071913300878
BAT_0005,NMC_622,lithium_plating,500,72.89308039690631,0.0006323529411764707,0.0,20.72170896679975,30.0,0.09795746472312165,0.09795746472312165,0.40309118423373524,0.40309118423373524,0.40309118423373524,0.40309118423373524,0.16000000000000006,3.0,0.001,0.5059524323414158,0.1,1.0,0.4459139852318794,0.4459139852318794,-25.315590435690595,-25.315590435690595,-34.58143566213038,1.6333619949458944
BAT_0006,NMC_622,SEI_growth,0,100.0,0.0,66666.66666666667,21.557648349420553,40.83858483418656,0.039680062475412406,0.039680062475412406,0.13863244698121957,0.13863244698121957,0.13863244698121957,0.13863244698121957,0.085,1.8724110951987685,0.001,0.16943639750407702,1.0,2.0,0.14106145739025255,0.14106145739025255,-10.648129073002075,-10.648129073002075,-32.30629112533174,2.1421337240250042
BAT_0006,NMC_622,SEI_growth,25,99.07361906437536,0.0003722794117647058,51234.68680140332,26.576875202651504,60.26687507228041,0.03484551121761372,0.03484551121761372,0.1407712629406677,0.1407712629406677,0.1407712629406677,0.1407712629406677,0.0925,1.7205939793718414,0.001,0.15830018954510083,1.0,2.0,0.14243076120573958,0.14243076120573958,-8.754809708029669,-8.754809708029669,-36.38551223635875,2.6545743416513017
BAT_0006,NMC_622,SEI_growth,50,98.04653812831243,0.00039455882352941175,45738.52376911091,27.401955595594416,73.85205084169667,0.03425281928923302,0.03425281928923302,0.15768967299166095,0.15768967299166095,0.15768967299166095,0.15768967299166095,0.1,1.5915494309189535,0.001,0.17520325025759542,1.0,2.0,0.1593531855219444,0.1593531855219444,-8.286074323255232,-8.286074323255232,-35.101248854822735,2.9194677131710978
BAT_0006,NMC_622,SEI_growth,75,96.92207628054058,0.00041683823529411774,40596.26696337129,28.464615424169104,66.7038402068272,0.034583670617545345,0.034583670617545345,0.15504840890062527,0.15504840890062527,0.15504840890062527,0.15504840890062527,0.10750000000000001,1.4805110985292589,0.001,0.17554569728858074,1.0,2.0,0.15628725626018652,0.15628725626018652,-7.218916898694128,-7.218916898694128,-36.86250785833968,3.108403419313796
BAT_0006,NMC_622,SEI_growth,100,95.70383983122177,0.00043911764705882356,35762.26083466445,31.040632821821514,80.0,0.03352895747812563,0.03352895747812563,0.14774637944201652,0.14774637944201652,0.14774637944201652,0.14774637944201652,0.11500000000000002,1.3839560268860462,0.001,0.17101180341790062,1.0,2.0,0.1493811100875151,0.1493811100875151,-8.484177410612142,-8.484177410612142,-34.76879691920375,3.4298710323763064
BAT_0006,NMC_622,SEI_growth,125,94.395703055459,0.00046139705882352944,31200.248853265708,25.51932004782644,80.0,0.0407994971525751,0.0407994971525751,0.17830327689749959,0.17830327689749959,0.17830327689749959,0.17830327689749959,0.12250000000000003,1.2992240252399616,0.001,0.21461594047539007,1.0,2.0,0.1800786472344262,0.1800786472344262,-8.052086856278674,-8.052086856278674,-39.74387787846923,3.0024879851311677
BAT_0006,NMC_622,SEI_growth,150,93.00178768611543,0.0004836764705882353,26881.166392698375,29.651221549735517,80.0,0.03702286614519971,0.03702286614519971,0.15516982690768696,0.15516982690768696,0.15516982690768696,0.15516982690768696,0.13000000000000003,1.2242687930145792,0.001,0.19166994219286193,1.0,2.0,0.15663759209183967,0.15663759209183967,-7.8497826905898895,-7.8497826905898895,-38.251286152605566,3.5113434894574067
BAT_0006,NMC_622,SEI_growth,175,91.52644130769522,0.0005059558823529412,22781.51457413966,23.802681819807564,76.47035628264483,0.04587219718025556,0.04587219718025556,0.20032263366061592,0.20032263366061592,0.20032263366061592,0.20032263366061592,0.13750000000000004,1.157490495213784,0.001,0.242492616823478,1.0,2.0,0.20267610148478366,0.20267610148478366,-8.740004181206869,-8.740004181206869,-37.417169833452434,2.9974583397366277
BAT_0006,NMC_622,SEI_growth,200,89.9742148095482,0.0005282352941176472,18882.14384881062,24.76816208422049,72.67117266745392,0.04504121774868376,0.04504121774868376,0.19538922619692856,0.19538922619692856,0.19538922619692856,0.19538922619692856,0.14500000000000005,1.0976202971854847,0.001,0.2465429110530385,1.0,2.0,0.19767849410775412,0.19767849410775412,-8.728231229356417,-8.728231229356417,-39.74894624660457,3.219273528727748
BAT_0006,NMC_622,SEI_growth,225,88.34983906168556,0.0005505147058823531,15167.331539858895,23.4218581293756,67.47546816358555,0.04957592900720291,0.04957592900720291,0.22763343692028257,0.22763343692028257,0.22763343692028257,0.22763343692028257,0.15250000000000005,1.0436389710943954,0.001,0.26858866801699166,1.0,2.0,0.22990031128376628,0.22990031128376628,-8.052654707777934,-8.052654707777934,-37.9379730955645,3.0760896074755
BAT_0006,NMC_622,SEI_growth,250,86.65820098000071,0.0005727941176470589,11624.07359794733,24.636467859093838,73.52152271147804,0.04759846669580092,0.04759846669580092,0.2409872673551326,0.2409872673551326,0.2409872673551326,0.2409872673551326,0.16000000000000006,0.9947183943243456,0.001,0.2749953688665633,1.0,2.0,0.24273681390451313,0.24273681390451313,-6.883253341663536,-6.883253341663536,-40.39942467776556,3.3614528178512746
BAT_0006,NMC_622,SEI_growth,275,84.90431914967,0.0005950735294117649,8241.534713395775,18.929476007799888,48.976903311268416,0.05955942194317772,0.05955942194317772,0.3028608206398842,0.3028608206398842,0.3028608206398842,0.3028608206398842,0.16750000000000007,0.950178764727733,0.001,0.3657116569160238,1.0,2.0,0.3061993090441312,0.3061993090441312,-8.468487418828524,-8.468487418828524,-37.673194151019246,2.8123174224189476
BAT_0006,NMC_622,SEI_growth,300,83.09331917596523,0.0006173529411764708,5010.617054922246,22.02315389067153,54.21454391190845,0.055228115175353115,0.055228115175353115,0.2562024081378647,0.2562024081378647,0.2562024081378647,0.2562024081378647,0.17500000000000007,0.909456817667973,0.001,0.31691155755016337,1.0,2.0,0.25852207414018274,0.25852207414018274,-7.6811600590430835,-7.6811600590430835,-38.270771173592095,3.168675944206368
BAT_0006,NMC_622,SEI_growth,325,81.23040893066683,0.0006396323529411767,1923.6189742578258,27.397805011909014,34.106473132241554,0.04783944026961969,0.04783944026961969,0.24087895579040017,0.24087895579040017,0.24087895579040017,0.24087895579040017,0.18250000000000008,0.8720818799555906,0.001,0.2821512544706415,1.0,2.0,0.24248939035874517,0.24248939035874517,-6.606986962747729,-6.606986962747729,-39.818405198947616,3.8148439649678805
BAT_0006,NMC_622,SEI_growth,350,79.32085385976193,0.0006619117647058825,0.0,26.515926847473906,34.27056139250688,0.04907468567900221,0.04907468567900221,0.2371770600248844,0.2371770600248844,0.2371770600248844,0.2371770600248844,0.19000000000000009,0.8376575952205014,0.001,0.279348460630942,1.0,2.0,0.23899660997771663,0.23899660997771663,-7.074563853377604,-7.074563853377604,-41.948569326280335,3.871649861250078
BAT_0006,NMC_622,SEI_growth,375,77.36995251419701,0.0006841911764705885,0.0,26.27432403159461,36.17784127531839,0.05213801830732481,0.05213801830732481,0.26616978329200663,0.26616978329200663,0.26616978329200663,0.26616978329200663,0.1975000000000001,0.8058478131235204,0.001,0.31195822800759815,1.0,2.0,0.2679261762744211,0.2679261762744211,-6.5641491626778405,-6.5641491626778405,-38.32040004212912,3.788022759818885
BAT_0006,NMC_622,SEI_growth,400,75.38301246020157,0.0007064705882352944,0.0,29.39474593600577,30.0,0.04729087897740928,0.04729087897740928,0.22338202848984595,0.22338202848984595,0.22338202848984595,0.22338202848984595,0.2050000000000001,0.5,0.001,0.269226698742991,2.0,2.0,0.22498330392714977,0.22498330392714977,-6.839957870999037,-6.839957870999037,-37.50450365025705,4.334873963707209
BAT_0006,NMC_622,SEI_growth,425,73.36532671918471,0.0007287500000000003,0.0,29.394465524534755,30.0,0.049246567444972134,0.049246567444972134,0.2334814064075024,0.2334814064075024,0.2334814064075024,0.2334814064075024,0.2125000000000001,0.5,0.001,0.2616284233299572,2.0,2.0,0.23506654693203347,0.23506654693203347,-6.657642239223638,-6.657642239223638,-39.71963445952504,4.315021554293028
BAT_0006,NMC_622,SEI_growth,450,71.32215087952774,0.000751029411764706,0.0,28.84163678149972,30.0,0.05089878722073007,0.05089878722073007,0.2757271004635663,0.2757271004635663,0.2757271004635663,0.2757271004635663,0.2200000000000001,0.5,0.001,0.3270461841283958,2.0,2.0,0.2770801380575366,0.2770801380575366,-5.664567439648716,-5.664567439648716,-40.19977299020687,4.32230337917361
BAT_0006,NMC_622,SEI_growth,475,69.3821579784337,0.0007695588235294121,0.0,26.67179700093259,30.0,0.05596733872545369,0.05596733872545369,0.28562567367326114,0.28562567367326114,0.28562567367326114,0.28562567367326114,0.22750000000000012,0.6995821674369022,0.001,0.33360464958041247,1.0,5.0,0.2873990773588821,0.2873990773588821,-6.368282500231782,-6.368282500231782,-38.20692925463144,4.064870783225827
BAT_0006,NMC_622,SEI_growth,500,67.43243059824587,0.0007880882352941179,0.0,26.36594604925113,30.0,0.05690842590562845,0.05690842590562845,0.3293943672769814,0.3293943672769814,0.3293943672769814,0.3293943672769814,0.23500000000000013,0.5,0.001,0.38198965510847993,2.0,2.0,0.33095648740654204,0.33095648740654204,-5.569040374639325,-5.569040374639325,-41.271381716518874,4.1294412252713135
BAT_0007,NMC_622,electrode_cracking,0,100.0,0.0,66666.66666666667,25.017567309796295,47.623166830390154,0.035054899252087414,0.035054899252087414,0.13503848346893704,0.13503848346893704,0.13503848346893704,0.13503848346893704,0.085,1.8724110951987685,0.001,0.16309034691910645,1.0,2.0,0.1369308630389309,0.1369308630389309,-9.536576922910552,-9.536576922910552,-32.93155021276132,2.4247680584886724
BAT_0007,NMC_622,electrode_cracking,25,98.97846773430179,0.00041071428571428574,46208.44317916957,23.248154990988393,57.20177013759299,0.04289702313718546,0.04289702313718546,0.13914547719803724,0.13914547719803724,0.13914547719803724,0.13914547719803724,0.085,1.8724110951987685,0.001,0.16140118991403257,1.0,2.0,0.14133031262227702,0.14133031262227702,-10.087659386423848,-10.087659386423848,-32.29143982257979,1.9814894783763541
BAT_0007,NMC_622,electrode_cracking,50,97.91490228556528,0.0004214285714285714,42509.937626765066,27.220175892851408,65.74201183030958,0.0419581892227228,0.0419581892227228,0.12932079532289498,0.12932079532289498,0.12932079532289498,0.12932079532289498,0.085,0.9362055475993842,0.001,0.14983020863494956,2.0,2.0,0.130593455197849,0.130593455197849,-8.005462405575326,-8.005462405575326,-27.6169221595429,2.02582622307179
BAT_0007,NMC_622,electrode_cracking,75,96.81088842658066,0.0004321428571428571,38901.22941688087,29.719114511666422,75.6427502570789,0.0437310530949783,0.0437310530949783,0.13761828283962982,0.13761828283962982,0.13761828283962982,0.13761828283962982,0.085,0.9362055475993842,0.001,0.15155046067401193,2.0,5.0,0.13873378397461222,0.13873378397461222,-7.270645183424895,-7.270645183424895,-26.96131755243285,1.9436989046522797
BAT_0007,NMC_622,electrode_cracking,100,95.66805811122514,0.00044285714285714284,35379.48605760515,31.039709863332725,78.4999077121076,0.04641517749995532,0.04641517749995532,0.13756339356464234,0.13756339356464234,0.13756339356464234,0.13756339356464234,0.085,0.9362055475993842,0.001,0.15163509790928092,2.0,2.0,0.13852843748295698,0.13852843748295698,-6.766968367818644,-6.766968367818644,-25.27305219953187,1.8312975319351483
BAT_0007,NMC_622,electrode_cracking,125,94.48808646668081,0.00045357142857142856,31942.23787929628,27.59108212286892,80.0,0.05579768688725268,0.05579768688725268,0.15812069396763123,0.15812069396763123,0.15812069396763123,0.15812069396763123,0.085,0.9362055475993842,0.001,0.16305990875729964,2.0,5.0,0.1592946819024086,0.1592946819024086,-6.960427203752489,-6.960427203752489,-24.954694185347776,1.5233606398730262
BAT_0007,NMC_622,electrode_cracking,150,93.2726877169743,0.0004642857142857143,28587.327390406193,26.287529500574223,74.85476300542106,0.06206221148563714,0.06206221148563714,0.15967594054778278,0.15967594054778278,0.15967594054778278,0.15967594054778278,0.085,0.9362055475993842,0.001,0.16076730496065694,2.0,5.0,0.16088937821027363,0.16088937821027363,-7.041351317658267,-7.041351317658267,-22.53060609512997,1.3695934766950946
BAT_0007,NMC_622,electrode_cracking,175,92.02361105166659,0.000475,25312.865371929667,21.314518595823984,74.13384167325187,0.07875140188855034,0.07875140188855034,0.19064627122168495,0.19064627122168495,0.19064627122168495,0.19064627122168495,0.085,0.9362055475993842,0.001,0.20830281855942395,2.0,2.0,0.19213005788383555,0.19213005788383555,-7.1253401207703195,-7.1253401207703195,-22.340687793852137,1.0793458651097123
BAT_0007,NMC_622,electrode_cracking,200,90.74263645355882,0.0004857142857142857,22117.192698503444,24.453562802782095,80.0,0.07546953920064312,0.07546953920064312,0.17986360754835856,0.17986360754835856,0.17986360754835856,0.17986360754835856,0.085,0.9362055475993842,0.001,0.18804249807857934,2.0,5.0,0.18097058459875492,0.18097058459875492,-6.340515528421108,-6.340515528421108,-20.27232937239689,1.126282217969017
BAT_0007,NMC_622,electrode_cracking,225,89.43157049925796,0.0004964285714285714,18998.847048864955,19.72493865206459,78.7450753469946,0.09559825881158548,0.09559825881158548,0.21412417582837429,0.21412417582837429,0.21412417582837429,0.21412417582837429,0.085,0.9362055475993842,0.001,0.2237235567378139,2.0,5.0,0.21550248992840637,0.21550248992840637,-6.483616632627556,-6.483616632627556,-19.628993347517635,0.8891375330122531
BAT_0007,NMC_622,electrode_cracking,250,88.09224214636555,0.0005071428571428572,15956.533809734887,20.54051883828629,79.57676029817536,0.09805833830441547,0.09805833830441547,0.2368943075355493,0.2368943075355493,0.2368943075355493,0.2368943075355493,0.085,0.9362055475993842,0.001,0.23741326669812057,2.0,2.0,0.23797667450579527,0.23797667450579527,-5.466664767188031,-5.466664767188031,-19.285629095924232,0.8668309240171219
BAT_0007,NMC_622,electrode_cracking,275,86.72649852091455,0.0005178571428571428,12989.10059211085,24.17432987712204,46.32454010858119,0.09127862860004982,0.09127862860004982,0.19671064837660945,0.19671064837660945,0.19671064837660945,0.19671064837660945,0.085,0.9362055475993842,0.001,0.2134360683864024,2.0,5.0,0.19747383356043322,0.19747383356043322,-5.038923740494679,-5.038923740494679,-20.095634607360132,0.9312146918030451
BAT_0007,NMC_622,electrode_cracking,300,85.33620071848536,0.0005285714285714285,10095.51487281014,23.670727956370047,42.32952288505112,0.10020504637990954,0.10020504637990954,0.2170002005307214,0.2170002005307214,0.2170002005307214,0.2170002005307214,0.09324982436919232,0.5,0.001,0.21893731278342013,5.0,5.0,0.21770538383810542,0.21770538383810542,-4.612871495071355,-4.612871495071355,-18.879513856461696,0.9305901023752065
BAT_0007,NMC_622,electrode_cracking,325,84.21596166095713,0.0005285714285714286,7976.143682891876,28.02768137915097,60.74901023382018,0.09015252918887366,0.09015252918887366,0.18636805611626356,0.18636805611626356,0.18636805611626356,0.18636805611626356,0.07623144148447768,0.5,0.001,0.20161881635284123,5.0,5.0,0.1870719172308928,0.1870719172308928,-4.971793498974445,-4.971793498974445,-17.903630225285617,0.8455829489239213
BAT_0007,NMC_622,electrode_cracking,350,83.11042838521257,0.0005285714285714286,5884.594242294054,26.862008605426535,35.63193437954049,0.09848429997666817,0.09848429997666817,0.2032405162255558,0.2032405162255558,0.2032405162255558,0.2032405162255558,0.0830330954688313,0.5,0.001,0.20423541868902068,5.0,5.0,0.2038779967267209,0.2038779967267209,-4.5320963147839075,-4.5320963147839075,-17.43824294673998,0.8431099727418745
BAT_0007,NMC_622,electrode_cracking,375,82.01940784315498,0.0005285714285714286,3820.5013248877995,31.196838810878557,30.0,0.0894932933212444,0.0894932933212444,0.18305520039881581,0.18305520039881581,0.18305520039881581,0.18305520039881581,0.07981608557167486,0.5,0.001,0.1852518015782826,5.0,5.0,0.1835430008442844,0.1835430008442844,-4.178169403958203,-4.178169403958203,-16.37675750500607,0.8918666707813253
BAT_0007,NMC_622,electrode_cracking,400,80.94270952089963,0.0005285714285714286,1783.504498999293,30.097943978456986,37.784566559515774,0.09765849609978257,0.09765849609978257,0.18076975758974356,0.18076975758974356,0.18076975758974356,0.18076975758974356,0.07387998563680294,0.5,0.001,0.1836971157266371,5.0,5.0,0.18146903399098163,0.18146903399098163,-5.031533414517092,-5.031533414517092,-16.764781484352543,0.7565136530601092
BAT_0007,NMC_622,electrode_cracking,425,79.88014540550621,0.0005285714285714286,0.0,27.88608107242291,30.0,0.1085286610797097,0.1085286610797097,0.19940102385809702,0.19940102385809702,0.19940102385809702,0.19940102385809702,0.08398208746546716,0.5,0.001,0.1952608264750484,5.0,5.0,0.20008947607699082,0.20008947607699082,-4.75430469247459,-4.75430469247459,-16.365807626944832,0.7738240445423525
BAT_0007,NMC_622,electrode_cracking,450,78.83152995214799,0.0005285714285714286,0.0,30.49240768847417,30.0,0.1052121899440246,0.1052121899440246,0.18597370378465755,0.18597370378465755,0.18597370378465755,0.18597370378465755,0.07064521720034371,0.5,0.001,0.1975826593835054,5.0,5.0,0.18655664107145584,0.18655664107145584,-4.530606494912226,-4.530606494912226,-14.332697659716697,0.6714546787585036
BAT_0007,NMC_622,electrode_cracking,475,77.7966800517121,0.0005285714285714285,0.0,27.38117910859857,30.0,0.1203331502704329,0.1203331502704329,0.2160059199112765,0.2160059199112765,0.2160059199112765,0.2160059199112765,0.07472797728510308,0.5,0.001,0.21809930538089795,5.0,5.0,0.2165309190024681,0.2165309190024681,-3.9906600595852444,-3.9906600595852444,-14.512255522044622,0.6210090662229136
BAT_0007,NMC_622,electrode_cracking,500,76.77541499882493,0.0005285714285714286,0.0,22.943189779804676,30.0,0.14697578837061234,0.14697578837061234,0.2787060517112647,0.2787060517112647,0.2787060517112647,0.2787060517112647,0.085,0.9362055475993842,0.001,0.2723417039220354,2.0,5.0,0.27930399573525616,0.27930399573525616,-3.7497889988936213,-3.7497889988936213,-14.540624611164654,0.5783265457686476
BAT_0008,NMC_622,lithium_plating,0,100.0,0.0,66666.66666666667,22.263851782936023,38.93525443886098,0.038393428125234726,0.038393428125234726,0.1486411990664428,0.1486411990664428,0.1486411990664428,0.1486411990664428,0.085,1.8724110951987685,0.001,0.16541781564781888,1.0,2.0,0.15063472779137801,0.15063472779137801,-9.331822152594404,-9.331822152594404,-32.75313330057,2.2139205627260026
BAT_0008,NMC_622,lithium_plating,25,98.7414427975355,0.0005066176470588235,36993.268802102,25.93738852009583,77.16608622243598,0.035871993243808006,0.035871993243808006,0.14743755154654567,0.14743755154654567,0.14743755154654567,0.14743755154654567,0.08875000000000001,1.7932951334298064,0.001,0.17114610174764386,1.0,2.0,0.1503905309546997,0.1503905309546997,-11.37288884158862,-11.37288884158862,-33.13271844202068,2.474074953036502
BAT_0008,NMC_622,lithium_plating,50,97.46646998641208,0.0005132352941176471,34032.09051793757,33.032808624652525,42.645077113986176,0.03103526716663597,0.03103526716663597,0.11431655268821717,0.11431655268821717,0.11431655268821717,0.11431655268821717,0.09250000000000001,0.8602969896859207,0.001,0.1366808764134367,2.0,2.0,0.11696838958039946,0.11696838958039946,-12.223644648881285,-12.223644648881285,-32.70376314248669,2.9804802228169907
BAT_0008,NMC_622,lithium_plating,75,96.17613167494507,0.0005198529411764706,31116.74551333139,31.31188160091265,59.39290778355563,0.0343158317786251,0.0343158317786251,0.14050647443641368,0.14050647443641368,0.14050647443641368,0.14050647443641368,0.09625000000000002,1.6535578503054058,0.001,0.15970194573888202,1.0,5.0,0.14523710413071203,0.14523710413071203,-14.66372243353773,-14.66372243353773,-30.363018445561856,2.804827830516203
BAT_0008,NMC_622,lithium_plating,100,94.8714793915246,0.0005264705882352942,28247.502754851197,31.1144224365623,62.56269302792191,0.03715015056546111,0.03715015056546111,0.15125581012102793,0.15125581012102793,0.15125581012102793,0.15125581012102793,0.10000000000000002,1.591549430918953,0.001,0.18338391334813003,1.0,2.0,0.15738169772340907,0.15738169772340907,-16.038505189270364,-16.038505189270364,-32.213879989306534,2.6917791308488286
BAT_0008,NMC_622,lithium_plating,125,93.55356468366381,0.0005330882352941177,25424.617889355555,28.194427696485377,80.0,0.04293224671535355,0.04293224671535355,0.1691824989035559,0.1691824989035559,0.1691824989035559,0.1691824989035559,0.10375000000000002,1.5340235478736899,0.001,0.20806794114312033,1.0,2.0,0.17764807272635563,0.17764807272635563,-17.75928558513595,-17.75928558513595,-36.8508970100068,2.416598429797448
BAT_0008,NMC_622,lithium_plating,150,92.22343773578838,0.0005397058823529412,22648.331499553402,25.00589655274308,77.89868192207842,0.050017809119008855,0.050017809119008855,0.21734431923525982,0.21734431923525982,0.21734431923525982,0.21734431923525982,0.10750000000000003,2.9610221970585173,0.001,0.2575993143183836,0.5,2.0,0.22682021045217607,0.22682021045217607,-16.619978903936552,-16.619978903936552,-35.14725002802343,2.1492344805471606
BAT_0008,NMC_622,lithium_plating,175,90.88214600823837,0.0005463235294117648,19918.867525173857,20.916485066813657,80.0,0.06049743529508365,0.06049743529508365,0.24638522155360743,0.24638522155360743,0.24638522155360743,0.24638522155360743,0.11125000000000003,2.8612124600790168,0.001,0.30855568690431984,0.5,2.0,0.2607940595646571,0.2607940595646571,-19.134776317451553,-19.134776317451553,-30.984955930487374,1.838920930405802
BAT_0008,NMC_622,lithium_plating,200,89.53073289986907,0.0005529411764705883,17236.431840188732,18.86095029164708,79.54155597045852,0.06784476626489869,0.06784476626489869,0.29036952094685065,0.29036952094685065,0.29036952094685065,0.29036952094685065,0.11500000000000003,3.0,0.001,0.3588246069684948,0.1,1.0,0.3116981959221139,0.3116981959221139,-21.318692150255146,-21.318692150255146,-34.97751203194655,1.695046004742423
BAT_0008,NMC_622,lithium_plating,225,88.17023643655152,0.0005595588235294118,14601.210977279981,19.402812369356987,74.43560167004674,0.07045502437239645,0.07045502437239645,0.3121441449550215,0.3121441449550215,0.3121441449550215,0.3121441449550215,0.11875000000000004,2.6805043047056047,0.001,0.3860536412911785,0.5,2.0,0.3329490481130738,0.3329490481130738,-20.361952698883073,-20.361952698883073,-32.71125682085435,1.685472413895368
BAT_0008,NMC_622,lithium_plating,250,86.80168798777922,0.0005661764705882354,12013.370991402253,21.68302519358504,80.0,0.06692992697744732,0.06692992697744732,0.3023745846207885,0.3023745846207885,0.3023745846207885,0.3023745846207885,0.12250000000000004,3.0,0.001,0.37048275561932764,0.1,1.0,0.32202677608426666,0.32202677608426666,-20.120135054376153,-20.120135054376153,-32.60705068761069,1.83027242867421
BAT_0008,NMC_622,lithium_plating,275,85.4261110134916,0.0005727941176470589,9473.05645487623,19.734606215511178,72.08756959942572,0.07406104796915869,0.07406104796915869,0.34455993962249587,0.34455993962249587,0.34455993962249587,0.34455993962249587,0.12625000000000003,3.0,0.001,0.4010064965608282,0.1,2.0,0.37137164753460017,0.37137164753460017,-21.90502043833364,-21.90502043833364,-34.496573642144455,1.704674771177616
BAT_0008,NMC_622,lithium_plating,300,84.0445198431231,0.0005794117647058823,6980.389576963722,22.87682278162821,39.90410940562514,0.07091832302071255,0.07091832302071255,0.3215151163338232,0.3215151163338232,0.3215151163338232,0.3215151163338232,0.13000000000000003,3.0,0.001,0.37747578929936626,0.1,1.0,0.3416768259525608,0.3416768259525608,-19.78119879231884,-19.78119879231884,-35.05757726046672,1.8330946709220968
BAT_0008,NMC_622,lithium_plating,325,82.65791848878177,0.000586029411764706,4535.4694413340185,28.706863664815565,45.30573719673875,0.060850257311763724,0.060850257311763724,0.2469075290046596,0.2469075290046596,0.2469075290046596,0.2469075290046596,0.13375000000000004,3.0,0.001,0.2972434199644365,0.1,2.0,0.2661340841200769,0.2661340841200769,-21.91230417565478,-21.91230417565478,-32.34061494979453,2.1980186429572113
BAT_0008,NMC_622,lithium_plating,350,81.26729949435384,0.0005926470588235295,2138.371355237241,27.35880510512591,30.0,0.0654699810565777,0.0654699810565777,0.2767911813357078,0.2767911813357078,0.2767911813357078,0.2767911813357078,0.13750000000000004,3.0,0.001,0.3392734348464861,0.1,2.0,0.29700846446645435,0.29700846446645435,-21.26226233890706,-21.26226233890706,-34.59807929314129,2.100199171910186
BAT_0008,NMC_622,lithium_plating,375,79.87364282221796,0.0005992647058823531,0.0,26.083192415419177,43.78439019654925,0.06875512393215719,0.06875512393215719,0.31667789121693474,0.31667789121693474,0.31667789121693474,0.31667789121693474,0.14125000000000004,3.0,0.001,0.37052384069814887,0.1,2.0,0.3376414793465909,0.3376414793465909,-20.296241309832222,-20.296241309832222,-34.201329206066454,2.0543923408439464
BAT_0008,NMC_622,lithium_plating,400,78.47791477914093,0.0006058823529411766,0.0,29.30955874866243,30.0,0.06606031196857788,0.06606031196857788,0.28956228621125485,0.28956228621125485,0.28956228621125485,0.28956228621125485,0.14500000000000005,3.0,0.001,0.349687089693525,0.1,2.0,0.31811785795522757,0.31811785795522757,-24.462032172091845,-24.462032172091845,-32.49584708338595,2.194963900094363
BAT_0008,NMC_622,lithium_plating,425,77.08106698280844,0.0006125,0.0,28.981884368899358,32.90744463296916,0.06879824809574137,0.06879824809574137,0.3033577311903422,0.3033577311903422,0.3033577311903422,0.3033577311903422,0.14875000000000005,3.0,0.001,0.36504527095591166,0.1,1.0,0.3276787955050446,0.3276787955050446,-22.21407639728525,-22.21407639728525,-34.64889372538837,2.1621190090915663
BAT_0008,NMC_622,lithium_plating,450,75.68403537032825,0.0006191176470588236,0.0,25.861265117490785,30.0,0.07682809309504113,0.07682809309504113,0.3422603487282084,0.3422603487282084,0.3422603487282084,0.3422603487282084,0.15250000000000005,3.0,0.001,0.4251574554326991,0.1,1.0,0.37692825734920743,0.37692825734920743,-24.766143140002715,-24.766143140002715,-35.79103401448555,1.9849509971742767
BAT_0008,NMC_622,lithium_plating,475,74.28773924992254,0.0006257352941176472,0.0,22.68347643418845,37.29673675694548,0.09034464160270066,0.09034464160270066,0.37549800392124044,0.37549800392124044,0.37549800392124044,0.37549800392124044,0.15625000000000006,3.0,0.001,0.4808016158524596,0.1,1.0,0.4070471027997016,0.4070471027997016,-22.706729663106696,-22.706729663106696,-33.416755706431935,1.7294882931422166
BAT_0008,NMC_622,lithium_plating,500,72.89308039690631,0.0006323529411764707,0.0,19.446021628601848,30.0,0.10251503441115074,0.10251503441115074,0.4334403061468412,0.4334403061468412,0.4334403061468412,0.4334403061468412,0.16000000000000006,3.0,0.001,0.5225003265781779,0.1,1.0,0.47266983258343587,0.47266983258343587,-23.50800156532573,-23.50800156532573,-33.51573105250776,1.5607466838307629
BAT_0009,NMC_622,SEI_growth,0,100.0,0.0,66666.66666666667,22.584481214913296,58.09112790731379,0.0376240594758379,0.0376240594758379,0.13222602375202824,0.13222602375202824,0.13222602375202824,0.13222602375202824,0.085,1.8724110951987685,0.001,0.16122771835967492,1.0,2.0,0.13467924627670821,0.13467924627670821,-10.952599559674239,-10.952599559674239,-35.854957958993104,2.259192686386934
BAT_0009,NMC_622,SEI_growth,25,99.07361906437536,0.0003722794117647058,51234.68680140332,27.264229742402105,53.8413243158425,0.034146903073116026,0.034146903073116026,0.1291559145626286,0.1291559145626286,0.1291559145626286,0.1291559145626286,0.0925,1.7205939793718414,0.001,0.15180901258954,1.0,2.0,0.13083953641174384,0.13083953641174384,-9.201469980525165,-9.201469980525165,-32.988742464579204,2.708884018030483
BAT_0009,NMC_622,SEI_growth,50,98.04653812831243,0.00039455882352941175,45738.52376911091,32.28823740359283,76.93626396101084,0.02956430862900956,0.02956430862900956,0.1279144006997089,0.1279144006997089,0.1279144006997089,0.1279144006997089,0.1,0.7957747154594768,0.001,0.1499661028275137,2.0,2.0,0.12926698336084913,0.12926698336084913,-8.295740258262155,-8.295740258262155,-36.32973490715741,3.3824569096087846
BAT_0009,NMC_622,SEI_growth,75,96.92207628054058,0.00041683823529411774,40596.26696337129,32.93769966163998,68.51488651488798,0.030212118688961908,0.030212118688961908,0.11787970470032445,0.11787970470032445,0.11787970470032445,0.11787970470032445,0.10750000000000001,0.7402555492646294,0.001,0.1358854936842247,2.0,2.0,0.11946416512416409,0.11946416512416409,-9.342017567935862,-9.342017567935862,-38.42689134203355,3.5581748207309762
BAT_0009,NMC_622,SEI_growth,100,95.70383983122177,0.00043911764705882356,35762.26083466445,26.967525959709032,75.8286243512934,0.03791887866531979,0.03791887866531979,0.18275079452256784,0.18275079452256784,0.18275079452256784,0.18275079452256784,0.11500000000000002,1.3839560268860462,0.001,0.21323586555555596,1.0,2.0,0.1842229379145248,0.1842229379145248,-7.248204988958831,-7.248204988958831,-34.909556400001904,3.0327901047658834
BAT_0009,NMC_622,SEI_growth,125,94.395703055459,0.00046139705882352944,31200.248853265708,26.471633438087522,74.53342276033749,0.039523353221636165,0.039523353221636165,0.17146814710002523,0.17146814710002523,0.17146814710002523,0.17146814710002523,0.12250000000000003,1.2992240252399616,0.001,0.20158700861733414,1.0,2.0,0.17331067393441674,0.17331067393441674,-8.362139322853578,-8.362139322853578,-35.166993494187885,3.099433373303462
BAT_0009,NMC_622,SEI_growth,150,93.00178768611543,0.0004836764705882353,26881.166392698375,26.47709997666273,80.0,0.04065513325572233,0.04065513325572233,0.18535485088967152,0.18535485088967152,0.18535485088967152,0.18535485088967152,0.13000000000000003,1.2242687930145792,0.001,0.21775761072797417,1.0,2.0,0.1872229188566326,0.1872229188566326,-8.100582158534817,-8.100582158534817,-39.083931446812336,3.1976281858995543
BAT_0009,NMC_622,SEI_growth,175,91.52644130769522,0.0005059558823529412,22781.51457413966,18.8065279666482,65.52276335889124,0.053706297221846944,0.053706297221846944,0.25395025646725233,0.25395025646725233,0.25395025646725233,0.25395025646725233,0.13750000000000004,1.157490495213784,0.001,0.31819951931346513,1.0,2.0,0.25700382241418934,0.25700382241418934,-8.841021217805615,-8.841021217805615,-36.67262513135674,2.5602211865774844
BAT_0009,NMC_622,SEI_growth,200,89.9742148095482,0.0005282352941176472,18882.14384881062,22.83939866668689,80.0,0.04979178428360538,0.04979178428360538,0.23040033094700246,0.23040033094700246,0.23040033094700246,0.23040033094700246,0.14500000000000005,1.0976202971854847,0.001,0.2732962158685535,1.0,2.0,0.232666903399494,0.232666903399494,-8.004022924860166,-8.004022924860166,-39.874758757875306,2.9121270122417213
BAT_0009,NMC_622,SEI_growth,225,88.34983906168556,0.0005505147058823531,15167.331539858895,20.04825442334709,73.67744293052351,0.053354466591892594,0.053354466591892594,0.2424169765041232,0.2424169765041232,0.2424169765041232,0.2424169765041232,0.15250000000000005,1.0436389710943954,0.001,0.3070819720984217,1.0,2.0,0.24605070181890687,0.24605070181890687,-9.859100764367538,-9.859100764367538,-41.14454474976201,2.8582424254462135
BAT_0009,NMC_622,SEI_growth,250,86.65820098000071,0.0005727941176470589,11624.07359794733,18.477418928532153,66.6888385256481,0.058569928841495734,0.058569928841495734,0.3049770500569427,0.3049770500569427,0.3049770500569427,0.3049770500569427,0.16000000000000006,0.9947183943243456,0.001,0.38578917717742767,1.0,2.0,0.307429833525901,0.307429833525901,-7.2424148860877775,-7.2424148860877775,-41.47312445921497,2.7317772646266723
BAT_0009,NMC_622,SEI_growth,275,84.90431914967,0.0005950735294117649,8241.534713395775,20.316071454716752,58.86974439959386,0.05663359685422396,0.05663359685422396,0.2936654598008845,0.2936654598008845,0.2936654598008845,0.2936654598008845,0.16750000000000007,0.950178764727733,0.001,0.3516389695152272,1.0,2.0,0.29637088838867726,0.29637088838867726,-7.747629127627985,-7.747629127627985,-39.61582969764205,2.957608368600506
BAT_0009,NMC_622,SEI_growth,300,83.09331917596523,0.0006173529411764708,5010.617054922246,20.903071233282823,49.68161119363443,0.05653938590671434,0.05653938590671434,0.27178301727855153,0.27178301727855153,0.27178301727855153,0.27178301727855153,0.17500000000000007,0.909456817667973,0.001,0.3330063309088888,1.0,2.0,0.27441045748693643,0.27441045748693643,-7.935071742157498,-7.935071742157498,-40.80579877217655,3.0951874908711723
BAT_0009,NMC_622,SEI_growth,325,81.23040893066683,0.0006396323529411767,1923.6189742578258,23.747498675627426,43.1742416199634,0.052986738431077235,0.052986738431077235,0.25062079601617193,0.25062079601617193,0.25062079601617193,0.25062079601617193,0.18250000000000008,0.8720818799555906,0.001,0.3039925200607595,1.0,2.0,0.2525357470676587,0.2525357470676587,-7.060408905579874,-7.060408905579874,-40.41740267742651,3.444258042743806
BAT_0009,NMC_622,SEI_growth,350,79.32085385976193,0.0006619117647058825,0.0,27.426971558849104,49.124202112335865,0.04921128754466949,0.04921128754466949,0.25864003720675066,0.25864003720675066,0.25864003720675066,0.25864003720675066,0.19000000000000009,0.5,0.001,0.30108798216765936,2.0,2.0,0.260274928323469,0.260274928323469,-6.425300937233547,-6.425300937233547,-40.6533379335673,3.86090284322546
BAT_0009,NMC_622,SEI_growth,375,77.36995251419701,0.0006841911764705885,0.0,32.388357981651104,33.09747883951003,0.042656050540112435,0.042656050540112435,0.22433592005984895,0.22433592005984895,0.22433592005984895,0.22433592005984895,0.1975000000000001,0.8058478131235204,0.001,0.256934894297411,1.0,5.0,0.22563826817534116,0.22563826817534116,-6.158910677908992,-6.158910677908992,-40.985362472179624,4.630058280109107
BAT_0009,NMC_622,SEI_growth,400,75.38301246020157,0.0007064705882352944,0.0,32.6399345583375,41.73262833242454,0.04329417705055535,0.04329417705055535,0.2215942781023048,0.2215942781023048,0.2215942781023048,0.2215942781023048,0.2050000000000001,0.5,0.001,0.2589652871595939,2.0,2.0,0.2226363835512038,0.2226363835512038,-5.545809428538323,-5.545809428538323,-37.51798796316741,4.735047850906557
BAT_0009,NMC_622,SEI_growth,425,73.36532671918471,0.0007287500000000003,0.0,29.914030050349385,30.0,0.04846693783263134,0.04846693783263134,0.2559412554953974,0.2559412554953974,0.2559412554953974,0.2559412554953974,0.2125000000000001,0.5,0.001,0.30510262494513624,2.0,5.0,0.25735296787387835,0.25735296787387835,-6.004057991573964,-6.004057991573964,-40.605996270953135,4.384432140809404
BAT_0009,NMC_622,SEI_growth,450,71.32215087952774,0.000751029411764706,0.0,28.661996321299934,41.27254648742111,0.05142654705138352,0.05142654705138352,0.27750411499250877,0.27750411499250877,0.27750411499250877,0.27750411499250877,0.2200000000000001,0.5,0.001,0.3022647666435359,2.0,5.0,0.27875324083061687,0.27875324083061687,-5.42616597696131,-5.42616597696131,-40.39191684546961,4.277946170101294
BAT_0009,NMC_622,SEI_growth,475,69.3821579784337,0.0007695588235294121,0.0,22.665643937125683,30.0,0.06432995977083653,0.06432995977083653,0.34199742770659536,0.34199742770659536,0.34199742770659536,0.34199742770659536,0.22750000000000012,0.5,0.001,0.3895521898717481,2.0,2.0,0.3436591139192587,0.3436591139192587,-5.6366796761692655,-5.6366796761692655,-41.96675259767673,3.5364548774851783
BAT_0009,NMC_622,SEI_growth,500,67.43243059824587,0.0007880882352941179,0.0,22.899348003825153,30.0,0.06472287533225858,0.06472287533225858,0.3376774240942232,0.3376774240942232,0.3376774240942232,0.3376774240942232,0.23500000000000013,0.6772550769867883,0.001,0.40653077106240737,1.0,2.0,0.33957994894940663,0.33957994894940663,-6.067848841011891,-6.067848841011891,-42.36164088395851,3.630864648605523
BAT_0010,NMC_622,SEI_growth,0,100.0,0.0,66666.66666666667,23.48303680175038,45.54448096488073,0.03662658271642986,0.03662658271642986,0.14566625551497348,0.14566625551497348,0.14566625551497348,0.14566625551497348,0.085,1.8724110951987685,0.001,0.16845238049343228,1.0,2.0,0.14729487109202896,0.14729487109202896,-8.528135342315899,-8.528135342315899,-36.20827885905142,2.3207188248515176
BAT_0010,NMC_622,SEI_growth,25,99.07361906437536,0.0003722794117647058,51234.68680140332,24.14959098892186,40.82100617849808,0.038082563798248724,0.038082563798248724,0.15096138019770017,0.15096138019770017,0.15096138019770017,0.15096138019770017,0.0925,1.7205939793718414,0.001,0.17571090112147586,1.0,2.0,0.15298962270052657,0.15298962270052657,-9.340014584055723,-9.340014584055723,-33.88673234991985,2.428933106763514
BAT_0010,NMC_622,SEI_growth,50,98.04653812831243,0.00039455882352941175,45738.52376911091,31.143302412588152,73.74145445032451,0.030987516059529256,0.030987516059529256,0.1325312841453947,0.1325312841453947,0.1325312841453947,0.1325312841453947,0.1,0.7957747154594768,0.001,0.15410696872394614,2.0,2.0,0.13408650471758693,0.13408650471758693,-8.734976793938218,-8.734976793938218,-35.4343926863691,3.22710603224514
BAT_0010,NMC_622,SEI_growth,75,96.92207628054058,0.00041683823529411774,40596.26696337129,33.36066720506465,67.1474661212906,0.02973000547114838,0.02973000547114838,0.12540466042082038,0.12540466042082038,0.12540466042082038,0.12540466042082038,0.10750000000000001,1.4805110985292589,0.001,0.14538289441946428,1.0,5.0,0.12660853541714337,0.12660853541714337,-7.907543062646294,-7.907543062646294,-34.96017228101185,3.6158755538852447
BAT_0010,NMC_622,SEI_growth,100,95.70383983122177,0.00043911764705882356,35762.26083466445,28.09599978085284,70.73949803539963,0.03587125750092636,0.03587125750092636,0.1683576555548167,0.1683576555548167,0.1683576555548167,0.1683576555548167,0.11500000000000002,1.3839560268860462,0.001,0.19708946724946588,1.0,2.0,0.1697979302438817,0.1697979302438817,-7.467952744747711,-7.467952744747711,-37.45978905433405,3.2059093550603905
BAT_0010,NMC_622,SEI_growth,125,94.395703055459,0.00046139705882352944,31200.248853265708,26.50492854993079,80.0,0.038819053982271784,0.038819053982271784,0.1656617521384388,0.1656617521384388,0.1656617521384388,0.1656617521384388,0.12250000000000003,1.2992240252399616,0.001,0.19954889948908458,1.0,2.0,0.1675802051140813,0.1675802051140813,-8.677947906630841,-8.677947906630841,-36.71453565924964,3.1556668036254663
BAT_0010,NMC_622,SEI_growth,150,93.00178768611543,0.0004836764705882353,26881.166392698375,26.768931232176527,80.0,0.04026287196812504,0.04026287196812504,0.17276502941007246,0.17276502941007246,0.17276502941007246,0.17276502941007246,0.13000000000000003,1.2242687930145792,0.001,0.2075626658518308,1.0,2.0,0.1744135331664562,0.1744135331664562,-7.883792286481631,-7.883792286481631,-39.01045620299934,3.2287810989468735
BAT_0010,NMC_622,SEI_growth,175,91.52644130769522,0.0005059558823529412,22781.51457413966,21.516064575530216,74.34611267682533,0.048437573558639986,0.048437573558639986,0.2251990610205183,0.2251990610205183,0.2251990610205183,0.2251990610205183,0.13750000000000004,1.157490495213784,0.001,0.27835889160214133,1.0,2.0,0.22755772062746396,0.22755772062746396,-8.256582374214778,-8.256582374214778,-38.353477804231474,2.8387053664762623
BAT_0010,NMC_622,SEI_growth,200,89.9742148095482,0.0005282352941176472,18882.14384881062,19.573668107069686,80.0,0.053818844865859534,0.053818844865859534,0.26246468224070274,0.26246468224070274,0.26246468224070274,0.26246468224070274,0.14500000000000005,1.0976202971854847,0.001,0.32549833228252545,1.0,2.0,0.26477833903649545,0.26477833903649545,-7.579885088436845,-7.579885088436845,-40.191989284775815,2.6942235635380962
BAT_0010,NMC_622,SEI_growth,225,88.34983906168556,0.0005505147058823531,15167.331539858895,19.864963032650948,69.61477346635074,0.05517907926544752,0.05517907926544752,0.26729263692845223,0.26729263692845223,0.26729263692845223,0.26729263692845223,0.15250000000000005,1.0436389710943954,0.001,0.3175746265680808,1.0,2.0,0.27017272439715856,0.27017272439715856,-8.373485615591772,-8.373485615591772,-37.29819957139047,2.7637286092864137
BAT_0010,NMC_622,SEI_growth,250,86.65820098000071,0.0005727941176470589,11624.07359794733,22.16046903039294,66.97080090119371,0.05211533314272685,0.05211533314272685,0.2636770816958322,0.2636770816958322,0.2636770816958322,0.2636770816958322,0.16000000000000006,0.9947183943243456,0.001,0.3261249169249158,1.0,2.0,0.26589819607174203,0.26589819607174203,-7.410852586580476,-7.410852586580476,-41.20008247221657,3.070113733357751
BAT_0010,NMC_622,SEI_growth,275,84.90431914967,0.0005950735294117649,8241.534713395775,23.972872198030505,52.11229240016898,0.05010014100212731,0.05010014100212731,0.21053582236413157,0.21053582236413157,0.21053582236413157,0.21053582236413157,0.16750000000000007,0.950178764727733,0.001,0.2655468121745551,1.0,2.0,0.2128542200153128,0.2128542200153128,-8.464190791386049,-8.464190791386049,-39.96556912875862,3.3433039638129523
BAT_0010,NMC_622,SEI_growth,300,83.09331917596523,0.0006173529411764708,5010.617054922246,24.445562097470244,62.31133455471386,0.051023640268295874,0.051023640268295874,0.25833504658405615,0.25833504658405615,0.25833504658405615,0.25833504658405615,0.17500000000000007,0.909456817667973,0.001,0.2997856600757995,1.0,2.0,0.26019539881098225,0.26019539881098225,-6.85558490757158,-6.85558490757158,-41.15881610330176,3.4297827258071654
BAT_0010,NMC_622,SEI_growth,325,81.23040893066683,0.0006396323529411767,1923.6189742578258,26.29316666814701,31.366172192506745,0.04950778470932356,0.04950778470932356,0.22916414696313842,0.22916414696313842,0.22916414696313842,0.22916414696313842,0.18250000000000008,0.8720818799555906,0.001,0.27698559608748224,1.0,2.0,0.23135644419256166,0.23135644419256166,-7.893872124648922,-7.893872124648922,-36.07946643480238,3.68628895579791
BAT_0010,NMC_622,SEI_growth,350,79.32085385976193,0.0006619117647058825,0.0,25.239503974012933,42.42043076067347,0.05225456768613235,0.05225456768613235,0.23693649144613782,0.23693649144613782,0.23693649144613782,0.23693649144613782,0.19000000000000009,0.8376575952205014,0.001,0.28650520382572575,1.0,2.0,0.23913009165376967,0.23913009165376967,-7.766615498935368,-7.766615498935368,-38.66502427018671,3.636045773859182
BAT_0010,NMC_622,SEI_growth,375,77.36995251419701,0.0006841911764705885,0.0,32.905708557490186,41.87849003848294,0.04136621543861418,0.04136621543861418,0.19585751407741459,0.19585751407741459,0.19585751407741459,0.19585751407741459,0.1975000000000001,0.5,0.001,0.2247018410601219,2.0,5.0,0.19707942312154997,0.19707942312154997,-6.383532484250111,-6.383532484250111,-41.330216975236965,4.774427583134412
BAT_0010,NMC_622,SEI_growth,400,75.38301246020157,0.0007064705882352944,0.0,29.968657259603287,30.0,0.046770730096370346,0.046770730096370346,0.24041153207302324,0.24041153207302324,0.24041153207302324,0.24041153207302324,0.2050000000000001,0.7763655760580256,0.001,0.26464719192937647,1.0,5.0,0.24178316723216092,0.24178316723216092,-6.105896382116876,-6.105896382116876,-38.07464412182327,4.383083171410856
BAT_0010,NMC_622,SEI_growth,425,73.36532671918471,0.0007287500000000003,0.0,27.03796018568793,40.534291193636605,0.05313390252917434,0.05313390252917434,0.2673071240532074,0.2673071240532074,0.2673071240532074,0.2673071240532074,0.2125000000000001,0.7489644380795071,0.001,0.2947762709844188,1.0,2.0,0.26868860593342314,0.26868860593342314,-5.8126189987755845,-5.8126189987755845,-38.52542938876851,3.9993298042304026
BAT_0010,NMC_622,SEI_growth,450,71.32215087952774,0.000751029411764706,0.0,22.85359224275778,35.62232546897036,0.060532977792980176,0.060532977792980176,0.3123023646579861,0.3123023646579861,0.3123023646579861,0.3123023646579861,0.2200000000000001,0.5,0.001,0.34981119258621096,2.0,2.0,0.31417082462285517,0.31417082462285517,-6.251900776242059,-6.251900776242059,-42.964428309338444,3.6343825798953646
BAT_0010,NMC_622,SEI_growth,475,69.3821579784337,0.0007695588235294121,0.0,24.487654103110675,30.0,0.060263199169426684,0.060263199169426684,0.30026145816707295,0.30026145816707295,0.30026145816707295,0.30026145816707295,0.22750000000000012,0.6995821674369022,0.001,0.3680847627025987,1.0,5.0,0.3018909912277973,0.3018909912277973,-5.955794253730672,-5.955794253730672,-39.760624862593026,3.7751065847068013
BAT_0010,NMC_622,SEI_growth,500,67.43243059824587,0.0007880882352941179,0.0,19.448352419441502,34.242428386652946,0.07105609995335536,0.07105609995335536,0.3681016680171944,0.3681016680171944,0.3681016680171944,0.3681016680171944,0.23500000000000013,0.6772550769867883,0.001,0.43602502383881503,1.0,2.0,0.37101773976509567,0.37101773976509567,-7.188267931546637,-7.188267931546637,-40.36054806944549,3.307245966979125
BAT_0011,NMC_622,lithium_plating,0,100.0,0.0,66666.66666666667,22.48686932810913,62.89203051406873,0.03794967824909417,0.03794967824909417,0.14616236667155272,0.14616236667155272,0.14616236667155272,0.14616236667155272,0.085,1.8724110951987685,0.001,0.18450261172248328,1.0,2.0,0.1486447874928327,0.1486447874928327,-10.485925208261463,-10.485925208261463,-34.29461415601636,2.2398081860424965
BAT_0011,NMC_622,lithium_plating,25,98.7414427975355,0.0005066176470588235,36993.268802102,27.31463143506261,79.01333032366861,0.03488934341956788,0.03488934341956788,0.1374201531348561,0.1374201531348561,0.1374201531348561,0.1374201531348561,0.08875000000000001,1.7932951334298064,0.001,0.15245038903782016,1.0,2.0,0.1402447235411166,0.1402447235411166,-11.51866572962504,-11.51866572962504,-31.74433811855433,2.543756668984034
BAT_0011,NMC_622,lithium_plating,50,97.46646998641208,0.0005132352941176471,34032.09051793757,31.62581621848736,64.13990120142583,0.032979671550324795,0.032979671550324795,0.1411843247464781,0.1411843247464781,0.1411843247464781,0.1411843247464781,0.09250000000000001,0.8602969896859207,0.001,0.1557573244858662,2.0,2.0,0.14369314741137237,0.14369314741137237,-10.722313463626385,-10.722313463626385,-33.10433571319161,2.804758072221888
BAT_0011,NMC_622,lithium_plating,75,96.17613167494507,0.0005198529411764706,31116.74551333139,23.710445600552195,69.07926702376061,0.043940956227731344,0.043940956227731344,0.18165238491118488,0.18165238491118488,0.18165238491118488,0.18165238491118488,0.09625000000000002,1.6535578503054058,0.001,0.21492362834777878,1.0,2.0,0.18719153684104164,0.18719153684104164,-13.973105858366608,-13.973105858366608,-35.20356297972798,2.1904393591520477
BAT_0011,NMC_622,lithium_plating,100,94.8714793915246,0.0005264705882352942,28247.502754851197,29.912512990751374,65.32885913319058,0.03858581139327834,0.03858581139327834,0.1617909575039005,0.1617909575039005,0.1617909575039005,0.1617909575039005,0.10000000000000002,1.591549430918953,0.001,0.17899132150217573,1.0,2.0,0.1675909404556222,0.1675909404556222,-15.117718268100845,-15.117718268100845,-32.42470953997087,2.5916262063474464
BAT_0011,NMC_622,lithium_plating,125,93.55356468366381,0.0005330882352941177,25424.617889355555,27.785435140825935,73.57383211036087,0.04356677892690908,0.04356677892690908,0.18882148032708412,0.18882148032708412,0.18882148032708412,0.18882148032708412,0.10375000000000002,1.5340235478736899,0.001,0.2270576811268531,1.0,2.0,0.1966376187378453,0.1966376187378453,-16.208753207045728,-16.208753207045728,-34.933675771555706,2.3814016678639214
BAT_0011,NMC_622,lithium_plating,150,92.22343773578838,0.0005397058823529412,22648.331499553402,27.46362834941335,70.45994163823734,0.04624222068792504,0.04624222068792504,0.19350827357615605,0.19350827357615605,0.19350827357615605,0.19350827357615605,0.10750000000000003,1.4805110985292587,0.001,0.22308509542995486,1.0,2.0,0.2018158410579819,0.2018158410579819,-16.4967386358885,-16.4967386358885,-33.011643546275586,2.324715344565424
BAT_0011,NMC_622,lithium_plating,175,90.88214600823837,0.0005463235294117648,19918.867525173857,22.962666418148252,80.0,0.056792078345175606,0.056792078345175606,0.2638157244928035,0.2638157244928035,0.2638157244928035,0.2638157244928035,0.11125000000000003,1.4306062300395084,0.001,0.32597518270849846,1.0,2.0,0.27569148933847737,0.27569148933847737,-16.878280025772767,-16.878280025772767,-35.78013539963566,1.9588999600232193
BAT_0011,NMC_622,lithium_plating,200,89.53073289986907,0.0005529411764705883,17236.431840188732,21.431386421673597,80.0,0.06252643874344321,0.06252643874344321,0.2810019272312647,0.2810019272312647,0.2810019272312647,0.2810019272312647,0.11500000000000003,3.0,0.001,0.34779138452930924,0.1,2.0,0.299308105331592,0.299308105331592,-20.14262159280514,-20.14262159280514,-35.78351875049582,1.8392219725141377
BAT_0011,NMC_622,lithium_plating,225,88.17023643655152,0.0005595588235294118,14601.210977279981,19.619207303155367,80.0,0.06904893058289553,0.06904893058289553,0.2841434117662771,0.2841434117662771,0.2841434117662771,0.2841434117662771,0.11875000000000004,3.0,0.001,0.34874110537489744,0.1,1.0,0.3077440975734754,0.3077440975734754,-22.5850170822539,-22.5850170822539,-33.16134242114182,1.719794919306342
BAT_0011,NMC_622,lithium_plating,250,86.80168798777922,0.0005661764705882354,12013.370991402253,19.826998264134147,67.09078574065143,0.06995692177348321,0.06995692177348321,0.33081597034785276,0.33081597034785276,0.33081597034785276,0.33081597034785276,0.12250000000000004,2.598448050479923,0.001,0.38080336296220935,0.5,2.0,0.35202564123693486,0.35202564123693486,-19.990445513393475,-19.990445513393475,-34.45664017906672,1.7510776188330373
BAT_0011,NMC_622,lithium_plating,275,85.4261110134916,0.0005727941176470589,9473.05645487623,25.420455747638087,65.22246235499222,0.06180267233115924,0.06180267233115924,0.261211603571496,0.261211603571496,0.261211603571496,0.261211603571496,0.12625000000000003,3.0,0.001,0.32449846056302195,0.1,2.0,0.2792570909944816,0.2792570909944816,-20.710315079554793,-20.710315079554793,-35.28484319450417,2.0427919252991296
BAT_0011,NMC_622,lithium_plating,300,84.0445198431231,0.0005794117647058823,6980.389576963722,23.17252986188501,65.66758131329155,0.06943685274240792,0.06943685274240792,0.3116842347572994,0.3116842347572994,0.3116842347572994,0.3116842347572994,0.13000000000000003,3.0,0.001,0.38290134417578575,0.1,1.0,0.3317069353983583,0.3317069353983583,-20.00925245409994,-20.00925245409994,-36.1432333477236,1.8722046703681274
BAT_0011,NMC_622,lithium_plating,325,82.65791848878177,0.000586029411764706,4535.4694413340185,27.83069504734192,50.270769513837344,0.06223052210848572,0.06223052210848572,0.2751059716211853,0.2751059716211853,0.2751059716211853,0.2751059716211853,0.13375000000000004,3.0,0.001,0.32593398749930713,0.1,2.0,0.2935793967606723,0.2935793967606723,-20.433963687336643,-20.433963687336643,-33.502703054992224,2.149266878507548
BAT_0011,NMC_622,lithium_plating,350,81.26729949435384,0.0005926470588235295,2138.371355237241,29.637647088943762,39.099631961889024,0.06073602428581533,0.06073602428581533,0.27390312765909103,0.27390312765909103,0.27390312765909103,0.27390312765909103,0.13750000000000004,3.0,0.001,0.3268942713351441,0.1,2.0,0.2925546811096319,0.2925546811096319,-20.56962615894255,-20.56962615894255,-30.936275136628232,2.263895301295061
BAT_0011,NMC_622,lithium_plating,375,79.87364282221796,0.0005992647058823531,0.0,28.416309455332918,40.263329951094185,0.06505927812714424,0.06505927812714424,0.29621165210183176,0.29621165210183176,0.29621165210183176,0.29621165210183176,0.14125000000000004,3.0,0.001,0.3469048739669303,0.1,1.0,0.3166394948329671,0.3166394948329671,-20.69327916580664,-20.69327916580664,-31.680740840639782,2.17109694521906
BAT_0011,NMC_622,lithium_plating,400,78.47791477914093,0.0006058823529411766,0.0,31.154217714205302,41.31092860628374,0.06115595511155119,0.06115595511155119,0.25924492872117005,0.25924492872117005,0.25924492872117005,0.25924492872117005,0.14500000000000005,3.0,0.001,0.330991854156467,0.1,2.0,0.2836072897936588,0.2836072897936588,-23.92200983233048,-23.92200983233048,-35.38551654685523,2.3709874162788167
BAT_0011,NMC_622,lithium_plating,425,77.08106698280844,0.0006125,0.0,34.00333337383124,30.0,0.05968166981274849,0.05968166981274849,0.28412025795171514,0.28412025795171514,0.28412025795171514,0.28412025795171514,0.14875000000000005,3.0,0.001,0.32921619160803095,0.1,2.0,0.30599361555301413,0.30599361555301413,-21.79519806910576,-21.79519806910576,-32.21259743743675,2.4923900498545675
BAT_0011,NMC_622,lithium_plating,450,75.68403537032825,0.0006191176470588236,0.0,29.59325296212136,30.0,0.06981880912481728,0.06981880912481728,0.30315296695960303,0.30315296695960303,0.30315296695960303,0.30315296695960303,0.15250000000000005,3.0,0.001,0.35983259433868325,0.1,2.0,0.3303989895976579,0.3303989895976579,-23.43152083883719,-23.43152083883719,-31.64078374961725,2.1842251667078854
BAT_0011,NMC_622,lithium_plating,475,74.28773924992254,0.0006257352941176472,0.0,25.51592214814945,30.0,0.08093916517900386,0.08093916517900386,0.3742054526219484,0.3742054526219484,0.3742054526219484,0.3742054526219484,0.15625000000000006,3.0,0.001,0.45989059842749797,0.1,1.0,0.40086248804741564,0.40086248804741564,-21.012727245755535,-21.012727245755535,-34.06079696971165,1.9304622138669192
BAT_0011,NMC_622,lithium_plating,500,72.89308039690631,0.0006323529411764707,0.0,27.45184479692094,30.0,0.07937974473319816,0.07937974473319816,0.37544385357033605,0.37544385357033605,0.37544385357033605,0.37544385357033605,0.16000000000000006,3.0,0.001,0.46369006066175,0.1,1.0,0.39795218215667044,0.39795218215667044,-19.362541430749282,-19.362541430749282,-36.732008276187166,2.015627545008783
BAT_0012,NMC_622,SEI_growth,0,100.0,0.0,66666.66666666667,24.199483718105654,51.63194024655168,0.03571814695700614,0.03571814695700614,0.1446341660950283,0.1446341660950283,0.1446341660950283,0.1446341660950283,0.085,1.8724110951987685,0.001,0.17374021695423308,1.0,2.0,0.14655921540777941,0.14655921540777941,-9.29669349824504,-9.29669349824504,-34.217537452091044,2.3797427146014694
BAT_0012,NMC_622,SEI_growth,25,99.07361906437536,0.0003722794117647058,51234.68680140332,29.505381709640254,60.882641878506014,0.03174779071105951,0.03174779071105951,0.13046218820013614,0.13046218820013614,0.13046218820013614,0.13046218820013614,0.0925,0.8602969896859207,0.001,0.14864814689178613,2.0,2.0,0.13185267590999583,0.13185267590999583,-8.328353249548949,-8.328353249548949,-34.0630277430174,2.913588565637644
BAT_0012,NMC_622,SEI_growth,50,98.04653812831243,0.00039455882352941175,45738.52376911091,31.75068539063248,63.19861511096481,0.030528991866551194,0.030528991866551194,0.11908289924220392,0.11908289924220392,0.11908289924220392,0.11908289924220392,0.1,0.7957747154594768,0.001,0.14093287773578364,2.0,5.0,0.12037473263563245,0.12037473263563245,-8.401607290627284,-8.401607290627284,-32.86274883057082,3.2755749170205672
BAT_0012,NMC_622,SEI_growth,75,96.92207628054058,0.00041683823529411774,40596.26696337129,27.847916846801972,55.04505216119655,0.035908640955548916,0.035908640955548916,0.150886156426484,0.150886156426484,0.150886156426484,0.150886156426484,0.10750000000000001,1.4805110985292589,0.001,0.17428560067704582,1.0,2.0,0.1522366086656291,0.1522366086656291,-7.637289633253293,-7.637289633253293,-36.99242230332493,2.993708398295374
BAT_0012,NMC_622,SEI_growth,100,95.70383983122177,0.00043911764705882356,35762.26083466445,31.09844226694073,80.0,0.032583438868984974,0.032583438868984974,0.14153308396309094,0.14153308396309094,0.14153308396309094,0.14153308396309094,0.11500000000000002,1.3839560268860462,0.001,0.1696376269587886,1.0,2.0,0.14299623272698045,0.14299623272698045,-8.203337555690785,-8.203337555690785,-34.87146813081995,3.52940033316939
BAT_0012,NMC_622,SEI_growth,125,94.395703055459,0.00046139705882352944,31200.248853265708,27.849530763774478,63.80047912714839,0.0377370144433713,0.0377370144433713,0.16109261540997202,0.16109261540997202,0.16109261540997202,0.16109261540997202,0.12250000000000003,1.2992240252399616,0.001,0.18447996391697105,1.0,2.0,0.16300484761233364,0.16300484761233364,-8.78482600269893,-8.78482600269893,-35.91488641221493,3.246149749970954
BAT_0012,NMC_622,SEI_growth,150,93.00178768611543,0.0004836764705882353,26881.166392698375,24.863798163149458,64.3206542933525,0.042404428039978986,0.042404428039978986,0.1949426028051803,0.1949426028051803,0.1949426028051803,0.1949426028051803,0.13000000000000003,1.2242687930145792,0.001,0.22797069369765227,1.0,2.0,0.19713349468926653,0.19713349468926653,-8.550094898461868,-8.550094898461868,-39.97688637505614,3.065717567925589
BAT_0012,NMC_622,SEI_growth,175,91.52644130769522,0.0005059558823529412,22781.51457413966,24.349269889632932,80.0,0.04461263833092207,0.04461263833092207,0.19753163123288406,0.19753163123288406,0.19753163123288406,0.19753163123288406,0.13750000000000004,1.157490495213784,0.001,0.24336460664483045,1.0,2.0,0.19964479158923779,0.19964479158923779,-8.343699993798765,-8.343699993798765,-35.52277294328525,3.082086268471048
BAT_0012,NMC_622,SEI_growth,200,89.9742148095482,0.0005282352941176472,18882.14384881062,20.54903302327328,63.07809297454333,0.05232319731435595,0.05232319731435595,0.21738196594431453,0.21738196594431453,0.21738196594431453,0.21738196594431453,0.14500000000000005,1.0976202971854847,0.001,0.2741437592099083,1.0,2.0,0.22066765583474213,0.22066765583474213,-9.899697652118038,-9.899697652118038,-39.140131832696746,2.7712373754387576
BAT_0012,NMC_622,SEI_growth,225,88.34983906168556,0.0005505147058823531,15167.331539858895,22.699089186645857,77.56153302837274,0.05000829071024785,0.05000829071024785,0.23249419690663067,0.23249419690663067,0.23249419690663067,0.23249419690663067,0.15250000000000005,1.0436389710943954,0.001,0.29215926119279845,1.0,2.0,0.23514281803329298,0.23514281803329298,-8.60776076792656,-8.60776076792656,-40.217296586900865,3.049494350518749
BAT_0012,NMC_622,SEI_growth,250,86.65820098000071,0.0005727941176470589,11624.07359794733,21.876544179363762,60.15350479386754,0.05211836956977486,0.05211836956977486,0.24615518922270066,0.24615518922270066,0.24615518922270066,0.24615518922270066,0.16000000000000006,0.9947183943243456,0.001,0.2980204375600054,1.0,2.0,0.2486682375680268,0.2486682375680268,-8.15256598850231,-8.15256598850231,-36.005533712443835,3.0699348678932825
BAT_0012,NMC_622,SEI_growth,275,84.90431914967,0.0005950735294117649,8241.534713395775,24.132612822421766,59.958491450940876,0.04924926569457527,0.04924926569457527,0.23892882005207902,0.23892882005207902,0.23892882005207902,0.23892882005207902,0.16750000000000007,0.950178764727733,0.001,0.2892945555065255,1.0,2.0,0.2408186035036414,0.2408186035036414,-7.182622607426861,-7.182622607426861,-39.98566849169341,3.401065937485641
BAT_0012,NMC_622,SEI_growth,300,83.09331917596523,0.0006173529411764708,5010.617054922246,21.74495187682676,65.55558215900284,0.055928635596178784,0.055928635596178784,0.28982969799197283,0.28982969799197283,0.28982969799197283,0.28982969799197283,0.17500000000000007,0.909456817667973,0.001,0.35054984732440053,1.0,2.0,0.29202604656850495,0.29202604656850495,-7.031533366187992,-7.031533366187992,-39.970968889093825,3.1289874700958484
BAT_0012,NMC_622,SEI_growth,325,81.23040893066683,0.0006396323529411767,1923.6189742578258,23.24144682459543,61.306572372301396,0.05458409615218206,0.05458409615218206,0.2724328716498056,0.2724328716498056,0.2724328716498056,0.2724328716498056,0.18250000000000008,0.8720818799555906,0.001,0.3198287521663159,1.0,2.0,0.274617452263031,0.274617452263031,-7.231791936492532,-7.231791936492532,-43.1226644128677,3.3434647244352043
BAT_0012,NMC_622,SEI_growth,350,79.32085385976193,0.0006619117647058825,0.0,27.733936690244505,50.65231049176766,0.04837752952805528,0.04837752952805528,0.2416185549770314,0.2416185549770314,0.2416185549770314,0.2416185549770314,0.19000000000000009,0.8376575952205014,0.001,0.27920298308599756,1.0,2.0,0.2433599648384217,0.2433599648384217,-6.858401041685828,-6.858401041685828,-40.47196293491483,3.927443212862173
BAT_0012,NMC_622,SEI_growth,375,77.36995251419701,0.0006841911764705885,0.0,29.045634984349682,30.0,0.04668119449155032,0.04668119449155032,0.23695646613194746,0.23695646613194746,0.23695646613194746,0.23695646613194746,0.1975000000000001,0.5,0.001,0.27136487489934424,2.0,2.0,0.23864375453464703,0.23864375453464703,-6.817316708980184,-6.817316708980184,-40.248455241862096,4.230825756520631
BAT_0012,NMC_622,SEI_growth,400,75.38301246020157,0.0007064705882352944,0.0,28.068804840658572,36.55767040761353,0.04971473066305615,0.04971473066305615,0.2286373700257385,0.2286373700257385,0.2286373700257385,0.2286373700257385,0.2050000000000001,0.7763655760580256,0.001,0.2735087898624402,1.0,5.0,0.23047808504466682,0.23047808504466682,-7.246120555542769,-7.246120555542769,-37.211961936442954,4.123526312339836
BAT_0012,NMC_622,SEI_growth,425,73.36532671918471,0.0007287500000000003,0.0,26.404800832981664,32.16037249516365,0.05458077743101616,0.05458077743101616,0.2662179908345741,0.2662179908345741,0.2662179908345741,0.2662179908345741,0.2125000000000001,0.5,0.001,0.30700090645213807,2.0,2.0,0.2679408821990759,0.2679408821990759,-6.500998628440348,-6.500998628440348,-40.93767445445746,3.893312078021896
BAT_0012,NMC_622,SEI_growth,450,71.32215087952774,0.000751029411764706,0.0,27.679157632635967,30.0,0.05242127293581126,0.05242127293581126,0.2827904546102301,0.2827904546102301,0.2827904546102301,0.2827904546102301,0.2200000000000001,0.5,0.001,0.32247720317582684,2.0,5.0,0.28410259766834345,0.28410259766834345,-5.50881152835685,-5.50881152835685,-40.196292121612146,4.1967695112895385
BAT_0012,NMC_622,SEI_growth,475,69.3821579784337,0.0007695588235294121,0.0,26.8903712809053,30.0,0.05464754213489743,0.05464754213489743,0.2882603351843332,0.2882603351843332,0.2882603351843332,0.2882603351843332,0.22750000000000012,0.6995821674369022,0.001,0.3238497185955638,1.0,5.0,0.29011013009129805,0.29011013009129805,-6.473646862803626,-6.473646862803626,-40.16605348058315,4.163041760202435
BAT_0012,NMC_622,SEI_growth,500,67.43243059824587,0.0007880882352941179,0.0,23.4254771699724,30.0,0.06261613802792539,0.06261613802792539,0.34881275180463206,0.34881275180463206,0.34881275180463206,0.34881275180463206,0.23500000000000013,0.6772550769867883,0.001,0.39482814936566746,1.0,2.0,0.3505454001268644,0.3505454001268644,-5.699014349470356,-5.699014349470356,-39.08733466638227,3.753026095208801
BAT_0013,NMC_622,electrode_cracking,0,100.0,0.0,66666.66666666667,21.98833518933876,49.500897669588376,0.038477408473129825,0.038477408473129825,0.16157352373146497,0.16157352373146497,0.16157352373146497,0.16157352373146497,0.085,1.8724110951987685,0.001,0.1838461775597113,1.0,2.0,0.1633744290848038,0.1633744290848038,-8.515120223813973,-8.515120223813973,-35.79824245762424,2.209088485243454
BAT_0013,NMC_622,electrode_cracking,25,98.97846773430179,0.00041071428571428574,46208.44317916957,28.64417929067273,75.47628724183349,0.03518151849381074,0.03518151849381074,0.12944693476143687,0.12944693476143687,0.12944693476143687,0.12944693476143687,0.085,1.8724110951987685,0.001,0.14613401781605484,1.0,2.0,0.13083042344748788,0.13083042344748788,-8.339778514195386,-8.339778514195386,-30.087577793823662,2.41604125231131
BAT_0013,NMC_622,electrode_cracking,50,97.91490228556528,0.0004214285714285714,42509.937626765066,30.86103218545771,63.34267388087914,0.03668385158695655,0.03668385158695655,0.11732289379434088,0.11732289379434088,0.11732289379434088,0.11732289379434088,0.085,0.9362055475993842,0.001,0.1346839024589656,2.0,5.0,0.11872024545130386,0.11872024545130386,-8.799439132203881,-8.799439132203881,-28.77623599379603,2.3170958425266046
BAT_0013,NMC_622,electrode_cracking,75,96.81088842658066,0.0004321428571428571,38901.22941688087,26.270891956570058,65.37222151680292,0.046998471229082205,0.046998471229082205,0.1479107536892418,0.1479107536892418,0.1479107536892418,0.1479107536892418,0.085,0.9362055475993842,0.001,0.16252649958981277,2.0,2.0,0.14938902049371264,0.14938902049371264,-8.067026457277493,-8.067026457277493,-27.630873003460145,1.8085694657106808
BAT_0013,NMC_622,electrode_cracking,100,95.66805811122514,0.00044285714285714284,35379.48605760515,29.30444507210928,80.0,0.047736431862839886,0.047736431862839886,0.15372929121339393,0.15372929121339393,0.15372929121339393,0.15372929121339393,0.085,0.9362055475993842,0.001,0.16651903657503467,2.0,5.0,0.15473673862235637,0.15473673862235637,-6.541660712303068,-6.541660712303068,-25.548607961491605,1.7806106716192942
BAT_0013,NMC_622,electrode_cracking,125,94.48808646668081,0.00045357142857142856,31942.23787929628,28.6496487721294,72.7313394415664,0.053802891923563245,0.053802891923563245,0.1504853104966593,0.1504853104966593,0.1504853104966593,0.1504853104966593,0.085,0.9362055475993842,0.001,0.15755451992575842,2.0,5.0,0.15127227499261675,0.15127227499261675,-5.846877412329253,-5.846877412329253,-24.77291291654618,1.5798407290217393
BAT_0013,NMC_622,electrode_cracking,150,93.2726877169743,0.0004642857142857143,28587.327390406193,26.515670812010764,71.4693278345755,0.0609242301492525,0.0609242301492525,0.15759517380494228,0.15759517380494228,0.15759517380494228,0.15759517380494228,0.085,0.9362055475993842,0.001,0.1825669434663003,2.0,5.0,0.15878959607404247,0.15878959607404247,-7.031988668557169,-7.031988668557169,-22.126233210971442,1.3951756106193964
BAT_0013,NMC_622,electrode_cracking,175,92.02361105166659,0.000475,25312.865371929667,20.39278543993121,80.0,0.0817135934714737,0.0817135934714737,0.19627810999004935,0.19627810999004935,0.19627810999004935,0.19627810999004935,0.085,0.9362055475993842,0.001,0.20683822991364365,2.0,2.0,0.19783235330215443,0.19783235330215443,-7.186761243372235,-7.186761243372235,-24.77825138596581,1.0402186024247435
BAT_0013,NMC_622,electrode_cracking,200,90.74263645355882,0.0004857142857142857,22117.192698503444,21.744950893363107,77.91594640242815,0.08337782040620921,0.08337782040620921,0.20076189050601267,0.20076189050601267,0.20076189050601267,0.20076189050601267,0.085,0.9362055475993842,0.001,0.21950111327445904,2.0,2.0,0.202201844744356,0.202201844744356,-6.841912044904759,-6.841912044904759,-20.47825984725363,1.0194557687630557
BAT_0013,NMC_622,electrode_cracking,225,89.43157049925796,0.0004964285714285714,18998.847048864955,18.059642166894722,80.0,0.10123163317312331,0.10123163317312331,0.2299195976266948,0.2299195976266948,0.2299195976266948,0.2299195976266948,0.085,0.9362055475993842,0.001,0.2623040901034915,2.0,2.0,0.23119822535921417,0.23119822535921417,-6.028618452854161,-6.028618452854161,-19.775611139669394,0.839658487526676
BAT_0013,NMC_622,electrode_cracking,250,88.09224214636555,0.0005071428571428572,15956.533809734887,18.111535126470496,74.73386403208397,0.10567736889049356,0.10567736889049356,0.2212974586252749,0.2212974586252749,0.2212974586252749,0.2212974586252749,0.085,0.9362055475993842,0.001,0.24148609460409975,2.0,5.0,0.2227065560308099,0.2227065560308099,-6.448680941951634,-6.448680941951634,-19.42426634103839,0.8043349384301937
BAT_0013,NMC_622,electrode_cracking,275,86.72649852091455,0.0005178571428571428,12989.10059211085,22.61724119570751,67.95948654936437,0.09727713433515563,0.09727713433515563,0.19958617707543036,0.19958617707543036,0.19958617707543036,0.19958617707543036,0.085,0.9362055475993842,0.001,0.20071223016996045,2.0,5.0,0.20060534017809797,0.20060534017809797,-5.777929921410507,-5.777929921410507,-17.961661872765983,0.8737921874542853
BAT_0013,NMC_622,electrode_cracking,300,85.33620071848536,0.0005285714285714285,10095.51487281014,25.27690481827272,57.91857611018641,0.09376129248181457,0.09376129248181457,0.20651474947252643,0.20651474947252643,0.20651474947252643,0.20651474947252643,0.08621101387748066,0.5,0.001,0.2072284231652714,5.0,5.0,0.20720132645701264,0.20720132645701264,-4.665583647889213,-4.665583647889213,-18.32193177144375,0.9194733945695307
BAT_0013,NMC_622,electrode_cracking,325,84.21596166095713,0.0005285714285714286,7976.143682891876,26.846025244957787,57.9610030283227,0.09410743875538709,0.09410743875538709,0.18343830824167204,0.18343830824167204,0.18343830824167204,0.18343830824167204,0.0670468326144416,0.5,0.001,0.200800987747358,5.0,5.0,0.18416060796475708,0.18416060796475708,-5.076215288731973,-5.076215288731973,-17.45288248804436,0.7124498711384127
BAT_0013,NMC_622,electrode_cracking,350,83.11042838521257,0.0005285714285714286,5884.594242294054,28.82175954098307,41.986013376431835,0.09210404101533154,0.09210404101533154,0.1726804318366298,0.1726804318366298,0.1726804318366298,0.1726804318366298,0.08170524164293641,0.5,0.001,0.17875043491241305,5.0,5.0,0.17348288760485378,0.17348288760485378,-5.512992573893151,-5.512992573893151,-17.1937132637574,0.8870972515672341
BAT_0013,NMC_622,electrode_cracking,375,82.01940784315498,0.0005285714285714286,3820.5013248877995,29.781921755971563,30.427330074831747,0.09324308954817695,0.09324308954817695,0.1802475615646023,0.1802475615646023,0.1802475615646023,0.1802475615646023,0.07533386430673805,0.5,0.001,0.18330275566108883,5.0,5.0,0.1809326000082645,0.1809326000082645,-4.9873955221711235,-4.9873955221711235,-17.795572289343646,0.8079297315412791
BAT_0013,NMC_622,electrode_cracking,400,80.94270952089963,0.0005285714285714286,1783.504498999293,31.255567501238435,30.195036881138787,0.09544190363836295,0.09544190363836295,0.17105254462641045,0.17105254462641045,0.17105254462641045,0.17105254462641045,0.0762657003264187,0.5,0.001495150129804449,0.16931459714214114,5.0,5.0,0.17161945329157705,0.17161945329157705,-4.658333133959941,-4.658333133959941,-17.989971329433256,0.7990798320137826
BAT_0013,NMC_622,electrode_cracking,425,79.88014540550621,0.0005285714285714286,0.0,28.59628830281873,36.156573263702086,0.10783472483369629,0.10783472483369629,0.20275727844839453,0.20275727844839453,0.20275727844839453,0.20275727844839453,0.08222086707066088,0.5,0.001,0.2136080592056735,5.0,5.0,0.2033295701631829,0.2033295701631829,-4.299797517969159,-4.299797517969159,-17.4567904360662,0.7624711538649788
BAT_0013,NMC_622,electrode_cracking,450,78.83152995214799,0.0005285714285714286,0.0,28.112466986718083,30.0,0.11173449670550856,0.11173449670550856,0.21286668647147572,0.21286668647147572,0.21286668647147572,0.21286668647147572,0.07806160001960274,0.5,0.001,0.231627949845631,5.0,5.0,0.2134748921249674,0.2134748921249674,-4.326060816594474,-4.326060816594474,-15.407350500088928,0.6986347307344544
BAT_0013,NMC_622,electrode_cracking,475,77.7966800517121,0.0005285714285714285,0.0,22.476858705296028,30.0,0.14029714121144843,0.14029714121144843,0.24644784194716812,0.24644784194716812,0.24644784194716812,0.24644784194716812,0.085,0.9362055475993842,0.001,0.2538503150739124,2.0,5.0,0.24727507874037571,0.24727507874037571,-4.687955988878511,-4.687955988878511,-15.486776132586222,0.6058569637701491
BAT_0013,NMC_622,electrode_cracking,500,76.77541499882493,0.0005285714285714286,0.0,18.736101081060262,30.0,0.165290457077909,0.165290457077909,0.29963371545063083,0.29963371545063083,0.29963371545063083,0.29963371545063083,0.085,0.9362055475993842,0.001,0.31739319274393524,2.0,5.0,0.30064540848452753,0.30064540848452753,-4.701718064991225,-4.701718064991225,-13.973007799812688,0.5142462638356405
BAT_0014,NMC_622,lithium_plating,0,100.0,0.0,66666.66666666667,24.656048512702355,53.72519667091671,0.035928504296747564,0.035928504296747564,0.13900184960296236,0.13900184960296236,0.13900184960296236,0.13900184960296236,0.085,1.8724110951987685,0.001,0.158322514182311,1.0,2.0,0.14039477321274635,0.14039477321274635,-8.07765937235994,-8.07765937235994,-33.44404139788575,2.365809589454428
BAT_0014,NMC_622,lithium_plating,25,98.7414427975355,0.0005066176470588235,36993.268802102,24.22038919651985,64.64238836120013,0.037906565347051384,0.037906565347051384,0.15156620575505025,0.15156620575505025,0.15156620575505025,0.15156620575505025,0.08875000000000001,1.7932951334298064,0.001,0.17476757203840088,1.0,2.0,0.15418820157411647,0.15418820157411647,-10.581455780611918,-10.581455780611918,-33.30615809378298,2.3412830782070198
BAT_0014,NMC_622,lithium_plating,50,97.46646998641208,0.0005132352941176471,34032.09051793757,29.549881975679867,63.52673283499873,0.034098536622172056,0.034098536622172056,0.12298260254427384,0.12298260254427384,0.12298260254427384,0.12298260254427384,0.09250000000000001,1.7205939793718414,0.001,0.14698488680182004,1.0,2.0,0.12716367470572112,0.12716367470572112,-14.733200965229738,-14.733200965229738,-36.809386162757356,2.712726385444157
BAT_0014,NMC_622,lithium_plating,75,96.17613167494507,0.0005198529411764706,31116.74551333139,27.95594199917195,70.1481957277947,0.03863417754874861,0.03863417754874861,0.16483409636714663,0.16483409636714663,0.16483409636714663,0.16483409636714663,0.09625000000000002,1.6535578503054058,0.001,0.18920337940442272,1.0,2.0,0.16953427314746441,0.16953427314746441,-13.523044535203907,-13.523044535203907,-35.73256534395194,2.4913174320470977
BAT_0014,NMC_622,lithium_plating,100,94.8714793915246,0.0005264705882352942,28247.502754851197,29.103339956946492,80.0,0.03960432414003389,0.03960432414003389,0.1604259392125429,0.1604259392125429,0.1604259392125429,0.1604259392125429,0.10000000000000002,1.591549430918953,0.001,0.18686249853682418,1.0,2.0,0.1667742518952817,0.1667742518952817,-15.85950506049812,-15.85950506049812,-34.38266492950372,2.524976809259961
BAT_0014,NMC_622,lithium_plating,125,93.55356468366381,0.0005330882352941177,25424.617889355555,26.177438490720185,78.72581530468784,0.045759238886281285,0.045759238886281285,0.20331812037307326,0.20331812037307326,0.20331812037307326,0.20331812037307326,0.10375000000000002,1.5340235478736899,0.001,0.24470636701276394,1.0,2.0,0.21252561967715605,0.21252561967715605,-16.9271324054511,-16.9271324054511,-31.8461226821432,2.267301697430647
BAT_0014,NMC_622,lithium_plating,150,92.22343773578838,0.0005397058823529412,22648.331499553402,29.80874868393978,71.40116835770162,0.04287488088449897,0.04287488088449897,0.18971186375171858,0.18971186375171858,0.18971186375171858,0.18971186375171858,0.10750000000000003,1.4805110985292587,0.001,0.21399208035307066,1.0,2.0,0.1975022384565162,0.1975022384565162,-16.14614220879416,-16.14614220879416,-35.59109468658874,2.5072955955165273
BAT_0014,NMC_622,lithium_plating,175,90.88214600823837,0.0005463235294117648,19918.867525173857,25.548278552449545,80.0,0.05227686435853212,0.05227686435853212,0.22341761141195446,0.22341761141195446,0.22341761141195446,0.22341761141195446,0.11125000000000003,2.8612124600790168,0.001,0.25861712317715135,0.5,2.0,0.2348589681593739,0.2348589681593739,-17.957747752074642,-17.957747752074642,-32.66900131901878,2.128092443284481
BAT_0014,NMC_622,lithium_plating,200,89.53073289986907,0.0005529411764705883,17236.431840188732,22.407586474293023,65.96631287087004,0.05956139909712142,0.05956139909712142,0.269694202447804,0.269694202447804,0.269694202447804,0.269694202447804,0.11500000000000003,3.0,0.001,0.33335017878173656,0.1,2.0,0.2861825133286023,0.2861825133286023,-19.54392074388052,-19.54392074388052,-34.37617706942005,1.9307807026574353
BAT_0014,NMC_622,lithium_plating,225,88.17023643655152,0.0005595588235294118,14601.210977279981,16.108064305193412,61.655721607234526,0.07751351951394686,0.07751351951394686,0.36906161082160865,0.36906161082160865,0.36906161082160865,0.36906161082160865,0.11875000000000004,3.0,0.001,0.46231759396159366,0.1,1.0,0.3878438581239736,0.3878438581239736,-17.904053375269175,-17.904053375269175,-33.840712557914934,1.531990815855466
BAT_0014,NMC_622,lithium_plating,250,86.80168798777922,0.0005661764705882354,12013.370991402253,22.111449356879824,72.58640888312003,0.06561055792379575,0.06561055792379575,0.2746865953976791,0.2746865953976791,0.2746865953976791,0.2746865953976791,0.12250000000000004,3.0,0.001,0.34666158830840194,0.1,1.0,0.2975495415186056,0.2975495415186056,-22.60710482817878,-22.60710482817878,-35.66387466907742,1.8670775539247706
BAT_0014,NMC_622,lithium_plating,275,85.4261110134916,0.0005727941176470589,9473.05645487623,21.11758527486822,63.38448347145235,0.0706781863691301,0.0706781863691301,0.30171153341969426,0.30171153341969426,0.30171153341969426,0.30171153341969426,0.12625000000000003,2.5212664252181436,0.001,0.35470781037835813,0.5,2.0,0.32371880676121206,0.32371880676121206,-21.248506570204597,-21.248506570204597,-34.39430156938553,1.7862654163285359
BAT_0014,NMC_622,lithium_plating,300,84.0445198431231,0.0005794117647058823,6980.389576963722,20.91592104935633,52.50138592827837,0.07473684102296849,0.07473684102296849,0.30619024851257376,0.30619024851257376,0.30619024851257376,0.30619024851257376,0.13000000000000003,2.4485375860291585,0.001,0.36926721150394837,0.5,1.0,0.3251317877335991,0.3251317877335991,-19.653815039788828,-19.653815039788828,-33.73412332460812,1.7394366449078014
BAT_0014,NMC_622,lithium_plating,325,82.65791848878177,0.000586029411764706,4535.4694413340185,25.458521997861,33.286710778911356,0.06743859563330705,0.06743859563330705,0.296630420466069,0.296630420466069,0.296630420466069,0.296630420466069,0.13375000000000004,3.0,0.001,0.36741703049294927,0.1,1.0,0.31547499286036806,0.31547499286036806,-19.903718507981186,-19.903718507981186,-33.06181452494276,1.9832856651887727
BAT_0014,NMC_622,lithium_plating,350,81.26729949435384,0.0005926470588235295,2138.371355237241,26.008441101474084,32.29451556425379,0.0681987716009424,0.0681987716009424,0.2980915694382203,0.2980915694382203,0.2980915694382203,0.2980915694382203,0.13750000000000004,3.0,0.001,0.3710038024255152,0.1,1.0,0.32181590428286594,0.32181590428286594,-22.137864985890563,-22.137864985890563,-33.42291439705182,2.016165346856482
BAT_0014,NMC_622,lithium_plating,375,79.87364282221796,0.0005992647058823531,0.0,25.67527817935559,30.0,0.07151103806904341,0.07151103806904341,0.3039390300678278,0.3039390300678278,0.3039390300678278,0.3039390300678278,0.14125000000000004,3.0,0.001,0.3704074879058099,0.1,1.0,0.3317735165972009,0.3317735165972009,-23.637007337619366,-23.637007337619366,-32.41911268878354,1.9752195439202567
BAT_0014,NMC_622,lithium_plating,400,78.47791477914093,0.0006058823529411766,0.0,30.197881791716433,30.0,0.06381156175104072,0.06381156175104072,0.30016378571938335,0.30016378571938335,0.30016378571938335,0.30016378571938335,0.14500000000000005,3.0,0.001,0.35081070538339254,0.1,2.0,0.3207237676927918,0.3207237676927918,-20.626769550413385,-20.626769550413385,-33.53787586040453,2.2723154867406956
BAT_0014,NMC_622,lithium_plating,425,77.08106698280844,0.0006125,0.0,29.358038988578933,34.36170270324601,0.0678366637588458,0.0678366637588458,0.3117810119030037,0.3117810119030037,0.3117810119030037,0.3117810119030037,0.14875000000000005,3.0,0.001,0.37297837122353966,0.1,1.0,0.3356124775426743,0.3356124775426743,-21.72190850356318,-21.72190850356318,-32.28727204109642,2.192767034192528
BAT_0014,NMC_622,lithium_plating,450,75.68403537032825,0.0006191176470588236,0.0,29.41600513491882,30.0,0.06828186438578522,0.06828186438578522,0.32357938669213593,0.32357938669213593,0.32357938669213593,0.32357938669213593,0.15250000000000005,3.0,0.001,0.3789233121713373,0.1,1.0,0.348271312124031,0.348271312124031,-21.704819574995266,-21.704819574995266,-31.78042519043373,2.2333895152363064
BAT_0014,NMC_622,lithium_plating,475,74.28773924992254,0.0006257352941176472,0.0,23.914535251542524,30.0,0.08498382334862144,0.08498382334862144,0.3743000982897538,0.3743000982897538,0.3743000982897538,0.3743000982897538,0.15625000000000006,3.0,0.001,0.46962822172860386,0.1,1.0,0.4090166725899483,0.4090166725899483,-23.77696125359663,-23.77696125359663,-36.20287721299972,1.8385852017863429
BAT_0014,NMC_622,lithium_plating,500,72.89308039690631,0.0006323529411764707,0.0,25.27032344129029,30.0,0.08492098186483467,0.08492098186483467,0.39223390506516326,0.39223390506516326,0.39223390506516326,0.39223390506516326,0.16000000000000006,3.0,0.001,0.4753925262883628,0.1,1.0,0.4172480290724063,0.4172480290724063,-19.940087190670948,-19.940087190670948,-35.48621725724703,1.8841044520029886
BAT_0015,NMC_622,normal_aging,0,100.0,0.0,66666.66666666667,26.861066638649184,43.391588032474196,0.032804756545040906,0.032804756545040906,0.12734397856988064,0.12734397856988064,0.12734397856988064,0.12734397856988064,0.085,1.8724110951987685,0.001,0.14217106303546492,1.0,2.0,0.1288171514055823,0.1288171514055823,-8.673460290043385,-8.673460290043385,-32.73421044714966,2.5910876638665212
BAT_0015,NMC_622,normal_aging,25,99.3696422023698,0.00025294117647058827,64565.47400789935,26.29887473104186,51.47714155336847,0.03364096780885639,0.03364096780885639,0.12715899722709875,0.12715899722709875,0.12715899722709875,0.12715899722709875,0.08750000000000001,1.8189136353359467,0.001,0.14394606567795656,1.0,2.0,0.12886636120925582,0.12886636120925582,-9.337090651816908,-9.337090651816908,-31.787022861743036,2.6009953250204823
BAT_0015,NMC_622,normal_aging,50,98.72873791460279,0.0002558823529411765,62429.1263820093,30.58478041314902,70.48014339149314,0.03057292435631484,0.03057292435631484,0.1242447401372556,0.1242447401372556,0.1242447401372556,0.1242447401372556,0.09000000000000001,0.8841941282883075,0.001,0.1464441602869384,2.0,2.0,0.12534819416981172,0.12534819416981172,-7.608075663991892,-7.608075663991892,-31.469922435441326,2.943781201663507
BAT_0015,NMC_622,normal_aging,75,98.0775430379444,0.00025882352941176474,60258.47679314799,28.317815111926926,73.81517707632169,0.03265866418642265,0.03265866418642265,0.13080807980984369,0.13080807980984369,0.13080807980984369,0.13080807980984369,0.09250000000000001,1.7205939793718414,0.001,0.15215502929680105,1.0,2.0,0.1324649586940535,0.1324649586940535,-9.07164884770127,-9.07164884770127,-33.25016064953605,2.832326499087354
BAT_0015,NMC_622,normal_aging,100,97.4163163292763,0.000261764705882353,58054.38776425434,27.31260536592368,64.7663800828459,0.03461288838011573,0.03461288838011573,0.13983894858224438,0.13983894858224438,0.13983894858224438,0.13983894858224438,0.09500000000000001,1.6753151904410035,0.001,0.1532382544894208,1.0,2.0,0.14147675196262152,0.14147675196262152,-8.726615285888693,-8.726615285888693,-34.523594532187154,2.7446423701113374
BAT_0015,NMC_622,normal_aging,125,96.74531923059155,0.00026470588235294115,55817.730768638496,26.055688994012666,80.0,0.036556806084784794,0.036556806084784794,0.1551304609369592,0.1551304609369592,0.1551304609369592,0.1551304609369592,0.09750000000000002,1.6323583906861059,0.001,0.17684587325961,1.0,2.0,0.15670546380573777,0.15670546380573777,-8.130189251936901,-8.130189251936901,-36.317978594715825,2.6670820140542917
BAT_0015,NMC_622,normal_aging,150,96.06481569763919,0.0002676470588235294,53549.385658797306,25.593807107072145,79.13894163843344,0.03739852870508972,0.03739852870508972,0.16673022505386,0.16673022505386,0.16673022505386,0.16673022505386,0.10000000000000002,1.591549430918953,0.001,0.18995603744160758,1.0,2.0,0.16822091417651983,0.16822091417651983,-7.633301345323723,-7.633301345323723,-37.98712075522788,2.673901981239989
BAT_0015,NMC_622,normal_aging,175,95.37507202789479,0.0002705882352941177,51250.24009298263,22.796724058292163,80.0,0.0414446326746137,0.0414446326746137,0.17964681967714022,0.17964681967714022,0.17964681967714022,0.17964681967714022,0.10250000000000002,1.5527311521160518,0.001,0.21003873813116872,1.0,2.0,0.1817242075912654,0.1817242075912654,-8.671707684854812,-8.671707684854812,-34.94462800198108,2.4731791159723535
BAT_0015,NMC_622,normal_aging,200,94.67635668801289,0.00027352941176470594,48921.188960042964,20.11013949098789,66.69745849182634,0.0453851218861659,0.0453851218861659,0.19110534468655727,0.19110534468655727,0.19110534468655727,0.19110534468655727,0.10500000000000002,1.5157613627799553,0.001,0.22591281849548855,1.0,2.0,0.19317721204793348,0.19317721204793348,-8.399038687708162,-8.399038687708162,-31.977961831265972,2.313533502528847
BAT_0015,NMC_622,normal_aging,225,93.96894014091636,0.00027647058823529415,46563.13380305454,18.409114931301097,80.0,0.04929722071058208,0.04929722071058208,0.1962552934541872,0.1962552934541872,0.1962552934541872,0.1962552934541872,0.10750000000000003,1.4805110985292587,0.001,0.23073151477022757,1.0,2.0,0.19958358696428932,0.19958358696428932,-10.478314095282707,-10.478314095282707,-35.8938298011326,2.1806503176136296
BAT_0015,NMC_622,normal_aging,250,93.2530946726777,0.00027941176470588236,44176.98224225902,22.57570468956299,76.93718982000904,0.04307338263783853,0.04307338263783853,0.1744988155222268,0.1744988155222268,0.1744988155222268,0.1744988155222268,0.11000000000000003,1.4468631190172299,0.001,0.21471965396142234,1.0,2.0,0.1769533047856296,0.1769533047856296,-9.554151931208098,-9.554151931208098,-36.264118871233435,2.5537813207028854
BAT_0015,NMC_622,normal_aging,275,92.52909421934564,0.0002823529411764706,41763.64739781879,20.74886439651351,63.23652751376068,0.04509543535471748,0.04509543535471748,0.20355955163317938,0.20355955163317938,0.20355955163317938,0.20355955163317938,0.11250000000000003,1.4147106052612914,0.001,0.23909178515188656,1.0,2.0,0.20574019256197457,0.20574019256197457,-8.349384803170148,-8.349384803170148,-35.99703576831727,2.494709256382227
BAT_0015,NMC_622,normal_aging,300,91.7972141938697,0.0002852941176470589,39324.04731289903,24.95390420353631,60.00876978786813,0.041319497331057345,0.041319497331057345,0.17267572838922807,0.17267572838922807,0.17267572838922807,0.17267572838922807,0.11500000000000003,1.383956026886046,0.001,0.19163681900425503,1.0,2.0,0.1744299312005456,0.1744299312005456,-8.132642217527,-8.132642217527,-40.8492974603193,2.7831897149813956
BAT_0015,NMC_622,normal_aging,325,91.05773131327433,0.0002882352941176471,36859.104377581105,26.504526475374178,45.790299600947776,0.040058589450526295,0.040058589450526295,0.1547274201000096,0.1547274201000096,0.1547274201000096,0.1547274201000096,0.11750000000000003,1.3545101539735769,0.001,0.18286976950070738,1.0,2.0,0.15627007037971463,0.15627007037971463,-8.057334325874383,-8.057334325874383,-37.79592846315941,2.9332036302755116
BAT_0015,NMC_622,normal_aging,350,90.31092342623221,0.00029117647058823535,34369.74475410736,32.55557524154586,36.11105395722029,0.03295800979569847,0.03295800979569847,0.13781138746212504,0.13781138746212504,0.13781138746212504,0.13781138746212504,0.12000000000000004,1.3262911924324607,0.001,0.15763298438432172,1.0,5.0,0.13886350598886094,0.13886350598886094,-7.057493562438316,-7.057493562438316,-32.425028917187525,3.6409965511831937
BAT_0015,NMC_622,normal_aging,375,89.55706934118525,0.0002941176470588236,31856.89780395085,29.382998492734128,30.0,0.037290916031214254,0.037290916031214254,0.16220190223801678,0.16220190223801678,0.16220190223801678,0.16220190223801678,0.12250000000000004,1.2992240252399616,0.001,0.18928542730504416,1.0,2.0,0.16377631055135983,0.16377631055135983,-7.950955127494843,-7.950955127494843,-34.81057362051093,3.2849823237772378
BAT_0015,NMC_622,normal_aging,400,88.79644865516005,0.0002970588235294118,29321.495517200165,32.71580115841898,30.0,0.033225515872532474,0.033225515872532474,0.15086988836951318,0.15086988836951318,0.15086988836951318,0.15086988836951318,0.12500000000000003,0.6366197723675812,0.001,0.17094420031409827,2.0,2.0,0.1520027366063374,0.1520027366063374,-6.999514039516717,-6.999514039516717,-36.38637151375067,3.762168824693479
BAT_0015,NMC_622,normal_aging,425,88.02934158342211,0.00030000000000000003,26764.471944740362,26.132987077056708,30.0,0.0418886264942111,0.0418886264942111,0.18086574713896073,0.18086574713896073,0.18086574713896073,0.18086574713896073,0.12750000000000003,1.2482740634658456,0.001,0.20960119063221522,1.0,2.0,0.18245055834467055,0.18245055834467055,-7.5573348652555765,-7.5573348652555765,-34.82718596831304,3.043785644717193
BAT_0015,NMC_622,normal_aging,450,87.25602879011191,0.0003029411764705883,23951.939695515048,26.991447975237143,30.0,0.04116981259915343,0.04116981259915343,0.18018473965622026,0.18018473965622026,0.18018473965622026,0.18018473965622026,0.13000000000000003,1.2242687930145792,0.001,0.19761667994176768,1.0,2.0,0.18152061760490867,0.18152061760490867,-6.95544218734106,-6.95544218734106,-36.385269185134696,3.1576534308216213
BAT_0015,NMC_622,normal_aging,475,86.47679122000294,0.00030588235294117655,21174.12514231729,23.46108287123652,30.0,0.046003432900422934,0.046003432900422934,0.20691140182858592,0.20691140182858592,0.20691140182858592,0.20691140182858592,0.13250000000000003,1.201169381825625,0.001,0.22799753981951223,1.0,2.0,0.20874656998907087,0.20874656998907087,-7.602992697927989,-7.602992697927989,-37.50297070071581,2.8802198367848737
BAT_0015,NMC_622,normal_aging,500,85.69190993152002,0.0003088235294117647,18430.946444921956,21.094295979195856,30.0,0.050034247619169706,0.050034247619169706,0.23062250537693163,0.23062250537693163,0.23062250537693163,0.23062250537693163,0.13500000000000004,1.1789255043844096,0.001,0.2772084684950761,1.0,2.0,0.23297506314563232,0.23297506314563232,-8.149279118768929,-8.149279118768929,-36.632413906318924,2.6981518944291523
BAT_0016,NMC_622,SEI_growth,0,100.0,0.0,66666.66666666667,24.818360333249228,59.90885121604348,0.0345211931329559,0.0345211931329559,0.1422578237164281,0.1422578237164281,0.1422578237164281,0.1422578237164281,0.085,1.8724110951987685,0.001,0.165156958832583,1.0,2.0,0.14407163252849903,0.14407163252849903,-9.101245610550357,-9.101245610550357,-36.78205816934236,2.4622555678370848
BAT_0016,NMC_622,SEI_growth,25,99.07361906437536,0.0003722794117647058,51234.68680140332,26.11581164781549,68.32729552506238,0.03461276065133364,0.03461276065133364,0.13913371585404274,0.13913371585404274,0.13913371585404274,0.13913371585404274,0.0925,1.7205939793718414,0.001,0.16253139627307012,1.0,2.0,0.14090050443328095,0.14090050443328095,-9.082983094499205,-9.082983094499205,-32.51892809041461,2.6724248011242047
BAT_0016,NMC_622,SEI_growth,50,98.04653812831243,0.00039455882352941175,45738.52376911091,35.0,68.62527203481463,0.026904483177804348,0.026904483177804348,0.11962185611545104,0.11962185611545104,0.11962185611545104,0.11962185611545104,0.1,0.7957747154594768,0.001,0.1330944195541588,2.0,5.0,0.12053461938213589,0.12053461938213589,-7.055621102377392,-7.055621102377392,-32.069808226772544,3.7168526650048412
BAT_0016,NMC_622,SEI_growth,75,96.92207628054058,0.00041683823529411774,40596.26696337129,25.22995107850287,80.0,0.03854699212563522,0.03854699212563522,0.17219225044835523,0.17219225044835523,0.17219225044835523,0.17219225044835523,0.10750000000000001,1.4805110985292589,0.001,0.19342379189885628,1.0,2.0,0.17420698476581958,0.17420698476581958,-8.72234354659318,-8.72234354659318,-33.616447678144375,2.788803848809475
BAT_0016,NMC_622,SEI_growth,100,95.70383983122177,0.00043911764705882356,35762.26083466445,28.800368445364388,62.75638323748692,0.03480649945863044,0.03480649945863044,0.14375607549335348,0.14375607549335348,0.14375607549335348,0.14375607549335348,0.11500000000000002,1.3839560268860462,0.001,0.1708214590647827,1.0,2.0,0.1452824635993547,0.1452824635993547,-8.312745623344803,-8.312745623344803,-36.471280527510956,3.3039806297293484
BAT_0016,NMC_622,SEI_growth,125,94.395703055459,0.00046139705882352944,31200.248853265708,30.677779598407973,80.0,0.034233644872505846,0.034233644872505846,0.1596187084623935,0.1596187084623935,0.1596187084623935,0.1596187084623935,0.12250000000000003,1.2992240252399616,0.001,0.179872138245659,1.0,2.0,0.161052225063457,0.161052225063457,-7.6502969312029325,-7.6502969312029325,-33.96284601817925,3.578351077024339
BAT_0016,NMC_622,SEI_growth,150,93.00178768611543,0.0004836764705882353,26881.166392698375,26.10339138499769,80.0,0.04119605936602705,0.04119605936602705,0.17789918471992947,0.17789918471992947,0.17789918471992947,0.17789918471992947,0.13000000000000003,1.2242687930145792,0.001,0.22129206990105968,1.0,2.0,0.17996098146793102,0.17996098146793102,-8.68134252824049,-8.68134252824049,-38.59095786583478,3.155641631762636
BAT_0016,NMC_622,SEI_growth,175,91.52644130769522,0.0005059558823529412,22781.51457413966,25.257201555564258,80.0,0.04351274257858106,0.04351274257858106,0.19781207227944567,0.19781207227944567,0.19781207227944567,0.19781207227944567,0.13750000000000004,1.157490495213784,0.001,0.23690285499573277,1.0,2.0,0.1994422581864198,0.1994422581864198,-7.330673335515833,-7.330673335515833,-37.78944791387754,3.1599938742469376
BAT_0016,NMC_622,SEI_growth,200,89.9742148095482,0.0005282352941176472,18882.14384881062,22.114203704841135,80.0,0.04942318825597135,0.04942318825597135,0.22434512586198854,0.22434512586198854,0.22434512586198854,0.22434512586198854,0.14500000000000005,1.0976202971854847,0.001,0.2886238673790563,1.0,2.0,0.22744046671104767,0.22744046671104767,-9.46349979453032,-9.46349979453032,-39.9869296847427,2.933845531150675
BAT_0016,NMC_622,SEI_growth,225,88.34983906168556,0.0005505147058823531,15167.331539858895,18.682997832106373,65.05802660213453,0.057253174239823935,0.057253174239823935,0.29469779183420014,0.29469779183420014,0.29469779183420014,0.29469779183420014,0.15250000000000005,1.0436389710943954,0.001,0.35579787384048656,1.0,2.0,0.29731891093631607,0.29731891093631607,-7.613586995742369,-7.613586995742369,-39.88883061119822,2.6636077741507074
BAT_0016,NMC_622,SEI_growth,250,86.65820098000071,0.0005727941176470589,11624.07359794733,22.396657302849135,67.82580273906717,0.05176910494989098,0.05176910494989098,0.22962376415774358,0.22962376415774358,0.22962376415774358,0.22962376415774358,0.16000000000000006,0.9947183943243456,0.001,0.29192281906908346,1.0,2.0,0.23283453295956547,0.23283453295956547,-9.526180168314106,-9.526180168314106,-38.560913049919435,3.090646441634819
BAT_0016,NMC_622,SEI_growth,275,84.90431914967,0.0005950735294117649,8241.534713395775,24.577193468004666,44.75456026862226,0.04851863670439009,0.04851863670439009,0.24602549139230276,0.24602549139230276,0.24602549139230276,0.24602549139230276,0.16750000000000007,0.950178764727733,0.001,0.2931943488392832,1.0,2.0,0.24813875577824013,0.24813875577824013,-7.483003538525243,-7.483003538525243,-38.93268416138688,3.4522816669505523
BAT_0016,NMC_622,SEI_growth,300,83.09331917596523,0.0006173529411764708,5010.617054922246,27.001213672051772,47.25137791841105,0.04706561108283694,0.04706561108283694,0.21003260048196543,0.21003260048196543,0.21003260048196543,0.21003260048196543,0.17500000000000007,0.909456817667973,0.001,0.26150686681195867,1.0,5.0,0.21220277230192144,0.21220277230192144,-8.20124870908119,-8.20124870908119,-37.52344916055092,3.71821370154941
BAT_0016,NMC_622,SEI_growth,325,81.23040893066683,0.0006396323529411767,1923.6189742578258,23.088964489902235,47.321020737081135,0.054830572491978584,0.054830572491978584,0.2585100792879839,0.2585100792879839,0.2585100792879839,0.2585100792879839,0.18250000000000008,0.8720818799555906,0.001,0.32122380312523474,1.0,2.0,0.2607784342753275,0.2607784342753275,-7.562625811796499,-7.562625811796499,-38.40027657435716,3.328435062878449
BAT_0016,NMC_622,SEI_growth,350,79.32085385976193,0.0006619117647058825,0.0,26.383423016426033,38.60674219304416,0.0491343583863657,0.0491343583863657,0.24193208273791642,0.24193208273791642,0.24193208273791642,0.24193208273791642,0.19000000000000009,0.8376575952205014,0.001,0.2872455387770309,1.0,2.0,0.24367220826073274,0.24367220826073274,-6.851469186351522,-6.851469186351522,-40.856967732982056,3.866947818997535
BAT_0016,NMC_622,SEI_growth,375,77.36995251419701,0.0006841911764705885,0.0,27.10397905236119,46.38670966361171,0.051099189121343896,0.051099189121343896,0.24735420773544808,0.24735420773544808,0.24735420773544808,0.24735420773544808,0.1975000000000001,0.8058478131235204,0.001,0.272926731255418,1.0,2.0,0.248952195830905,0.248952195830905,-6.49529677961559,-6.49529677961559,-39.12555446271052,3.8650319779243865
BAT_0016,NMC_622,SEI_growth,400,75.38301246020157,0.0007064705882352944,0.0,30.20932897545992,33.949493017211694,0.04668988442788939,0.04668988442788939,0.24493436656694312,0.24493436656694312,0.24493436656694312,0.24493436656694312,0.2050000000000001,0.5,0.001,0.26540713028113616,2.0,5.0,0.24625905471954995,0.24625905471954995,-5.945566295106202,-5.945566295106202,-41.86565304129813,4.3906726802165075
BAT_0016,NMC_622,SEI_growth,425,73.36532671918471,0.0007287500000000003,0.0,30.592257468099056,30.0,0.04716664077242235,0.04716664077242235,0.2397902675228572,0.2397902675228572,0.2397902675228572,0.2397902675228572,0.2125000000000001,0.5,0.001,0.26917575852519143,2.0,5.0,0.24091023370117434,0.24091023370117434,-5.5268903977397885,-5.5268903977397885,-38.94296863671562,4.505302826743722
BAT_0016,NMC_622,SEI_growth,450,71.32215087952774,0.000751029411764706,0.0,24.982300165487942,30.0,0.057777426953222126,0.057777426953222126,0.26792242317456677,0.26792242317456677,0.26792242317456677,0.26792242317456677,0.2200000000000001,0.7234315595086148,0.001,0.3195945776336717,1.0,2.0,0.2698381177368495,0.2698381177368495,-6.831347626425898,-6.831347626425898,-41.92406259607669,3.807715428001267
BAT_0016,NMC_622,SEI_growth,475,69.3821579784337,0.0007695588235294121,0.0,27.35786333113152,30.0,0.05477623777838668,0.05477623777838668,0.2893563094419507,0.2893563094419507,0.2893563094419507,0.2893563094419507,0.22750000000000012,0.5,0.001,0.3285744402535678,2.0,2.0,0.2909114964250922,0.2909114964250922,-5.927098699042094,-5.927098699042094,-41.94321665470425,4.153260779252822
BAT_0016,NMC_622,SEI_growth,500,67.43243059824587,0.0007880882352941179,0.0,21.45716346950884,30.0,0.06710514027566165,0.06710514027566165,0.35564541582825565,0.35564541582825565,0.35564541582825565,0.35564541582825565,0.23500000000000013,0.6772550769867883,0.001,0.4130186401376197,1.0,2.0,0.35828245031158684,0.35828245031158684,-6.955838690460052,-6.955838690460052,-41.36975806518101,3.5019671970677964
BAT_0017,NMC_622,SEI_growth,0,100.0,0.0,66666.66666666667,21.105320254676155,49.10664134528954,0.04031058533242842,0.04031058533242842,0.15520748889623856,0.15520748889623856,0.15520748889623856,0.15520748889623856,0.085,1.8724110951987685,0.001,0.1798707716133235,1.0,2.0,0.15761600066763307,0.15761600066763307,-10.029203754382394,-10.029203754382394,-34.653867521770955,2.1086272823634875
BAT_0017,NMC_622,SEI_growth,25,99.07361906437536,0.0003722794117647058,51234.68680140332,29.353133645017834,70.12741101910713,0.031446976881832324,0.031446976881832324,0.13029467013449234,0.13029467013449234,0.13029467013449234,0.13029467013449234,0.0925,1.7205939793718414,0.001,0.15351024401235414,1.0,2.0,0.13140132991468406,0.13140132991468406,-7.441321809421461,-7.441321809421461,-32.41729046393599,2.941459217131917
BAT_0017,NMC_622,SEI_growth,50,98.04653812831243,0.00039455882352941175,45738.52376911091,28.47579343343547,63.666909229187304,0.03326798293866515,0.03326798293866515,0.14387501215471538,0.14387501215471538,0.14387501215471538,0.14387501215471538,0.1,1.5915494309189535,0.001,0.16286504413948655,1.0,2.0,0.14548124632297135,0.14548124632297135,-8.521949301341653,-8.521949301341653,-35.339606843982594,3.005893088990878
BAT_0017,NMC_622,SEI_growth,75,96.92207628054058,0.00041683823529411774,40596.26696337129,31.02906354440578,65.52031367686284,0.03223404369535107,0.03223404369535107,0.1401490504043667,0.1401490504043667,0.1401490504043667,0.1401490504043667,0.10750000000000001,0.7402555492646294,0.001,0.16035160840587587,2.0,2.0,0.14143803042031164,0.14143803042031164,-7.741194856915248,-7.741194856915248,-37.52138127602011,3.334983380180257
BAT_0017,NMC_622,SEI_growth,100,95.70383983122177,0.00043911764705882356,35762.26083466445,33.11560491183558,73.58988902241795,0.03053420203701773,0.03053420203701773,0.13861714870720876,0.13861714870720876,0.13861714870720876,0.13861714870720876,0.11500000000000002,1.3839560268860462,0.001,0.15396722767953072,1.0,2.0,0.13980861748410398,0.13980861748410398,-7.4855015083144405,-7.4855015083144405,-37.037089556873056,3.7662683917719977
BAT_0017,NMC_622,SEI_growth,125,94.395703055459,0.00046139705882352944,31200.248853265708,30.69100857614126,80.0,0.03386243687955603,0.03386243687955603,0.14452128638459788,0.14452128638459788,0.14452128638459788,0.14452128638459788,0.12250000000000003,1.2992240252399616,0.001,0.1695107279518137,1.0,2.0,0.14606618304866822,0.14606618304866822,-8.340575830529021,-8.340575830529021,-38.57968241516884,3.617577802676029
BAT_0017,NMC_622,SEI_growth,150,93.00178768611543,0.0004836764705882353,26881.166392698375,26.22200550970161,77.03826799132932,0.04077378006561385,0.04077378006561385,0.18371671238287712,0.18371671238287712,0.18371671238287712,0.18371671238287712,0.13000000000000003,1.2242687930145792,0.001,0.21513821379602846,1.0,2.0,0.18579559313042063,0.18579559313042063,-8.57907557905732,-8.57907557905732,-36.74068748252558,3.188323471377975
BAT_0017,NMC_622,SEI_growth,175,91.52644130769522,0.0005059558823529412,22781.51457413966,22.876861872677804,67.9424491668054,0.047205945823863886,0.047205945823863886,0.21286967150082772,0.21286967150082772,0.21286967150082772,0.21286967150082772,0.13750000000000004,1.157490495213784,0.001,0.25817619013762366,1.0,2.0,0.21508200117724616,0.21508200117724616,-8.22495412948388,-8.22495412948388,-39.89862656451612,2.912768669291021
BAT_0017,NMC_622,SEI_growth,200,89.9742148095482,0.0005282352941176472,18882.14384881062,21.756156346155887,80.0,0.04978549937813028,0.04978549937813028,0.2479373926708915,0.2479373926708915,0.2479373926708915,0.2479373926708915,0.14500000000000005,1.0976202971854847,0.001,0.2976477271689648,1.0,2.0,0.25032862440799264,0.25032862440799264,-7.925734603854969,-7.925734603854969,-39.81989723352868,2.912494638221817
BAT_0017,NMC_622,SEI_growth,225,88.34983906168556,0.0005505147058823531,15167.331539858895,21.17899947290321,69.84249510312476,0.05165174174088762,0.05165174174088762,0.26606636142569084,0.26606636142569084,0.26606636142569084,0.26606636142569084,0.15250000000000005,1.0436389710943954,0.001,0.31721257556274063,1.0,2.0,0.2686581166682397,0.2686581166682397,-7.964974637215784,-7.964974637215784,-39.728632813645135,2.9524657806317642
BAT_0017,NMC_622,SEI_growth,250,86.65820098000071,0.0005727941176470589,11624.07359794733,22.709696700616526,66.72447485677499,0.051080442798245015,0.051080442798245015,0.24980436853280524,0.24980436853280524,0.24980436853280524,0.24980436853280524,0.16000000000000006,0.9947183943243456,0.001,0.31305635374576524,1.0,2.0,0.25192297373847977,0.25192297373847977,-7.435900836287729,-7.435900836287729,-35.921568879239906,3.132314272058292
BAT_0017,NMC_622,SEI_growth,275,84.90431914967,0.0005950735294117649,8241.534713395775,21.520191137046563,75.31942866430276,0.05531165417196182,0.05531165417196182,0.2472779784506695,0.2472779784506695,0.2472779784506695,0.2472779784506695,0.16750000000000007,0.950178764727733,0.001,0.32654289287282157,1.0,2.0,0.25004829037071347,0.25004829037071347,-8.536735076627048,-8.536735076627048,-40.21991239007502,3.0282948956697076
BAT_0017,NMC_622,SEI_growth,300,83.09331917596523,0.0006173529411764708,5010.617054922246,24.607391949709317,38.01039410885837,0.05063733212260289,0.05063733212260289,0.26453474960725754,0.26453474960725754,0.26453474960725754,0.26453474960725754,0.17500000000000007,0.909456817667973,0.001,0.3007960105675117,1.0,2.0,0.26654107694074114,0.26654107694074114,-7.034435452139474,-7.034435452139474,-39.319476097753224,3.455948263156732
BAT_0017,NMC_622,SEI_growth,325,81.23040893066683,0.0006396323529411767,1923.6189742578258,24.05957349409772,39.06252277767524,0.05317396090210142,0.05317396090210142,0.2464015514077177,0.2464015514077177,0.2464015514077177,0.2464015514077177,0.18250000000000008,0.8720818799555906,0.001,0.31256730407672306,1.0,2.0,0.2485581075991825,0.2485581075991825,-7.552983881492587,-7.552983881492587,-40.445014147672396,3.4321310074305136
BAT_0017,NMC_622,SEI_growth,350,79.32085385976193,0.0006619117647058825,0.0,26.745518795118233,33.176802850754505,0.05078927887369178,0.05078927887369178,0.24984401474502846,0.24984401474502846,0.24984401474502846,0.24984401474502846,0.19000000000000009,0.8376575952205014,0.001,0.29208204510395996,1.0,2.0,0.2515959537132279,0.2515959537132279,-6.765464556025999,-6.765464556025999,-40.80218421209367,3.740946991441096
BAT_0017,NMC_622,SEI_growth,375,77.36995251419701,0.0006841911764705885,0.0,32.28588027094396,39.31399284984823,0.042954653370550114,0.042954653370550114,0.19172172205423332,0.19172172205423332,0.19172172205423332,0.19172172205423332,0.1975000000000001,0.5,0.001,0.22563981603639557,2.0,2.0,0.19304870421601852,0.19304870421601852,-6.721803510423026,-6.721803510423026,-40.01855452461739,4.597872046510493
BAT_0017,NMC_622,SEI_growth,400,75.38301246020157,0.0007064705882352944,0.0,28.02608512883268,30.0,0.04981639969592539,0.04981639969592539,0.24538301096045537,0.24538301096045537,0.24538301096045537,0.24538301096045537,0.2050000000000001,0.5,0.001,0.3030654905527127,2.0,2.0,0.24687080664107502,0.24687080664107502,-6.2935075983819,-6.2935075983819,-39.83408840764493,4.115110711558859
BAT_0017,NMC_622,SEI_growth,425,73.36532671918471,0.0007287500000000003,0.0,29.781723729830784,30.0,0.04787447402555098,0.04787447402555098,0.22620301681596128,0.22620301681596128,0.22620301681596128,0.22620301681596128,0.2125000000000001,0.5,0.001,0.2567732569313869,2.0,5.0,0.22765175248332603,0.22765175248332603,-6.467363796033515,-6.467363796033515,-38.62942546021109,4.438691062936528
BAT_0017,NMC_622,SEI_growth,450,71.32215087952774,0.000751029411764706,0.0,27.523937794598904,30.0,0.05235742493724331,0.05235742493724331,0.26656452655788565,0.26656452655788565,0.26656452655788565,0.26656452655788565,0.2200000000000001,0.7234315595086148,0.001,0.30429846708557096,1.0,5.0,0.2677864418066585,0.2677864418066585,-5.475567786113502,-5.475567786113502,-38.81555524550623,4.201887320923377
BAT_0017,NMC_622,SEI_growth,475,69.3821579784337,0.0007695588235294121,0.0,24.495623497452463,30.0,0.06016614624030319,0.06016614624030319,0.2725097870598546,0.2725097870598546,0.2725097870598546,0.2725097870598546,0.22750000000000012,0.6995821674369022,0.001,0.32860915037192595,1.0,5.0,0.2748492397491368,0.2748492397491368,-7.480937503820658,-7.480937503820658,-40.39618382225456,3.7811961412879365
BAT_0017,NMC_622,SEI_growth,500,67.43243059824587,0.0007880882352941179,0.0,22.466811429085855,30.0,0.06470442401748977,0.06470442401748977,0.3569187436951554,0.3569187436951554,0.3569187436951554,0.3569187436951554,0.23500000000000013,0.6772550769867883,0.001,0.4048769904674102,1.0,2.0,0.3590421259911221,0.3590421259911221,-6.2343802985828205,-6.2343802985828205,-42.62379584464017,3.6319000372598795
BAT_0018,NMC_622,SEI_growth,0,100.0,0.0,66666.66666666667,23.36936552666428,58.12923100889945,0.036870393266026806,0.036870393266026806,0.14007806996927596,0.14007806996927596,0.14007806996927596,0.14007806996927596,0.085,1.8724110951987685,0.001,0.17308626600057112,1.0,2.0,0.14186650883005514,0.14186650883005514,-9.107350289032984,-9.107350289032984,-33.98962926926258,2.3053727522434886
BAT_0018,NMC_622,SEI_growth,25,99.07361906437536,0.0003722794117647058,51234.68680140332,26.65269067372743,50.53247121910071,0.03428380417080759,0.03428380417080759,0.15485596429806792,0.15485596429806792,0.15485596429806792,0.15485596429806792,0.0925,1.7205939793718414,0.001,0.1663107659706409,1.0,2.0,0.15645894175593528,0.15645894175593528,-8.208666918612483,-8.208666918612483,-36.39920025626424,2.698066980523797
BAT_0018,NMC_622,SEI_growth,50,98.04653812831243,0.00039455882352941175,45738.52376911091,32.14756048747687,49.15326166427385,0.030370676455898013,0.030370676455898013,0.12633557888787575,0.12633557888787575,0.12633557888787575,0.12633557888787575,0.1,0.7957747154594768,0.001,0.14127107610830025,2.0,2.0,0.12753569605855,0.12753569605855,-7.866376462430356,-7.866376462430356,-35.822675316101474,3.2926497421027947
BAT_0018,NMC_622,SEI_growth,75,96.92207628054058,0.00041683823529411774,40596.26696337129,27.314732326466533,55.36252510247763,0.03619619703191355,0.03619619703191355,0.1511520197441049,0.1511520197441049,0.1511520197441049,0.1511520197441049,0.10750000000000001,1.4805110985292589,0.001,0.17469298196175215,1.0,2.0,0.15301995982743583,0.15301995982743583,-8.961647213085623,-8.961647213085623,-35.40309444279302,2.969925263287167
BAT_0018,NMC_622,SEI_growth,100,95.70383983122177,0.00043911764705882356,35762.26083466445,28.158603156502828,70.77262676117557,0.03607393459322524,0.03607393459322524,0.1537165309251272,0.1537165309251272,0.1537165309251272,0.1537165309251272,0.11500000000000002,1.3839560268860462,0.001,0.17751917799061162,1.0,2.0,0.15518617086428346,0.15518617086428346,-7.891506674605072,-7.891506674605072,-34.927440100318854,3.187897336311001
BAT_0018,NMC_622,SEI_growth,125,94.395703055459,0.00046139705882352944,31200.248853265708,27.70045617525273,77.97888329599414,0.03810229351276101,0.03810229351276101,0.16351416321922835,0.16351416321922835,0.16351416321922835,0.16351416321922835,0.12250000000000003,1.2992240252399616,0.001,0.19280738434955674,1.0,2.0,0.16513174700669073,0.16513174700669073,-8.026216909405676,-8.026216909405676,-34.89366842697016,3.215029561382519
BAT_0018,NMC_622,SEI_growth,150,93.00178768611543,0.0004836764705882353,26881.166392698375,22.003122887995882,74.07834364508945,0.04763850660377013,0.04763850660377013,0.21239556536915524,0.21239556536915524,0.21239556536915524,0.21239556536915524,0.13000000000000003,1.2242687930145792,0.001,0.2544107489227249,1.0,2.0,0.2150923514711678,0.2150923514711678,-9.082453899042259,-9.082453899042259,-37.64691143894843,2.7288848720902554
BAT_0018,NMC_622,SEI_growth,175,91.52644130769522,0.0005059558823529412,22781.51457413966,21.788152217574403,79.61728407975052,0.04938096416577067,0.04938096416577067,0.233429718296742,0.233429718296742,0.233429718296742,0.233429718296742,0.13750000000000004,1.157490495213784,0.001,0.2744920905201875,1.0,2.0,0.23615436618153496,0.23615436618153496,-8.711907942322906,-8.711907942322906,-37.41223600357178,2.784473780998199
BAT_0018,NMC_622,SEI_growth,200,89.9742148095482,0.0005282352941176472,18882.14384881062,22.96881825638964,80.0,0.04831090941305177,0.04831090941305177,0.22682958882777315,0.22682958882777315,0.22682958882777315,0.22682958882777315,0.14500000000000005,1.0976202971854847,0.001,0.2675609232295693,1.0,2.0,0.22932606636006916,0.22932606636006916,-8.461931821582395,-8.461931821582395,-38.785826939992035,3.0013924755642574
BAT_0018,NMC_622,SEI_growth,225,88.34983906168556,0.0005505147058823531,15167.331539858895,21.574013882064364,80.0,0.052371999514921976,0.052371999514921976,0.25187773399678476,0.25187773399678476,0.25187773399678476,0.25187773399678476,0.15250000000000005,1.0436389710943954,0.001,0.3221544732236726,1.0,2.0,0.2551506137507679,0.2551506137507679,-9.186914519746054,-9.186914519746054,-38.53076678081995,2.9118613269013975
BAT_0018,NMC_622,SEI_growth,250,86.65820098000071,0.0005727941176470589,11624.07359794733,21.03880732520214,67.31333555743026,0.05333384065478067,0.05333384065478067,0.24166372479033726,0.24166372479033726,0.24166372479033726,0.24166372479033726,0.16000000000000006,0.9947183943243456,0.001,0.3006787397654917,1.0,2.0,0.24500223578271643,0.24500223578271643,-9.469420582383076,-9.469420582383076,-41.01665140904317,2.999971463440036
BAT_0018,NMC_622,SEI_growth,275,84.90431914967,0.0005950735294117649,8241.534713395775,21.114080070440426,60.49574794390347,0.05577406864427579,0.05577406864427579,0.2627952078542274,0.2627952078542274,0.2627952078542274,0.2627952078542274,0.16750000000000007,0.950178764727733,0.001,0.32949355490151533,1.0,2.0,0.2652092888035726,0.2652092888035726,-7.736582528151441,-7.736582528151441,-40.744391709708104,3.003187755017599
BAT_0018,NMC_622,SEI_growth,300,83.09331917596523,0.0006173529411764708,5010.617054922246,19.87682879536042,51.8220753191795,0.059701988435883944,0.059701988435883944,0.27221050529965757,0.27221050529965757,0.27221050529965757,0.27221050529965757,0.17500000000000007,0.909456817667973,0.001,0.32097952387102824,1.0,2.0,0.2751154160198662,0.2751154160198662,-8.333538421866033,-8.333538421866033,-41.49398533319874,2.9312256523572695
BAT_0018,NMC_622,SEI_growth,325,81.23040893066683,0.0006396323529411767,1923.6189742578258,27.010007326094602,59.44865319833268,0.0478935948471905,0.0478935948471905,0.22683499477307056,0.22683499477307056,0.22683499477307056,0.22683499477307056,0.18250000000000008,0.8720818799555906,0.001,0.2531162355055361,1.0,2.0,0.2285259044096221,0.2285259044096221,-6.974262054572234,-6.974262054572234,-38.9787770780753,3.8105304181547726
BAT_0018,NMC_622,SEI_growth,350,79.32085385976193,0.0006619117647058825,0.0,28.159394144607123,30.955634328108466,0.047525873345542625,0.047525873345542625,0.22829782948725114,0.22829782948725114,0.22829782948725114,0.22829782948725114,0.19000000000000009,0.8376575952205014,0.001,0.2810044971650485,1.0,2.0,0.2299813786633535,0.2299813786633535,-6.936964728973069,-6.936964728973069,-41.60812046716013,3.997822378109331
BAT_0018,NMC_622,SEI_growth,375,77.36995251419701,0.0006841911764705885,0.0,28.26489057590396,30.0,0.048603280078388114,0.048603280078388114,0.2422086651413856,0.2422086651413856,0.2422086651413856,0.2422086651413856,0.1975000000000001,0.8058478131235204,0.001,0.2752521859291569,1.0,5.0,0.24358312869591184,0.24358312869591184,-6.0895481606603985,-6.0895481606603985,-37.507315060924654,4.0635117564384355
BAT_0018,NMC_622,SEI_growth,400,75.38301246020157,0.0007064705882352944,0.0,30.113965963885864,33.26952993809215,0.047164800690475725,0.047164800690475725,0.23729926157285622,0.23729926157285622,0.23729926157285622,0.23729926157285622,0.2050000000000001,0.5,0.001,0.2710625844167524,2.0,2.0,0.2388500246463449,0.2388500246463449,-6.53255337133626,-6.53255337133626,-39.65478373084265,4.3464617044676075
BAT_0018,NMC_622,SEI_growth,425,73.36532671918471,0.0007287500000000003,0.0,31.150458287944524,30.0,0.04597883937577046,0.04597883937577046,0.23901695454181007,0.23901695454181007,0.23901695454181007,0.23901695454181007,0.2125000000000001,0.5,0.001,0.2674412808988978,2.0,5.0,0.24015349763177718,0.24015349763177718,-5.576446645415635,-5.576446645415635,-41.66295898423677,4.621691258087336
BAT_0018,NMC_622,SEI_growth,450,71.32215087952774,0.000751029411764706,0.0,25.12376699878878,30.0,0.05749887488302092,0.05749887488302092,0.30799672639552256,0.30799672639552256,0.30799672639552256,0.30799672639552256,0.2200000000000001,0.5,0.001,0.36445999633643394,2.0,5.0,0.3093127579820739,0.3093127579820739,-5.28720284920573,-5.28720284920573,-39.28124548996476,3.8261618239936173
BAT_0018,NMC_622,SEI_growth,475,69.3821579784337,0.0007695588235294121,0.0,26.26197252886117,30.0,0.05723828882078662,0.05723828882078662,0.25768400438218786,0.25768400438218786,0.25768400438218786,0.25768400438218786,0.22750000000000012,0.5,0.001,0.3166445427419886,2.0,5.0,0.2596480982739328,0.2596480982739328,-7.051805521432959,-7.051805521432959,-39.78111474437525,3.9746121815818745
BAT_0018,NMC_622,SEI_growth,500,67.43243059824587,0.0007880882352941179,0.0,22.596816815790877,31.17818104846307,0.06561267985359195,0.06561267985359195,0.37179865861796646,0.37179865861796646,0.37179865861796646,0.37179865861796646,0.23500000000000013,0.6772550769867883,0.001,0.41164496417433427,1.0,2.0,0.37363247522233795,0.37363247522233795,-5.67898944306271,-5.67898944306271,-38.98983215348449,3.5816247793014826
BAT_0019,NMC_622,SEI_growth,0,100.0,0.0,66666.66666666667,26.815064601585394,60.90244283658065,0.032822576196301294,0.032822576196301294,0.1237517245250968,0.1237517245250968,0.1237517245250968,0.1237517245250968,0.085,1.8724110951987685,0.001,0.14033835956726942,1.0,2.0,0.12516759279884695,0.12516759279884695,-8.626077268179822,-8.626077268179822,-30.313813877348004,2.589680940692842
BAT_0019,NMC_622,SEI_growth,25,99.07361906437536,0.0003722794117647058,51234.68680140332,29.81586604969054,50.75948491402777,0.030954556781922424,0.030954556781922424,0.12983146716491129,0.12983146716491129,0.12983146716491129,0.12983146716491129,0.0925,0.8602969896859207,0.001,0.14606553128437158,2.0,2.0,0.13112607809378538,0.13112607809378538,-8.057878116128185,-8.057878116128185,-35.5831755260817,2.9882514762421133
BAT_0019,NMC_622,SEI_growth,50,98.04653812831243,0.00039455882352941175,45738.52376911091,29.133338735893016,55.97228185414315,0.03342575634218718,0.03342575634218718,0.12090485374533792,0.12090485374533792,0.12090485374533792,0.12090485374533792,0.1,1.5915494309189535,0.001,0.14520051033958387,1.0,2.0,0.1224185434510646,0.1224185434510646,-9.019469048260577,-9.019469048260577,-36.63827547146409,2.991704928866139
BAT_0019,NMC_622,SEI_growth,75,96.92207628054058,0.00041683823529411774,40596.26696337129,31.624102405660196,67.50821971681368,0.0311442158134188,0.0311442158134188,0.13256107975024206,0.13256107975024206,0.13256107975024206,0.13256107975024206,0.10750000000000001,1.4805110985292589,0.001,0.14789333663012932,1.0,2.0,0.13411685795276837,0.13411685795276837,-8.735555073882614,-8.735555073882614,-36.18805470575028,3.451684275629844
BAT_0019,NMC_622,SEI_growth,100,95.70383983122177,0.00043911764705882356,35762.26083466445,29.471051234597226,80.0,0.03540135491706633,0.03540135491706633,0.15540908771327225,0.15540908771327225,0.15540908771327225,0.15540908771327225,0.11500000000000002,1.3839560268860462,0.001,0.1766772948750677,1.0,2.0,0.15697222257213858,0.15697222257213858,-8.09255209224337,-8.09255209224337,-34.454581643501506,3.248463237336735
BAT_0019,NMC_622,SEI_growth,125,94.395703055459,0.00046139705882352944,31200.248853265708,26.01405168453381,74.33143739444861,0.040004815832740494,0.040004815832740494,0.17516417230169726,0.17516417230169726,0.17516417230169726,0.17516417230169726,0.12250000000000003,1.2992240252399616,0.001,0.21901844919890223,1.0,2.0,0.1769970915138273,0.1769970915138273,-8.252807666086559,-8.252807666086559,-35.06960632477749,3.062131332191869
BAT_0019,NMC_622,SEI_growth,150,93.00178768611543,0.0004836764705882353,26881.166392698375,27.117733940010197,80.0,0.03968868638025422,0.03968868638025422,0.1764686500463714,0.1764686500463714,0.1764686500463714,0.1764686500463714,0.13000000000000003,1.2242687930145792,0.001,0.2136136957832241,1.0,2.0,0.17866981191155035,0.17866981191155035,-9.002951408851514,-9.002951408851514,-41.34388005629985,3.275492636729776
BAT_0019,NMC_622,SEI_growth,175,91.52644130769522,0.0005059558823529412,22781.51457413966,27.542562265467183,73.65115161097624,0.03952997503602064,0.03952997503602064,0.176646141324454,0.176646141324454,0.176646141324454,0.176646141324454,0.13750000000000004,1.157490495213784,0.001,0.2105624208066575,1.0,2.0,0.17865995013260283,0.17865995013260283,-8.610768781877892,-8.610768781877892,-41.299640465678536,3.4783730542381273
BAT_0019,NMC_622,SEI_growth,200,89.9742148095482,0.0005282352941176472,18882.14384881062,24.32269692157215,77.6769173459306,0.045750491892513546,0.045750491892513546,0.21156245789604397,0.21156245789604397,0.21156245789604397,0.21156245789604397,0.14500000000000005,1.0976202971854847,0.001,0.2569087726114977,1.0,2.0,0.2135629039574055,0.2135629039574055,-7.848338599468279,-7.848338599468279,-39.46073983158248,3.169364830888897
BAT_0019,NMC_622,SEI_growth,225,88.34983906168556,0.0005505147058823531,15167.331539858895,21.302995987459845,59.28359904798298,0.05215866430054304,0.05215866430054304,0.26531463488634,0.26531463488634,0.26531463488634,0.26531463488634,0.15250000000000005,1.0436389710943954,0.001,0.310510253286451,1.0,2.0,0.26805154378005636,0.26805154378005636,-8.194620843471846,-8.194620843471846,-38.51088934018305,2.9237711901762085
BAT_0019,NMC_622,SEI_growth,250,86.65820098000071,0.0005727941176470589,11624.07359794733,19.519390175479845,60.22907825919709,0.0574763862845937,0.0574763862845937,0.25771425814980053,0.25771425814980053,0.25771425814980053,0.25771425814980053,0.16000000000000006,0.9947183943243456,0.001,0.3336003696096292,1.0,2.0,0.26045640339813564,0.26045640339813564,-8.321413540628999,-8.321413540628999,-39.85626525853322,2.7837519082664977
BAT_0019,NMC_622,SEI_growth,275,84.90431914967,0.0005950735294117649,8241.534713395775,23.63939541880378,54.23286522141553,0.05057819482427074,0.05057819482427074,0.24831668144215446,0.24831668144215446,0.24831668144215446,0.24831668144215446,0.16750000000000007,0.950178764727733,0.001,0.283527890004874,1.0,2.0,0.25033611034896797,0.25033611034896797,-7.282534438500182,-7.282534438500182,-38.357941560709605,3.3117038000656867
BAT_0019,NMC_622,SEI_growth,300,83.09331917596523,0.0006173529411764708,5010.617054922246,23.403821142635433,47.95262189099819,0.05310281264290215,0.05310281264290215,0.24620478063320833,0.24620478063320833,0.24620478063320833,0.24620478063320833,0.17500000000000007,0.909456817667973,0.001,0.28483586846365344,1.0,2.0,0.24812611845604035,0.24812611845604035,-7.134834388685219,-7.134834388685219,-38.238689374753335,3.2954939915671493
BAT_0019,NMC_622,SEI_growth,325,81.23040893066683,0.0006396323529411767,1923.6189742578258,26.650040630789636,30.0,0.04896282879835921,0.04896282879835921,0.21726164782732757,0.21726164782732757,0.21726164782732757,0.21726164782732757,0.18250000000000008,0.8720818799555906,0.001,0.24968546536346664,1.0,2.0,0.21921182037104645,0.21921182037104645,-7.648295496892311,-7.648295496892311,-41.24105001080345,3.727317323751438
BAT_0019,NMC_622,SEI_growth,350,79.32085385976193,0.0006619117647058825,0.0,28.505002641459644,55.82697987550599,0.04643917396554101,0.04643917396554101,0.22514321683983415,0.22514321683983415,0.22514321683983415,0.22514321683983415,0.19000000000000009,0.8376575952205014,0.001,0.24395149978453734,1.0,2.0,0.2266575501038716,0.2266575501038716,-6.626822861967398,-6.626822861967398,-39.989326876849816,4.091373376731134
BAT_0019,NMC_622,SEI_growth,375,77.36995251419701,0.0006841911764705885,0.0,29.96551669422177,30.0,0.04591838512356044,0.04591838512356044,0.22995006727462058,0.22995006727462058,0.22995006727462058,0.22995006727462058,0.1975000000000001,0.8058478131235204,0.001,0.27490623795341557,1.0,2.0,0.23144874827374237,0.23144874827374237,-6.52378195710539,-6.52378195710539,-39.7781242370284,4.301109445999748
BAT_0019,NMC_622,SEI_growth,400,75.38301246020157,0.0007064705882352944,0.0,31.04841690348392,30.0,0.04479608565117318,0.04479608565117318,0.22841619459679838,0.22841619459679838,0.22841619459679838,0.22841619459679838,0.2050000000000001,0.5,0.001,0.2681836640396574,2.0,5.0,0.22981379474882221,0.22981379474882221,-6.322100473060792,-6.322100473060792,-42.01821144834841,4.576292705490693
BAT_0019,NMC_622,SEI_growth,425,73.36532671918471,0.0007287500000000003,0.0,29.66032565911553,30.0,0.04873918143984989,0.04873918143984989,0.26711412218071984,0.26711412218071984,0.26711412218071984,0.26711412218071984,0.2125000000000001,0.5,0.001,0.28438525039923096,2.0,2.0,0.2682377948237794,0.2682377948237794,-5.246253522968166,-5.246253522968166,-38.768884204360646,4.35994191371989
BAT_0019,NMC_622,SEI_growth,450,71.32215087952774,0.000751029411764706,0.0,30.43260632574967,44.79049838793278,0.04842075775523887,0.04842075775523887,0.2449618185302843,0.2449618185302843,0.2449618185302843,0.2449618185302843,0.2200000000000001,0.7234315595086148,0.001,0.28251214755899284,1.0,5.0,0.24607864572834454,0.24607864572834454,-5.460822340207721,-5.460822340207721,-40.309855618004406,4.543505930082172
BAT_0019,NMC_622,SEI_growth,475,69.3821579784337,0.0007695588235294121,0.0,22.047541559282873,30.0,0.06420118534196907,0.06420118534196907,0.3268452465289352,0.3268452465289352,0.3268452465289352,0.3268452465289352,0.22750000000000012,0.6995821674369022,0.001,0.40203868329082304,1.0,2.0,0.32931565183453343,0.32931565183453343,-7.0224299705331275,-7.0224299705331275,-41.04485697185712,3.5435482816744925
BAT_0019,NMC_622,SEI_growth,500,67.43243059824587,0.0007880882352941179,0.0,21.053386816253006,30.0,0.06941876121868563,0.06941876121868563,0.36951400979792604,0.36951400979792604,0.36951400979792604,0.36951400979792604,0.23500000000000013,0.6772550769867883,0.001,0.4563520237136729,1.0,2.0,0.37189242022588037,0.37189242022588037,-6.483419114141699,-6.483419114141699,-39.381578637849564,3.3852519963543304
BAT_0020,NMC_622,SEI_growth,0,100.0,0.0,66666.66666666667,28.476293516652277,48.98097628224572,0.0315496896854877,0.0315496896854877,0.12053417590692558,0.12053417590692558,0.12053417590692558,0.12053417590692558,0.085,1.8724110951987685,0.001,0.13388448876417938,1.0,2.0,0.12173946396913526,0.12173946396913526,-8.069122902279858,-8.069122902279858,-32.80464747595002,2.694162790421945
BAT_0020,NMC_622,SEI_growth,25,99.07361906437536,0.0003722794117647058,51234.68680140332,26.412812543436942,55.09605974774311,0.034696867426350364,0.034696867426350364,0.13688794122955958,0.13688794122955958,0.13688794122955958,0.13688794122955958,0.0925,1.7205939793718414,0.001,0.15902388781457102,1.0,2.0,0.1384597438917396,0.1384597438917396,-8.64144918714944,-8.64144918714944,-33.25385518358679,2.66594672260676
BAT_0020,NMC_622,SEI_growth,50,98.04653812831243,0.00039455882352941175,45738.52376911091,28.761010442093742,74.67437443282236,0.03328198931342591,0.03328198931342591,0.12726496237204923,0.12726496237204923,0.12726496237204923,0.12726496237204923,0.1,1.5915494309189535,0.001,0.1547299120996304,1.0,2.0,0.12905027690435686,0.12905027690435686,-9.54151820067575,-9.54151820067575,-34.19820214478327,3.0046280905348453
BAT_0020,NMC_622,SEI_growth,75,96.92207628054058,0.00041683823529411774,40596.26696337129,28.165115762733077,61.29104475894478,0.03512060635330804,0.03512060635330804,0.1571763039684231,0.1571763039684231,0.1571763039684231,0.1571763039684231,0.10750000000000001,1.4805110985292589,0.001,0.18294957768668846,1.0,2.0,0.1585730181752568,0.1585730181752568,-7.610199611717416,-7.610199611717416,-37.000319434237056,3.0608810940951905
BAT_0020,NMC_622,SEI_growth,100,95.70383983122177,0.00043911764705882356,35762.26083466445,30.070157775271483,75.62898482764616,0.03382651062989482,0.03382651062989482,0.15339354032802457,0.15339354032802457,0.15339354032802457,0.15339354032802457,0.11500000000000002,1.3839560268860462,0.001,0.17121567484077513,1.0,2.0,0.1547995068494959,0.1547995068494959,-7.728044050604531,-7.728044050604531,-34.55910355227156,3.399700349180166
BAT_0020,NMC_622,SEI_growth,125,94.395703055459,0.00046139705882352944,31200.248853265708,25.595160416593902,76.72006497070866,0.041292986207740995,0.041292986207740995,0.17236550679902726,0.17236550679902726,0.17236550679902726,0.17236550679902726,0.12250000000000003,1.2992240252399616,0.001,0.20500158550799272,1.0,2.0,0.17437895731419523,0.17437895731419523,-8.715249769014683,-8.715249769014683,-40.43064407487468,2.9666055001136136
BAT_0020,NMC_622,SEI_growth,150,93.00178768611543,0.0004836764705882353,26881.166392698375,27.763981220706498,72.62697472323636,0.03930786574546768,0.03930786574546768,0.17594211091359038,0.17594211091359038,0.17594211091359038,0.17594211091359038,0.13000000000000003,1.2242687930145792,0.001,0.2024028264460585,1.0,2.0,0.177714087630017,0.177714087630017,-8.097803414987986,-8.097803414987986,-36.74571326447819,3.307226111989798
BAT_0020,NMC_622,SEI_growth,175,91.52644130769522,0.0005059558823529412,22781.51457413966,23.41598001828516,65.69964289447057,0.04599626433107033,0.04599626433107033,0.2206065191882324,0.2206065191882324,0.2206065191882324,0.2206065191882324,0.13750000000000004,1.157490495213784,0.001,0.2532115121570357,1.0,2.0,0.22283836387748474,0.22283836387748474,-8.115920345823637,-8.115920345823637,-37.90772882407801,2.98937320236068
BAT_0020,NMC_622,SEI_growth,200,89.9742148095482,0.0005282352941176472,18882.14384881062,22.674824971883428,80.0,0.048047984098063067,0.048047984098063067,0.23489699017162183,0.23489699017162183,0.23489699017162183,0.23489699017162183,0.14500000000000005,1.0976202971854847,0.001,0.2897151935956618,1.0,2.0,0.23757911652598687,0.23757911652598687,-8.617524779560288,-8.617524779560288,-39.07518373169918,3.0178165165902424
BAT_0020,NMC_622,SEI_growth,225,88.34983906168556,0.0005505147058823531,15167.331539858895,22.248264900191103,77.58564534525166,0.05110495741585454,0.05110495741585454,0.23972370800881448,0.23972370800881448,0.23972370800881448,0.23972370800881448,0.15250000000000005,1.0436389710943954,0.001,0.30126619628643103,1.0,2.0,0.2426504218662241,0.2426504218662241,-8.907887496775023,-8.907887496775023,-41.058880322715986,2.9840549275693014
BAT_0020,NMC_622,SEI_growth,250,86.65820098000071,0.0005727941176470589,11624.07359794733,22.4370731765576,63.96182213014768,0.050880052132881416,0.050880052132881416,0.24541328957889433,0.24541328957889433,0.24541328957889433,0.24541328957889433,0.16000000000000006,0.9947183943243456,0.001,0.29057894482524793,1.0,2.0,0.24818792222056302,0.24818792222056302,-8.575421740863206,-8.575421740863206,-38.17299335983916,3.144650865964807
BAT_0020,NMC_622,SEI_growth,275,84.90431914967,0.0005950735294117649,8241.534713395775,22.1090432722653,55.89347087980979,0.05362086611612479,0.05362086611612479,0.2659095273514923,0.2659095273514923,0.2659095273514923,0.2659095273514923,0.16750000000000007,0.950178764727733,0.001,0.3193621179862127,1.0,2.0,0.2683948761708629,0.2683948761708629,-7.8033286425324375,-7.8033286425324375,-40.604150944609906,3.1237839321217105
BAT_0020,NMC_622,SEI_growth,300,83.09331917596523,0.0006173529411764708,5010.617054922246,23.371229964308863,64.04499177751286,0.05302015088052637,0.05302015088052637,0.23564411949437408,0.23564411949437408,0.23564411949437408,0.23564411949437408,0.17500000000000007,0.909456817667973,0.001,0.2966730169653797,1.0,2.0,0.2382481546434976,0.2382481546434976,-8.47896106151246,-8.47896106151246,-41.45271620479801,3.3006318747439733
BAT_0020,NMC_622,SEI_growth,325,81.23040893066683,0.0006396323529411767,1923.6189742578258,27.361215918125023,52.65331829253339,0.04746930642470146,0.04746930642470146,0.24414169428713403,0.24414169428713403,0.24414169428713403,0.24414169428713403,0.18250000000000008,0.8720818799555906,0.001,0.2811001228438418,1.0,2.0,0.2458283946175182,0.2458283946175182,-6.715667786292398,-6.715667786292398,-35.94695744453821,3.8445895620887587
BAT_0020,NMC_622,SEI_growth,350,79.32085385976193,0.0006619117647058825,0.0,29.903653137614945,42.43662370069284,0.04409860794121764,0.04409860794121764,0.22618770690823375,0.22618770690823375,0.22618770690823375,0.22618770690823375,0.19000000000000009,0.8376575952205014,0.001,0.2655617852573907,1.0,5.0,0.22748760975634089,0.22748760975634089,-6.1280348127439925,-6.1280348127439925,-38.289754420809466,4.308526025430677
BAT_0020,NMC_622,SEI_growth,375,77.36995251419701,0.0006841911764705885,0.0,27.86808353298714,46.02195882241451,0.049074773682926086,0.049074773682926086,0.24276152336833223,0.24276152336833223,0.24276152336833223,0.24276152336833223,0.1975000000000001,0.8058478131235204,0.001,0.29783994167640054,1.0,2.0,0.24430563953327372,0.24430563953327372,-6.445251643281647,-6.445251643281647,-38.27190861500808,4.0244709283033036
BAT_0020,NMC_622,SEI_growth,400,75.38301246020157,0.0007064705882352944,0.0,30.340763333095733,30.0,0.04698971611213301,0.04698971611213301,0.22668473802343297,0.22668473802343297,0.22668473802343297,0.22668473802343297,0.2050000000000001,0.5,0.001,0.25007259085365724,2.0,2.0,0.22793811709366474,0.22793811709366474,-6.011316288359101,-6.011316288359101,-38.31093181980083,4.362656703666867
BAT_0020,NMC_622,SEI_growth,425,73.36532671918471,0.0007287500000000003,0.0,28.261680691404138,30.0,0.050766361649498264,0.050766361649498264,0.24571172338151487,0.24571172338151487,0.24571172338151487,0.24571172338151487,0.2125000000000001,0.5,0.001,0.2972348562022352,2.0,5.0,0.2471712161719376,0.2471712161719376,-6.22950577838645,-6.22950577838645,-39.56452475295872,4.1858426149808645
BAT_0020,NMC_622,SEI_growth,450,71.32215087952774,0.000751029411764706,0.0,25.443953349013736,30.0,0.056961630191851104,0.056961630191851104,0.29573494276016554,0.29573494276016554,0.29573494276016554,0.29573494276016554,0.2200000000000001,0.5,0.001,0.3527885699135601,2.0,5.0,0.2972810655525369,0.2972810655525369,-5.84607527063587,-5.84607527063587,-39.682905044449704,3.862249013222118
BAT_0020,NMC_622,SEI_growth,475,69.3821579784337,0.0007695588235294121,0.0,24.57336076673319,30.0,0.05975719612751068,0.05975719612751068,0.32222907560736236,0.32222907560736236,0.32222907560736236,0.32222907560736236,0.22750000000000012,0.6995821674369022,0.001,0.36587349411511866,1.0,2.0,0.3237714359011755,0.3237714359011755,-5.594790627983437,-5.594790627983437,-39.75286009102266,3.807072867250292
BAT_0020,NMC_622,SEI_growth,500,67.43243059824587,0.0007880882352941179,0.0,21.23254506944212,30.0,0.06738563821105566,0.06738563821105566,0.36052022771586223,0.36052022771586223,0.36052022771586223,0.36052022771586223,0.23500000000000013,0.6772550769867883,0.001,0.4376023285327464,1.0,2.0,0.3626549866388262,0.3626549866388262,-6.219829661145131,-6.219829661145131,-44.12922432879136,3.4873899875217735
BAT_0021,NMC_622,normal_aging,0,100.0,0.0,66666.66666666667,28.636557407485643,51.92192249458696,0.031069978058212322,0.031069978058212322,0.12169550545271578,0.12169550545271578,0.12169550545271578,0.12169550545271578,0.085,0.9362055475993842,0.001,0.13916055113396947,2.0,2.0,0.12314249876792457,0.12314249876792457,-8.792109691022873,-8.792109691022873,-33.40574927558492,2.7357598978906608
BAT_0021,NMC_622,normal_aging,25,99.3696422023698,0.00025294117647058827,64565.47400789935,26.340225697220234,47.61898131812971,0.033600181430523124,0.033600181430523124,0.12881163498933976,0.12881163498933976,0.12881163498933976,0.12881163498933976,0.08750000000000001,1.8189136353359467,0.001,0.1478501098497607,1.0,2.0,0.1305344623435114,0.1305344623435114,-9.319116437863086,-9.319116437863086,-32.58372775251828,2.604152604977101
BAT_0021,NMC_622,normal_aging,50,98.72873791460279,0.0002558823529411765,62429.1263820093,28.405624254020076,77.37907901116048,0.03216857419273961,0.03216857419273961,0.12644904337476867,0.12644904337476867,0.12644904337476867,0.12644904337476867,0.09000000000000001,1.768388256576615,0.001,0.1448776254584547,1.0,2.0,0.12795884233676777,0.12795884233676777,-8.810285674036338,-8.810285674036338,-37.252080193165945,2.7977615501626074
BAT_0021,NMC_622,normal_aging,75,98.0775430379444,0.00025882352941176474,60258.47679314799,31.568758100795616,79.84236170302458,0.029742254895315852,0.029742254895315852,0.11999095205649861,0.11999095205649861,0.11999095205649861,0.11999095205649861,0.09250000000000001,0.8602969896859207,0.001,0.1331943113655074,2.0,2.0,0.12117995476170322,0.12117995476170322,-8.032845291116757,-8.032845291116757,-34.719857005334404,3.1100533676943223
BAT_0021,NMC_622,normal_aging,100,97.4163163292763,0.000261764705882353,58054.38776425434,30.281545229251233,61.99551650573451,0.031221504237060438,0.031221504237060438,0.11976721295543184,0.11976721295543184,0.11976721295543184,0.11976721295543184,0.09500000000000001,1.6753151904410035,0.001,0.14368286195004587,1.0,5.0,0.12121060401572877,0.12121060401572877,-8.850977597367491,-8.850977597367491,-32.895716467602504,3.0427745978758276
BAT_0021,NMC_622,normal_aging,125,96.74531923059155,0.00026470588235294115,55817.730768638496,28.55881063774122,68.88025590352143,0.033704067620017986,0.033704067620017986,0.13689781243260993,0.13689781243260993,0.13689781243260993,0.13689781243260993,0.09750000000000002,1.6323583906861059,0.001,0.1599888957723804,1.0,2.0,0.13822645094207628,0.13822645094207628,-7.950491097194844,-7.950491097194844,-34.77259851103298,2.892825907520179
BAT_0021,NMC_622,normal_aging,150,96.06481569763919,0.0002676470588235294,53549.385658797306,24.46328155340888,60.76615933503714,0.03930939635901413,0.03930939635901413,0.15077416200146074,0.15077416200146074,0.15077416200146074,0.15077416200146074,0.10000000000000002,1.591549430918953,0.001,0.17447880966326584,1.0,2.0,0.15284914808128297,0.15284914808128297,-9.451619937382988,-9.451619937382988,-38.72341583926295,2.5439210281098297
BAT_0021,NMC_622,normal_aging,175,95.37507202789479,0.0002705882352941177,51250.24009298263,20.103105486399357,63.064455954964636,0.04517209215345256,0.04517209215345256,0.1803254113953386,0.1803254113953386,0.1803254113953386,0.1803254113953386,0.10250000000000002,1.5527311521160518,0.001,0.21046088510103345,1.0,2.0,0.1829156095893328,0.1829156095893328,-9.653672683115293,-9.653672683115293,-36.996820728649716,2.26910012606458
BAT_0021,NMC_622,normal_aging,200,94.67635668801289,0.00027352941176470594,48921.188960042964,17.627100353282557,66.06612688995259,0.05042204658847652,0.05042204658847652,0.1985997784207167,0.1985997784207167,0.1985997784207167,0.1985997784207167,0.10500000000000002,1.5157613627799553,0.001,0.2305094669612887,1.0,2.0,0.20183983471983646,0.20183983471983646,-10.280000796386735,-10.280000796386735,-37.64717724872243,2.0824224144840002
BAT_0021,NMC_622,normal_aging,225,93.96894014091636,0.00027647058823529415,46563.13380305454,18.444854930236282,70.09240146402438,0.04906436375416337,0.04906436375416337,0.20611886910183377,0.20611886910183377,0.20611886910183377,0.20611886910183377,0.10750000000000003,1.4805110985292587,0.001,0.24598620129464593,1.0,2.0,0.2090853208305019,0.2090853208305019,-9.662940696798689,-9.662940696798689,-35.437442787668644,2.1909995722889217
BAT_0021,NMC_622,normal_aging,250,93.2530946726777,0.00027941176470588236,44176.98224225902,23.881262686668858,72.17560124507132,0.0414407692918811,0.0414407692918811,0.16950884782991027,0.16950884782991027,0.16950884782991027,0.16950884782991027,0.11000000000000003,1.4468631190172299,0.001,0.20525814779471402,1.0,2.0,0.17142625598776218,0.17142625598776218,-8.57752273907275,-8.57752273907275,-33.47397954223444,2.654390878345754
BAT_0021,NMC_622,normal_aging,275,92.52909421934564,0.0002823529411764706,41763.64739781879,22.32783626084926,58.66304073317438,0.04359184947224293,0.04359184947224293,0.1944438514597183,0.1944438514597183,0.1944438514597183,0.1944438514597183,0.11250000000000003,1.4147106052612914,0.001,0.22282939558063103,1.0,2.0,0.19652860673051517,0.19652860673051517,-8.352893502458231,-8.352893502458231,-34.064849982220764,2.580757672868051
BAT_0021,NMC_622,normal_aging,300,91.7972141938697,0.0002852941176470589,39324.04731289903,24.994414093950656,56.14802071524211,0.04105865502059265,0.04105865502059265,0.18820617096184852,0.18820617096184852,0.18820617096184852,0.18820617096184852,0.11500000000000003,1.383956026886046,0.001,0.21108500277338094,1.0,2.0,0.18984793901575392,0.18984793901575392,-7.5405679721774055,-7.5405679721774055,-34.60410340685339,2.800871093861274
BAT_0021,NMC_622,normal_aging,325,91.05773131327433,0.0002882352941176471,36859.104377581105,20.363049113756762,43.859245159760555,0.04889972010815249,0.04889972010815249,0.19090902035883234,0.19090902035883234,0.19090902035883234,0.19090902035883234,0.11750000000000003,1.3545101539735769,0.001,0.22354360288806058,1.0,2.0,0.1936166636913902,0.1936166636913902,-9.593330633206325,-9.593330633206325,-36.472894957176266,2.402876739174027
BAT_0021,NMC_622,normal_aging,350,90.31092342623221,0.00029117647058823535,34369.74475410736,27.67094490182714,45.32375663967081,0.038144935442872875,0.038144935442872875,0.17437912454812368,0.17437912454812368,0.17437912454812368,0.17437912454812368,0.12000000000000004,0.6631455962162304,0.001,0.2074718395448435,2.0,2.0,0.1757182978647376,0.1757182978647376,-7.078214743051868,-7.078214743051868,-38.055678602519485,3.1458960044568967
BAT_0021,NMC_622,normal_aging,375,89.55706934118525,0.0002941176470588236,31856.89780395085,31.29321020332644,30.0,0.03475725197186784,0.03475725197186784,0.14740679234444096,0.14740679234444096,0.14740679234444096,0.14740679234444096,0.12250000000000004,0.6496120126199808,0.001,0.1772427041039718,2.0,2.0,0.14875113240518664,0.14875113240518664,-7.708851540670484,-7.708851540670484,-35.306186791879206,3.5244443403969417
BAT_0021,NMC_622,normal_aging,400,88.79644865516005,0.0002970588235294118,29321.495517200165,29.726024871824837,30.0,0.036463389180337924,0.036463389180337924,0.16230288234353432,0.16230288234353432,0.16230288234353432,0.16230288234353432,0.12500000000000003,0.6366197723675812,0.001,0.17934384403456394,2.0,2.0,0.1637015687553761,0.1637015687553761,-7.495163225853725,-7.495163225853725,-40.90771276474498,3.42809603851645
BAT_0021,NMC_622,normal_aging,425,88.02934158342211,0.00030000000000000003,26764.471944740362,29.64562748295016,30.0,0.03780484294750534,0.03780484294750534,0.1747489797799889,0.1747489797799889,0.1747489797799889,0.1747489797799889,0.12750000000000003,1.2482740634658456,0.001,0.1959741423800722,1.0,5.0,0.17611097095038394,0.17611097095038394,-7.130366622134444,-7.130366622134444,-34.13738144074256,3.372583776555894
BAT_0021,NMC_622,normal_aging,450,87.25602879011191,0.0003029411764705883,23951.939695515048,24.96124419469519,30.0,0.044174548003023,0.044174548003023,0.16748132488057885,0.16748132488057885,0.16748132488057885,0.16748132488057885,0.13000000000000003,1.2242687930145792,0.001,0.20044444811929318,1.0,2.0,0.16935953771219378,0.16935953771219378,-8.54097369779614,-8.54097369779614,-35.20962894699472,2.942871084750063
BAT_0021,NMC_622,normal_aging,475,86.47679122000294,0.00030588235294117655,21174.12514231729,24.459971070582863,30.0,0.04514192948400178,0.04514192948400178,0.20495950770694743,0.20495950770694743,0.20495950770694743,0.20495950770694743,0.13250000000000003,1.201169381825625,0.001,0.2381162085961563,1.0,2.0,0.20653562721576713,0.20653562721576713,-7.082902834145297,-7.082902834145297,-36.86034035388321,2.935186898622882
BAT_0021,NMC_622,normal_aging,500,85.69190993152002,0.0003088235294117647,18430.946444921956,24.665106855507783,30.0,0.04448572160157821,0.04448572160157821,0.19490929942326535,0.19490929942326535,0.19490929942326535,0.19490929942326535,0.13500000000000004,1.1789255043844096,0.001,0.2271990295859,1.0,2.0,0.19650962385747697,0.19650962385747697,-7.317199721796052,-7.317199721796052,-38.773402117757826,3.034681581858631
BAT_0022,NMC_622,SEI_growth,0,100.0,0.0,66666.66666666667,21.948840149632236,68.03648596287526,0.038717943340207166,0.038717943340207166,0.146034902465429,0.146034902465429,0.146034902465429,0.146034902465429,0.085,1.8724110951987685,0.001,0.17654697901961713,1.0,2.0,0.14844303173412668,0.14844303173412668,-10.334429082672536,-10.334429082672536,-33.931041347622944,2.1953645433364386
BAT_0022,NMC_622,SEI_growth,25,99.07361906437536,0.0003722794117647058,51234.68680140332,28.883631904267116,56.708212420484074,0.0320284402562424,0.0320284402562424,0.12525357703781217,0.12525357703781217,0.12525357703781217,0.12525357703781217,0.0925,1.7205939793718414,0.001,0.14090735622081305,1.0,2.0,0.1267459068896457,0.1267459068896457,-8.800961409503259,-8.800961409503259,-31.027502722961927,2.888058215134956
BAT_0022,NMC_622,SEI_growth,50,98.04653812831243,0.00039455882352941175,45738.52376911091,29.135067729598408,48.76041759162345,0.03242121272691689,0.03242121272691689,0.14240374729007832,0.14240374729007832,0.14240374729007832,0.14240374729007832,0.1,0.7957747154594768,0.001,0.16079944479608435,2.0,2.0,0.1439246620367027,0.1439246620367027,-8.336920264577062,-8.336920264577062,-34.35732611358212,3.0844003536295093
BAT_0022,NMC_622,SEI_growth,75,96.92207628054058,0.00041683823529411774,40596.26696337129,30.25432876232718,68.67731404641616,0.03268946446955355,0.03268946446955355,0.14552469776992907,0.14552469776992907,0.14552469776992907,0.14552469776992907,0.10750000000000001,1.4805110985292589,0.001,0.16328389211317265,1.0,2.0,0.14667836427283332,0.14667836427283332,-7.19084302014753,-7.19084302014753,-35.02056257403882,3.2885212940739303
BAT_0022,NMC_622,SEI_growth,100,95.70383983122177,0.00043911764705882356,35762.26083466445,30.916357012930792,69.31814670476261,0.033513989947422766,0.033513989947422766,0.1368151422062221,0.1368151422062221,0.1368151422062221,0.1368151422062221,0.11500000000000002,0.6919780134430231,0.001,0.16033056370565496,2.0,2.0,0.13806472781215284,0.13806472781215284,-7.714492623771517,-7.714492623771517,-36.73897752925888,3.4314028314866025
BAT_0022,NMC_622,SEI_growth,125,94.395703055459,0.00046139705882352944,31200.248853265708,28.96571409265822,80.0,0.03637681801698919,0.03637681801698919,0.1502680743591888,0.1502680743591888,0.1502680743591888,0.1502680743591888,0.12250000000000003,1.2992240252399616,0.001,0.18289519119007125,1.0,2.0,0.15195959367148176,0.15195959367148176,-8.556885708295765,-8.556885708295765,-37.78409416227888,3.36752928589819
BAT_0022,NMC_622,SEI_growth,150,93.00178768611543,0.0004836764705882353,26881.166392698375,26.771807260368835,80.0,0.039638753439945086,0.039638753439945086,0.18458778525013014,0.18458778525013014,0.18458778525013014,0.18458778525013014,0.13000000000000003,1.2242687930145792,0.001,0.21571114261543223,1.0,2.0,0.1863689423122539,0.1863689423122539,-7.927722891007319,-7.927722891007319,-40.2152408663726,3.2796187750191805
BAT_0022,NMC_622,SEI_growth,175,91.52644130769522,0.0005059558823529412,22781.51457413966,19.373345311689736,62.086264385552425,0.053920429244976066,0.053920429244976066,0.23358690384991007,0.23358690384991007,0.23358690384991007,0.23358690384991007,0.13750000000000004,1.157490495213784,0.001,0.28418915294919794,1.0,2.0,0.23640128292757107,0.23640128292757107,-8.84984808252039,-8.84984808252039,-38.15237347853366,2.5500538835716213
BAT_0022,NMC_622,SEI_growth,200,89.9742148095482,0.0005282352941176472,18882.14384881062,22.67020227049145,80.0,0.04979136179119777,0.04979136179119777,0.23976658355476874,0.23976658355476874,0.23976658355476874,0.23976658355476874,0.14500000000000005,1.0976202971854847,0.001,0.2925060313793821,1.0,2.0,0.24248683604483295,0.24248683604483295,-8.590233932129696,-8.590233932129696,-34.41683529824665,2.9121517223823643
BAT_0022,NMC_622,SEI_growth,225,88.34983906168556,0.0005505147058823531,15167.331539858895,18.073393748359166,76.89046420184404,0.0570579348621677,0.0570579348621677,0.266727176988993,0.266727176988993,0.266727176988993,0.266727176988993,0.15250000000000005,1.0436389710943954,0.001,0.3340912738518138,1.0,2.0,0.2704009431321919,0.2704009431321919,-9.455450366752487,-9.455450366752487,-41.342234417420414,2.67272203889586
BAT_0022,NMC_622,SEI_growth,250,86.65820098000071,0.0005727941176470589,11624.07359794733,20.34955363489755,64.628433039769,0.0551695550568147,0.0551695550568147,0.25149504652881566,0.25149504652881566,0.25149504652881566,0.25149504652881566,0.16000000000000006,0.9947183943243456,0.001,0.294169754161355,1.0,2.0,0.25479414605721395,0.25479414605721395,-9.230183601713998,-9.230183601713998,-38.4763662965255,2.9001502701123636
BAT_0022,NMC_622,SEI_growth,275,84.90431914967,0.0005950735294117649,8241.534713395775,21.598117833337607,58.11150901696812,0.05497414240904282,0.05497414240904282,0.275884884753942,0.275884884753942,0.275884884753942,0.275884884753942,0.16750000000000007,0.950178764727733,0.001,0.33371518105930065,1.0,2.0,0.27798541083374695,0.27798541083374695,-7.047977623286305,-7.047977623286305,-41.683795444329434,3.046887002869328
BAT_0022,NMC_622,SEI_growth,300,83.09331917596523,0.0006173529411764708,5010.617054922246,23.083986309029566,39.245352452728135,0.05312754810715503,0.05312754810715503,0.2569580918301701,0.2569580918301701,0.2569580918301701,0.2569580918301701,0.17500000000000007,0.909456817667973,0.001,0.30778089311846585,1.0,2.0,0.258532980343873,0.258532980343873,-6.327399733591408,-6.327399733591408,-40.52031499166102,3.2939596543592735
BAT_0022,NMC_622,SEI_growth,325,81.23040893066683,0.0006396323529411767,1923.6189742578258,26.574851991648533,55.97996559870839,0.048305358107740504,0.048305358107740504,0.23427047029814677,0.23427047029814677,0.23427047029814677,0.23427047029814677,0.18250000000000008,0.8720818799555906,0.001,0.2772797229543371,1.0,2.0,0.23591657107081365,0.23591657107081365,-6.772351060254154,-6.772351060254154,-39.132948440355776,3.778048795186472
BAT_0022,NMC_622,SEI_growth,350,79.32085385976193,0.0006619117647058825,0.0,26.910842861683328,37.47156551574663,0.05016970167251231,0.05016970167251231,0.23837847895797382,0.23837847895797382,0.23837847895797382,0.23837847895797382,0.19000000000000009,0.8376575952205014,0.001,0.2837630121021748,1.0,5.0,0.2398656673080406,0.2398656673080406,-6.383534597367846,-6.383534597367846,-39.14116300427048,3.7871462987809634
BAT_0022,NMC_622,SEI_growth,375,77.36995251419701,0.0006841911764705885,0.0,27.840421182662762,33.22731354486432,0.04883884853559115,0.04883884853559115,0.23942029306836912,0.23942029306836912,0.23942029306836912,0.23942029306836912,0.1975000000000001,0.5,0.001,0.2819223201589305,2.0,2.0,0.24133932453541376,0.24133932453541376,-7.230241938879478,-7.230241938879478,-39.004757341132866,4.043911884123816
BAT_0022,NMC_622,SEI_growth,400,75.38301246020157,0.0007064705882352944,0.0,30.483855870974345,30.0,0.04534713833041922,0.04534713833041922,0.22254153538262084,0.22254153538262084,0.22254153538262084,0.22254153538262084,0.2050000000000001,0.7763655760580256,0.001,0.253423479583945,1.0,5.0,0.22411259808742076,0.22411259808742076,-6.788210279761396,-6.788210279761396,-37.47724172230299,4.520682176376375
BAT_0022,NMC_622,SEI_growth,425,73.36532671918471,0.0007287500000000003,0.0,27.079188298902057,30.0,0.05251638315524615,0.05251638315524615,0.2610060434957249,0.2610060434957249,0.2610060434957249,0.2610060434957249,0.2125000000000001,0.7489644380795071,0.001,0.321621610174385,1.0,5.0,0.2627636648900961,0.2627636648900961,-6.630709783219525,-6.630709783219525,-39.8885812953286,4.046356341254858
BAT_0022,NMC_622,SEI_growth,450,71.32215087952774,0.000751029411764706,0.0,22.849430763798928,30.0,0.06308558530373973,0.06308558530373973,0.3202962037466925,0.3202962037466925,0.3202962037466925,0.3202962037466925,0.2200000000000001,0.7234315595086148,0.001,0.3758863000998302,1.0,2.0,0.32201113846246365,0.32201113846246365,-5.915873938411349,-5.915873938411349,-40.776456738356835,3.4873259705963044
BAT_0022,NMC_622,SEI_growth,475,69.3821579784337,0.0007695588235294121,0.0,26.08583357831835,30.0,0.05628336286521877,0.05628336286521877,0.3104150470188899,0.3104150470188899,0.3104150470188899,0.3104150470188899,0.22750000000000012,0.5,0.001,0.349514863767446,2.0,5.0,0.312334212338929,0.312334212338929,-6.354870072080969,-6.354870072080969,-41.337757270854446,4.042047035192126
BAT_0022,NMC_622,SEI_growth,500,67.43243059824587,0.0007880882352941179,0.0,21.980322011312946,30.0,0.0669315348789463,0.0669315348789463,0.3445244287299043,0.3445244287299043,0.3445244287299043,0.3445244287299043,0.23500000000000013,0.6772550769867883,0.001,0.4031582645318382,1.0,5.0,0.34671253843128963,0.34671253843128963,-6.440447885693178,-6.440447885693178,-40.06942690077334,3.5110505149034124
BAT_0023,NMC_622,SEI_growth,0,100.0,0.0,66666.66666666667,20.52041673926776,35.56884710822189,0.04061339097771497,0.04061339097771497,0.16135899571259213,0.16135899571259213,0.16135899571259213,0.16135899571259213,0.085,1.8724110951987685,0.001,0.1953173533855359,1.0,2.0,0.16368396649580302,0.16368396649580302,-9.66849138132947,-9.66849138132947,-36.39842084940105,2.0929057622063736
BAT_0023,NMC_622,SEI_growth,25,99.07361906437536,0.0003722794117647058,51234.68680140332,30.197327316676642,51.14549181736873,0.030264825473758635,0.030264825473758635,0.13255584920388686,0.13255584920388686,0.13255584920388686,0.13255584920388686,0.0925,0.8602969896859207,0.001,0.1549416515388273,2.0,2.0,0.1337267840398119,0.1337267840398119,-7.587735784450559,-7.587735784450559,-36.11153091609357,3.0563533260815556
BAT_0023,NMC_622,SEI_growth,50,98.04653812831243,0.00039455882352941175,45738.52376911091,27.125344487471907,70.21710184968575,0.034999678424901495,0.034999678424901495,0.1427059137906581,0.1427059137906581,0.1427059137906581,0.1427059137906581,0.1,1.5915494309189535,0.001,0.17384825364214712,1.0,2.0,0.144495411269592,0.144495411269592,-9.026624522015418,-9.026624522015418,-35.85457372019919,2.8571691084124997
BAT_0023,NMC_622,SEI_growth,75,96.92207628054058,0.00041683823529411774,40596.26696337129,30.14705179588492,73.71768686330937,0.03296854337891677,0.03296854337891677,0.14282860026760852,0.14282860026760852,0.14282860026760852,0.14282860026760852,0.10750000000000001,0.7402555492646294,0.001,0.15668820376649809,2.0,2.0,0.14422184639294602,0.14422184639294602,-7.970512924054473,-7.970512924054473,-37.20693579749786,3.2606839424014638
BAT_0023,NMC_622,SEI_growth,100,95.70383983122177,0.00043911764705882356,35762.26083466445,29.234868969764594,72.01059284984974,0.03464411093168303,0.03464411093168303,0.15337654437116183,0.15337654437116183,0.15337654437116183,0.15337654437116183,0.11500000000000002,1.3839560268860462,0.001,0.1749974338564902,1.0,2.0,0.15478140708244084,0.15478140708244084,-7.725457588534431,-7.725457588534431,-36.46041433691955,3.3194674912216966
BAT_0023,NMC_622,SEI_growth,125,94.395703055459,0.00046139705882352944,31200.248853265708,28.8774855785654,80.0,0.03605790024282537,0.03605790024282537,0.1625862441290435,0.1625862441290435,0.1625862441290435,0.1625862441290435,0.12250000000000003,1.2992240252399616,0.001,0.19520000343855753,1.0,2.0,0.16414458402180962,0.16414458402180962,-7.901319689502686,-7.901319689502686,-38.11116617612716,3.3973137419274573
BAT_0023,NMC_622,SEI_growth,150,93.00178768611543,0.0004836764705882353,26881.166392698375,25.77815862557601,80.0,0.0409150030313514,0.0409150030313514,0.18581565472252864,0.18581565472252864,0.18581565472252864,0.18581565472252864,0.13000000000000003,1.2242687930145792,0.001,0.2217247680008132,1.0,2.0,0.1878353150024142,0.1878353150024142,-8.409653004801681,-8.409653004801681,-37.200939632538216,3.1773185963199526
BAT_0023,NMC_622,SEI_growth,175,91.52644130769522,0.0005059558823529412,22781.51457413966,24.248582035166308,80.0,0.04491557529725653,0.04491557529725653,0.2263387705629342,0.2263387705629342,0.2263387705629342,0.2263387705629342,0.13750000000000004,1.157490495213784,0.001,0.2680173976547638,1.0,2.0,0.22810010054133095,0.22810010054133095,-7.124839917820014,-7.124839917820014,-38.251162428149435,3.0612988721620273
BAT_0023,NMC_622,SEI_growth,200,89.9742148095482,0.0005282352941176472,18882.14384881062,21.62681406437586,80.0,0.050656229472956275,0.050656229472956275,0.2473400057363075,0.2473400057363075,0.2473400057363075,0.2473400057363075,0.14500000000000005,2.1952405943709694,0.001,0.284734245652178,0.5,2.0,0.24990241027725016,0.24990241027725016,-8.211983080980344,-8.211983080980344,-38.82984600692756,2.862431758317323
BAT_0023,NMC_622,SEI_growth,225,88.34983906168556,0.0005505147058823531,15167.331539858895,20.778353670572596,76.6078260652682,0.053093435043164806,0.053093435043164806,0.2627427190317755,0.2627427190317755,0.2627427190317755,0.2627427190317755,0.15250000000000005,1.0436389710943954,0.001,0.32740124561092226,1.0,2.0,0.265207088691001,0.265207088691001,-7.816905555364174,-7.816905555364174,-40.39147268218381,2.872294849184612
BAT_0023,NMC_622,SEI_growth,250,86.65820098000071,0.0005727941176470589,11624.07359794733,22.958423946161645,69.96483422343262,0.0503560298608928,0.0503560298608928,0.2515482748114375,0.2515482748114375,0.2515482748114375,0.2515482748114375,0.16000000000000006,0.9947183943243456,0.001,0.3090860129840773,1.0,2.0,0.2536564590369571,0.2536564590369571,-7.3921402507247285,-7.3921402507247285,-38.98286400907007,3.177375191054494
BAT_0023,NMC_622,SEI_growth,275,84.90431914967,0.0005950735294117649,8241.534713395775,18.711156337254046,59.1238373772151,0.06033037276775531,0.06033037276775531,0.29623713966776055,0.29623713966776055,0.29623713966776055,0.29623713966776055,0.16750000000000007,0.950178764727733,0.001,0.36082425862425727,1.0,2.0,0.2993002293999816,0.2993002293999816,-8.204177521818536,-8.204177521818536,-39.66698388371669,2.776379331266515
BAT_0023,NMC_622,SEI_growth,300,83.09331917596523,0.0006173529411764708,5010.617054922246,21.3805919112054,50.79014119245894,0.05609282135265234,0.05609282135265234,0.26274072734308856,0.26274072734308856,0.26274072734308856,0.26274072734308856,0.17500000000000007,0.909456817667973,0.001,0.3138238398900895,1.0,2.0,0.26530144829588964,0.26530144829588964,-7.967074696122966,-7.967074696122966,-39.3038664888666,3.1198288083921675
BAT_0023,NMC_622,SEI_growth,325,81.23040893066683,0.0006396323529411767,1923.6189742578258,26.186559777969837,49.18317137120927,0.04810406494851747,0.04810406494851747,0.263706695307274,0.263706695307274,0.263706695307274,0.263706695307274,0.18250000000000008,0.8720818799555906,0.001,0.31486742769236653,1.0,2.0,0.26524705617245603,0.26524705617245603,-6.177801904808068,-6.177801904808068,-39.97885524001065,3.7938581738428447
BAT_0023,NMC_622,SEI_growth,350,79.32085385976193,0.0006619117647058825,0.0,28.756663125093088,50.99165462864141,0.046021447442245594,0.046021447442245594,0.23206112560378228,0.23206112560378228,0.23206112560378228,0.23206112560378228,0.19000000000000009,0.8376575952205014,0.001,0.2701045308790745,1.0,2.0,0.23341353714831148,0.23341353714831148,-6.170764352200854,-6.170764352200854,-38.600573306029354,4.12850987006525
BAT_0023,NMC_622,SEI_growth,375,77.36995251419701,0.0006841911764705885,0.0,30.01790284566332,36.95776265675047,0.04552593919459581,0.04552593919459581,0.24069513677674276,0.24069513677674276,0.24069513677674276,0.24069513677674276,0.1975000000000001,0.5,0.001,0.26685596963940567,2.0,2.0,0.24198475899121222,0.24198475899121222,-5.917904339245847,-5.917904339245847,-38.51316191572715,4.338186174607123
BAT_0023,NMC_622,SEI_growth,400,75.38301246020157,0.0007064705882352944,0.0,28.9198145055688,40.723401173929815,0.048199615760645804,0.048199615760645804,0.24458324218270314,0.24458324218270314,0.24458324218270314,0.24458324218270314,0.2050000000000001,0.7763655760580256,0.001,0.2767181068669323,1.0,2.0,0.24589209729531789,0.24589209729531789,-5.9143083242170205,-5.9143083242170205,-39.21147794100328,4.253145938299766
BAT_0023,NMC_622,SEI_growth,425,73.36532671918471,0.0007287500000000003,0.0,27.490388780336403,30.0,0.052176414612633254,0.052176414612633254,0.26315211975583813,0.26315211975583813,0.26315211975583813,0.26315211975583813,0.2125000000000001,0.7489644380795071,0.001,0.3068998061031094,1.0,2.0,0.2648217468509332,0.2648217468509332,-6.437229440706901,-6.437229440706901,-42.40287318010845,4.072721392944244
BAT_0023,NMC_622,SEI_growth,450,71.32215087952774,0.000751029411764706,0.0,25.640050629584966,37.367931065523564,0.055578110020696826,0.055578110020696826,0.27297109137834374,0.27297109137834374,0.27297109137834374,0.27297109137834374,0.2200000000000001,0.5,0.001,0.3109675861100835,2.0,5.0,0.27470130449236213,0.27470130449236213,-6.434062628383776,-6.434062628383776,-39.895381192107024,3.9583929701473104
BAT_0023,NMC_622,SEI_growth,475,69.3821579784337,0.0007695588235294121,0.0,28.221074356020594,30.0,0.05301609660801001,0.05301609660801001,0.27741239565910975,0.27741239565910975,0.27741239565910975,0.27741239565910975,0.22750000000000012,0.6995821674369022,0.001,0.3141933745416474,1.0,5.0,0.2789180763932234,0.2789180763932234,-5.956090809034468,-5.956090809034468,-39.64286947305949,4.29114956693413
BAT_0023,NMC_622,SEI_growth,500,67.43243059824587,0.0007880882352941179,0.0,21.87500809718648,30.0,0.0674416305490651,0.0674416305490651,0.3399576405213741,0.3399576405213741,0.3399576405213741,0.3399576405213741,0.23500000000000013,0.6772550769867883,0.001,0.4243987420415234,1.0,2.0,0.3422413655767015,0.3422413655767015,-6.622700007302237,-6.622700007302237,-39.27534100507183,3.4844946376116015
BAT_0024,NMC_622,electrode_cracking,0,100.0,0.0,66666.66666666667,27.135919349068182,57.5134746115013,0.03268728198582393,0.03268728198582393,0.13204413616036823,0.13204413616036823,0.13204413616036823,0.13204413616036823,0.085,1.8724110951987685,0.001,0.1496097422096603,1.0,2.0,0.13349041722502022,0.13349041722502022,-8.441737128199886,-8.441737128199886,-31.249073989145167,2.600399752933372
BAT_0024,NMC_622,electrode_cracking,25,98.97846773430179,0.00041071428571428574,46208.44317916957,30.974860681589153,41.55684234105925,0.03255956878718407,0.03255956878718407,0.11293350902128545,0.11293350902128545,0.11293350902128545,0.11293350902128545,0.085,1.8724110951987685,0.001,0.12887979024124005,1.0,2.0,0.11417563460679196,0.11417563460679196,-8.459178349540622,-8.459178349540622,-30.08582432310271,2.610599684399299
BAT_0024,NMC_622,electrode_cracking,50,97.91490228556528,0.0004214285714285714,42509.937626765066,31.061549881821755,55.73199693178492,0.036937694171124996,0.036937694171124996,0.12365039125895196,0.12365039125895196,0.12365039125895196,0.12365039125895196,0.085,0.9362055475993842,0.001,0.14188071991924484,2.0,5.0,0.12501075332208336,0.12501075332208336,-8.460301095426269,-8.460301095426269,-26.621436509619425,2.3011723364813164
BAT_0024,NMC_622,electrode_cracking,75,96.81088842658066,0.0004321428571428571,38901.22941688087,27.389183049508887,64.74208827346185,0.04685072051011864,0.04685072051011864,0.15696808886224398,0.15696808886224398,0.15696808886224398,0.15696808886224398,0.085,1.8724110951987685,0.001,0.17044498490449572,1.0,2.0,0.1582119904395451,0.1582119904395451,-7.189453804615067,-7.189453804615067,-27.088242957778437,1.814273058653218
BAT_0024,NMC_622,electrode_cracking,100,95.66805811122514,0.00044285714285714284,35379.48605760515,28.991920488853182,77.56489150926315,0.048205950787910096,0.048205950787910096,0.1449157949782405,0.1449157949782405,0.1449157949782405,0.1449157949782405,0.085,0.9362055475993842,0.001,0.15901522211578323,2.0,2.0,0.14612859215072027,0.14612859215072027,-7.386946365871594,-7.386946365871594,-24.98907670227218,1.7632677835558375
BAT_0024,NMC_622,electrode_cracking,125,94.48808646668081,0.00045357142857142856,31942.23787929628,26.332647184244767,73.55074142286041,0.05674275175167033,0.05674275175167033,0.15730928744972741,0.15730928744972741,0.15730928744972741,0.15730928744972741,0.085,0.9362055475993842,0.001,0.16418344133581855,2.0,5.0,0.15850711870089157,0.15850711870089157,-7.04830906260681,-7.04830906260681,-24.00411405208169,1.4979886835942509
BAT_0024,NMC_622,electrode_cracking,150,93.2726877169743,0.0004642857142857143,28587.327390406193,23.562163881602892,80.0,0.067805658031731,0.067805658031731,0.16310482732016637,0.16310482732016637,0.16310482732016637,0.16310482732016637,0.085,0.9362055475993842,0.001,0.1834691241203562,2.0,2.0,0.16441321183503751,0.16441321183503751,-7.233115474240541,-7.233115474240541,-23.239686041486298,1.2535827019070087
BAT_0024,NMC_622,electrode_cracking,175,92.02361105166659,0.000475,25312.865371929667,21.02485680822122,74.64080239939432,0.08055568267095388,0.08055568267095388,0.20112886080258793,0.20112886080258793,0.20112886080258793,0.20112886080258793,0.085,0.9362055475993842,0.001,0.21321322140655782,2.0,2.0,0.20222670725511338,0.20222670725511338,-5.97290829325538,-5.97290829325538,-23.248088324264895,1.0551707487502755
BAT_0024,NMC_622,electrode_cracking,200,90.74263645355882,0.0004857142857142857,22117.192698503444,23.09021853942888,75.24770544204543,0.08096385915531984,0.08096385915531984,0.19741665819685428,0.19741665819685428,0.19741665819685428,0.19741665819685428,0.085,0.9362055475993842,0.001,0.2118297755575309,2.0,2.0,0.19845651330047692,0.19845651330047692,-5.8678794023332825,-5.8678794023332825,-21.36876768327678,1.049851142062501
BAT_0024,NMC_622,electrode_cracking,225,89.43157049925796,0.0004964285714285714,18998.847048864955,19.82448264364238,58.960426872681325,0.09606067367198153,0.09606067367198153,0.21026112554485668,0.21026112554485668,0.21026112554485668,0.21026112554485668,0.085,0.9362055475993842,0.001,0.22045733018519043,2.0,5.0,0.21161825758738442,0.21161825758738442,-6.492388310177949,-6.492388310177949,-21.393700687285936,0.8848574213652675
BAT_0024,NMC_622,electrode_cracking,250,88.09224214636555,0.0005071428571428572,15956.533809734887,21.250306861464498,64.43534258171417,0.09617600510048233,0.09617600510048233,0.2054192563573056,0.2054192563573056,0.2054192563573056,0.2054192563573056,0.085,0.9362055475993842,0.001,0.2232222089466515,2.0,2.0,0.2065951424621899,0.2065951424621899,-6.1159850160558396,-6.1159850160558396,-19.548040792889662,0.8837963264453966
BAT_0024,NMC_622,electrode_cracking,275,86.72649852091455,0.0005178571428571428,12989.10059211085,21.73712832525531,56.0124186579107,0.10027783931330553,0.10027783931330553,0.2153479293217594,0.2153479293217594,0.2153479293217594,0.2153479293217594,0.085,0.9362055475993842,0.001,0.23524882274981884,2.0,5.0,0.21634812438977058,0.21634812438977058,-5.511513483921999,-5.511513483921999,-19.04435255023241,0.8476449092049957
BAT_0024,NMC_622,electrode_cracking,300,85.33620071848536,0.0005285714285714285,10095.51487281014,24.091053929991645,53.377981824457436,0.09784060792757131,0.09784060792757131,0.19688892566049732,0.19688892566049732,0.19688892566049732,0.19688892566049732,0.085,0.9362055475993842,0.001,0.2084754701231799,2.0,5.0,0.19757913952311273,0.19757913952311273,-4.790550624361079,-4.790550624361079,-17.27567831765279,0.8687599331243235
BAT_0024,NMC_622,electrode_cracking,325,84.21596166095713,0.0005285714285714286,7976.143682891876,25.490262715617458,42.22755479811846,0.0981561322941211,0.0981561322941211,0.21302241145790177,0.21302241145790177,0.21302241145790177,0.21302241145790177,0.07844326075237723,0.5,0.001,0.2205328191466704,5.0,5.0,0.21381210697978376,0.21381210697978376,-4.925894212548486,-4.925894212548486,-18.679942273019265,0.7991682121023779
BAT_0024,NMC_622,electrode_cracking,350,83.11042838521257,0.0005285714285714286,5884.594242294054,29.298164313440147,41.9165794658066,0.09126806953524652,0.09126806953524652,0.17806093579826288,0.17806093579826288,0.17806093579826288,0.17806093579826288,0.06784704785872894,0.5,0.001,0.19579850383627156,5.0,5.0,0.17873185609557823,0.17873185609557823,-4.966015381248827,-4.966015381248827,-15.860214113609027,0.7433820853691587
BAT_0024,NMC_622,electrode_cracking,375,82.01940784315498,0.0005285714285714286,3820.5013248877995,29.213603803338476,34.41628741588903,0.09641659990049717,0.09641659990049717,0.20248650509925673,0.20248650509925673,0.20248650509925673,0.20248650509925673,0.08036756607124707,0.5,0.001,0.2115367644090746,5.0,5.0,0.20307090660413255,0.20307090660413255,-4.347840923369491,-4.347840923369491,-17.142723349025275,0.8335449098411181
BAT_0024,NMC_622,electrode_cracking,400,80.94270952089963,0.0005285714285714286,1783.504498999293,32.363304698423356,30.0,0.09083173943658884,0.09083173943658884,0.14826808560698593,0.14826808560698593,0.14826808560698593,0.14826808560698593,0.06511113424248177,0.5,0.001,0.16634609666348651,5.0,5.0,0.1489728809626624,0.1489728809626624,-5.575539657136719,-5.575539657136719,-16.254516664223086,0.7168324051301136
BAT_0024,NMC_622,electrode_cracking,425,79.88014540550621,0.0005285714285714286,0.0,24.96163274939306,36.619861445522986,0.11752169968576578,0.11752169968576578,0.22055905477084103,0.22055905477084103,0.22055905477084103,0.22055905477084103,0.08396932367689627,0.5,0.001,0.2405657911905591,5.0,5.0,0.22126242495807927,0.22126242495807927,-4.569733672474259,-4.569733672474259,-15.545245799290289,0.7145005892649341
BAT_0024,NMC_622,electrode_cracking,450,78.83152995214799,0.0005285714285714286,0.0,26.26031715050278,30.0,0.12170294744504559,0.12170294744504559,0.20975923924084905,0.20975923924084905,0.20975923924084905,0.20975923924084905,0.08034654685799691,0.5,0.001,0.22161924946772615,5.0,5.0,0.2105207256840766,0.2105207256840766,-4.874749295573147,-4.874749295573147,-15.313533452456179,0.6601857107386576
BAT_0024,NMC_622,electrode_cracking,475,77.7966800517121,0.0005285714285714285,0.0,27.329848697051975,30.0,0.12034400726713129,0.12034400726713129,0.2291522324473249,0.2291522324473249,0.2291522324473249,0.2291522324473249,0.09552910588444308,0.5,0.001,0.21840568560242637,5.0,5.0,0.22983313227940982,0.22983313227940982,-4.411438240990625,-4.411438240990625,-15.591089498126578,0.7938002735141949
BAT_0024,NMC_622,electrode_cracking,500,76.77541499882493,0.0005285714285714286,0.0,23.41231384385155,30.0,0.1426201465987897,0.1426201465987897,0.2564536534981188,0.2564536534981188,0.2564536534981188,0.2564536534981188,0.09874313176220345,0.5,0.001,0.25413059366881485,5.0,5.0,0.25713172804808243,0.25713172804808243,-4.161922636754562,-4.161922636754562,-14.885144146329958,0.6923505137039413
BAT_0025,NMC_622,SEI_growth,0,100.0,0.0,66666.66666666667,27.792931400911467,30.0,0.03227912320152698,0.03227912320152698,0.1351204864416351,0.1351204864416351,0.1351204864416351,0.1351204864416351,0.085,1.8724110951987685,0.001,0.15327217118787045,1.0,2.0,0.1365978308242294,0.1365978308242294,-8.43429521569045,-8.43429521569045,-35.99373985713284,2.633280943516428
BAT_0025,NMC_622,SEI_growth,25,99.07361906437536,0.0003722794117647058,51234.68680140332,29.281587728156687,67.66563667623534,0.03149124976559754,0.03149124976559754,0.12124014292401428,0.12124014292401428,0.12124014292401428,0.12124014292401428,0.0925,1.7205939793718414,0.001,0.1311588683505712,1.0,2.0,0.12279892886231947,0.12279892886231947,-9.13890278873383,-9.13890278873383,-33.1640899663419,2.937323881666048
BAT_0025,NMC_622,SEI_growth,50,98.04653812831243,0.00039455882352941175,45738.52376911091,31.02065169565805,67.18567907778517,0.03106163485818426,0.03106163485818426,0.11344091679248773,0.11344091679248773,0.11344091679248773,0.11344091679248773,0.1,1.5915494309189535,0.001,0.13263681606215327,1.0,5.0,0.11477696286961532,0.11477696286961532,-8.750707449847262,-8.750707449847262,-34.33802380143358,3.219405561122664
BAT_0025,NMC_622,SEI_growth,75,96.92207628054058,0.00041683823529411774,40596.26696337129,32.40141558228477,71.80758028178114,0.030694794892789208,0.030694794892789208,0.12872788516794278,0.12872788516794278,0.12872788516794278,0.12872788516794278,0.10750000000000001,1.4805110985292589,0.001,0.14340081376532188,1.0,2.0,0.12994563568287634,0.12994563568287634,-7.85010891864589,-7.85010891864589,-35.248625825004545,3.5022224574386653
BAT_0025,NMC_622,SEI_growth,100,95.70383983122177,0.00043911764705882356,35762.26083466445,28.572843389091815,68.55516462694474,0.03557136243112747,0.03557136243112747,0.14586288973683406,0.14586288973683406,0.14586288973683406,0.14586288973683406,0.11500000000000002,1.3839560268860462,0.001,0.17255679732486248,1.0,2.0,0.14767026275085757,0.14767026275085757,-8.973439800750599,-8.973439800750599,-34.76679249114175,3.2329377381218003
BAT_0025,NMC_622,SEI_growth,125,94.395703055459,0.00046139705882352944,31200.248853265708,27.249976817996732,69.03484033658603,0.03845204853318184,0.03845204853318184,0.16909932481459256,0.16909932481459256,0.16909932481459256,0.16909932481459256,0.12250000000000003,1.2992240252399616,0.001,0.20353119484984594,1.0,2.0,0.17082535287320666,0.17082535287320666,-8.151766848287165,-8.151766848287165,-33.210418480459154,3.1857860549169383
BAT_0025,NMC_622,SEI_growth,150,93.00178768611543,0.0004836764705882353,26881.166392698375,29.199579436650332,74.23423568965589,0.0364546450007841,0.0364546450007841,0.1721022920199945,0.1721022920199945,0.1721022920199945,0.1721022920199945,0.13000000000000003,1.2242687930145792,0.001,0.2120259695853831,1.0,2.0,0.17373331228840383,0.17373331228840383,-7.85716930246739,-7.85716930246739,-36.70502299743708,3.5660750501672385
BAT_0025,NMC_622,SEI_growth,175,91.52644130769522,0.0005059558823529412,22781.51457413966,24.02577916030674,75.8870865836898,0.04560406743882507,0.04560406743882507,0.21901908204852236,0.21901908204852236,0.21901908204852236,0.21901908204852236,0.13750000000000004,1.157490495213784,0.001,0.24683262945690868,1.0,2.0,0.2213158602879111,0.2213158602879111,-8.261657685312173,-8.261657685312173,-38.5482094560168,3.0150819372514843
BAT_0025,NMC_622,SEI_growth,200,89.9742148095482,0.0005282352941176472,18882.14384881062,22.890406496917723,80.0,0.048035369332870385,0.048035369332870385,0.23137464282302114,0.23137464282302114,0.23137464282302114,0.23137464282302114,0.14500000000000005,1.0976202971854847,0.001,0.2747495217346754,1.0,2.0,0.23372894498202632,0.23372894498202632,-8.139124706984973,-8.139124706984973,-40.42461709174358,3.0186090377528796
BAT_0025,NMC_622,SEI_growth,225,88.34983906168556,0.0005505147058823531,15167.331539858895,24.16040648443303,72.34459315349497,0.047378368052135744,0.047378368052135744,0.2280933303537285,0.2280933303537285,0.2280933303537285,0.2280933303537285,0.15250000000000005,1.0436389710943954,0.001,0.2675528775584076,1.0,2.0,0.2299960622277964,0.2299960622277964,-7.375068996948934,-7.375068996948934,-39.49282504938513,3.2187685281220992
BAT_0025,NMC_622,SEI_growth,250,86.65820098000071,0.0005727941176470589,11624.07359794733,19.664305152361774,74.18671855770343,0.05670464782759498,0.05670464782759498,0.27491770865173154,0.27491770865173154,0.27491770865173154,0.27491770865173154,0.16000000000000006,0.9947183943243456,0.001,0.3518619790319714,1.0,2.0,0.27797360727704434,0.27797360727704434,-8.503622886486987,-8.503622886486987,-40.24372181701429,2.821638192454076
BAT_0025,NMC_622,SEI_growth,275,84.90431914967,0.0005950735294117649,8241.534713395775,21.416402829591455,69.74326901383276,0.05445993429010425,0.05445993429010425,0.28756046225643184,0.28756046225643184,0.28756046225643184,0.28756046225643184,0.16750000000000007,0.950178764727733,0.001,0.34179504181311643,1.0,2.0,0.2907620092221736,0.2907620092221736,-8.510362166510125,-8.510362166510125,-40.39649180380557,3.0756555655711835
BAT_0025,NMC_622,SEI_growth,300,83.09331917596523,0.0006173529411764708,5010.617054922246,23.813242472707795,47.90711772739583,0.05212267109280672,0.05212267109280672,0.24571613513111912,0.24571613513111912,0.24571613513111912,0.24571613513111912,0.17500000000000007,0.909456817667973,0.001,0.294803905279306,1.0,2.0,0.2479500152270804,0.2479500152270804,-7.6968334792799045,-7.6968334792799045,-40.024298422963774,3.357464157744426
BAT_0025,NMC_622,SEI_growth,325,81.23040893066683,0.0006396323529411767,1923.6189742578258,24.667933424300152,55.608851793497706,0.05106122243335597,0.05106122243335597,0.24031310275957465,0.24031310275957465,0.24031310275957465,0.24031310275957465,0.18250000000000008,0.8720818799555906,0.001,0.28001594143412645,1.0,2.0,0.2425817550110566,0.2425817550110566,-7.842085531886624,-7.842085531886624,-38.08789474497783,3.5741408313950025
BAT_0025,NMC_622,SEI_growth,350,79.32085385976193,0.0006619117647058825,0.0,31.80618906284293,31.07215554261434,0.04212449015702618,0.04212449015702618,0.20346850056992252,0.20346850056992252,0.20346850056992252,0.20346850056992252,0.19000000000000009,0.5,0.001,0.23646880468712161,2.0,5.0,0.20476772204779198,0.20476772204779198,-6.457707531427088,-6.457707531427088,-39.80626127049971,4.510440346974952
BAT_0025,NMC_622,SEI_growth,375,77.36995251419701,0.0006841911764705885,0.0,29.846231268840626,30.0,0.04637132528013384,0.04637132528013384,0.248071731177326,0.248071731177326,0.248071731177326,0.248071731177326,0.1975000000000001,0.8058478131235204,0.001,0.281233084885471,1.0,2.0,0.24938433737296012,0.24938433737296012,-5.881132181787894,-5.881132181787894,-38.19965414022639,4.259097595483475
BAT_0025,NMC_622,SEI_growth,400,75.38301246020157,0.0007064705882352944,0.0,29.838088684316503,30.0,0.04638888279653768,0.04638888279653768,0.24122818222401177,0.24122818222401177,0.24122818222401177,0.24122818222401177,0.2050000000000001,0.7763655760580256,0.001,0.2806630805331958,1.0,2.0,0.24242704309770652,0.24242704309770652,-5.700469524578193,-5.700469524578193,-36.74880932904154,4.419162257024665
BAT_0025,NMC_622,SEI_growth,425,73.36532671918471,0.0007287500000000003,0.0,28.80453083185288,30.0,0.049217817164108384,0.049217817164108384,0.2562029190507154,0.2562029190507154,0.2562029190507154,0.2562029190507154,0.2125000000000001,0.5,0.001,0.30276174484430435,2.0,5.0,0.2574335401350021,0.2574335401350021,-5.604545506685546,-5.604545506685546,-37.642006446930075,4.317542147215819
BAT_0025,NMC_622,SEI_growth,450,71.32215087952774,0.000751029411764706,0.0,27.326449355863783,30.0,0.05308601671760326,0.05308601671760326,0.26167891843897095,0.26167891843897095,0.26167891843897095,0.26167891843897095,0.2200000000000001,0.5,0.001,0.3163128836309519,2.0,5.0,0.26314416242604816,0.26314416242604816,-6.049193274946626,-6.049193274946626,-38.27631595885562,4.144217509675168
BAT_0025,NMC_622,SEI_growth,475,69.3821579784337,0.0007695588235294121,0.0,23.68415402738122,30.0,0.06026899162918893,0.06026899162918893,0.3224109806221544,0.3224109806221544,0.3224109806221544,0.3224109806221544,0.22750000000000012,0.6995821674369022,0.001,0.3548259840261815,1.0,2.0,0.3242079233359642,0.3242079233359642,-6.035228676288553,-6.035228676288553,-39.278125119802624,3.774743758775937
BAT_0025,NMC_622,SEI_growth,500,67.43243059824587,0.0007880882352941179,0.0,23.16540108817136,30.0,0.06372584119783092,0.06372584119783092,0.3472604156273986,0.3472604156273986,0.3472604156273986,0.3472604156273986,0.23500000000000013,0.6772550769867883,0.001,0.38011387245291195,1.0,2.0,0.34914007960255045,0.34914007960255045,-5.948026859364963,-5.948026859364963,-38.386694801692606,3.687671995893543
BAT_0026,NMC_622,electrode_cracking,0,100.0,0.0,66666.66666666667,24.17390302233035,63.213248613799735,0.03602230061533432,0.03602230061533432,0.13493365383568812,0.13493365383568812,0.13493365383568812,0.13493365383568812,0.085,1.8724110951987685,0.001,0.15436769173188053,1.0,2.0,0.13695557909097453,0.13695557909097453,-9.85748376553677,-9.85748376553677,-33.68158307533354,2.359649399067432
BAT_0026,NMC_622,electrode_cracking,25,98.97846773430179,0.00041071428571428574,46208.44317916957,28.664524723746037,52.493440550916645,0.0352527432860634,0.0352527432860634,0.130520718687874,0.130520718687874,0.130520718687874,0.130520718687874,0.085,0.9362055475993842,0.001,0.13541586448647147,2.0,2.0,0.13184898964347763,0.13184898964347763,-8.13968948190943,-8.13968948190943,-32.91849753608632,2.4111598723042746
BAT_0026,NMC_622,electrode_cracking,50,97.91490228556528,0.0004214285714285714,42509.937626765066,31.32675229564776,52.95185246978241,0.03662446360187066,0.03662446360187066,0.12328597608157191,0.12328597608157191,0.12328597608157191,0.12328597608157191,0.085,0.9362055475993842,0.001,0.1286635301350721,2.0,5.0,0.12449459080121104,0.12449459080121104,-7.990212071116843,-7.990212071116843,-28.259249706074502,2.3208531031061566
BAT_0026,NMC_622,electrode_cracking,75,96.81088842658066,0.0004321428571428571,38901.22941688087,30.996466286730886,64.87068424816566,0.04100144426075537,0.04100144426075537,0.13482556966954296,0.13482556966954296,0.13482556966954296,0.13482556966954296,0.085,0.9362055475993842,0.001,0.1488913751566057,2.0,5.0,0.1360307960379998,0.1360307960379998,-7.632635050417073,-7.632635050417073,-26.906745085325227,2.073097705032746
BAT_0026,NMC_622,electrode_cracking,100,95.66805811122514,0.00044285714285714284,35379.48605760515,29.207723687211256,71.31326570631009,0.04811602463304298,0.04811602463304298,0.1448674559696278,0.1448674559696278,0.1448674559696278,0.1448674559696278,0.085,0.9362055475993842,0.001,0.157010963059648,2.0,5.0,0.14611617131134602,0.14611617131134602,-7.4960071041403475,-7.4960071041403475,-24.489770328506314,1.7665632322755835
BAT_0026,NMC_622,electrode_cracking,125,94.48808646668081,0.00045357142857142856,31942.23787929628,29.381649077195608,80.0,0.052089854039770615,0.052089854039770615,0.142333230436277,0.142333230436277,0.142333230436277,0.142333230436277,0.085,0.9362055475993842,0.001,0.14588739562567937,2.0,5.0,0.1433292939883639,0.1433292939883639,-6.758736339041083,-6.758736339041083,-25.156805720168553,1.6317957031536792
BAT_0026,NMC_622,electrode_cracking,150,93.2726877169743,0.0004642857142857143,28587.327390406193,22.547276813454445,80.0,0.06980831330047581,0.06980831330047581,0.178706469803319,0.178706469803319,0.178706469803319,0.178706469803319,0.085,0.9362055475993842,0.001,0.17668820388445292,2.0,2.0,0.1801447174051876,0.1801447174051876,-7.244911133007626,-7.244911133007626,-23.777192778560092,1.217620022333653
BAT_0026,NMC_622,electrode_cracking,175,92.02361105166659,0.000475,25312.865371929667,22.822391750474374,76.7161813327923,0.07502163516076141,0.07502163516076141,0.1920609954596543,0.1920609954596543,0.1920609954596543,0.1920609954596543,0.085,0.9362055475993842,0.001,0.19590899797514183,2.0,5.0,0.1933525253986119,0.1933525253986119,-6.626084752602233,-6.626084752602233,-23.07292654218531,1.133006496297452
BAT_0026,NMC_622,electrode_cracking,200,90.74263645355882,0.0004857142857142857,22117.192698503444,22.1362361067367,75.610983280975,0.08290705335926424,0.08290705335926424,0.20273198573288467,0.20273198573288467,0.20273198573288467,0.20273198573288467,0.085,0.9362055475993842,0.001,0.21545024763995682,2.0,2.0,0.2039941473792997,0.2039941473792997,-6.376912298981769,-6.376912298981769,-21.208385728757747,1.025244494357631
BAT_0026,NMC_622,electrode_cracking,225,89.43157049925796,0.0004964285714285714,18998.847048864955,22.75234230871386,80.0,0.08599213084234915,0.08599213084234915,0.19498152943328695,0.19498152943328695,0.19498152943328695,0.19498152943328695,0.085,0.9362055475993842,0.001,0.21334677543775823,2.0,5.0,0.19602903213685974,0.19602903213685974,-5.925821837979775,-5.925821837979775,-20.57701843454929,0.9884625391575883
BAT_0026,NMC_622,electrode_cracking,250,88.09224214636555,0.0005071428571428572,15956.533809734887,18.894168012992065,62.902956469322746,0.10575173812486355,0.10575173812486355,0.23211004850799424,0.23211004850799424,0.23211004850799424,0.23211004850799424,0.085,0.9362055475993842,0.001,0.22984082974176026,2.0,5.0,0.2335069764165164,0.2335069764165164,-6.270345112045385,-6.270345112045385,-18.744593747922767,0.8037692950222579
BAT_0026,NMC_622,electrode_cracking,275,86.72649852091455,0.0005178571428571428,12989.10059211085,19.74444896449718,63.89641805821403,0.1064039053251465,0.1064039053251465,0.24168456645733802,0.24168456645733802,0.24168456645733802,0.24168456645733802,0.085,0.9362055475993842,0.001,0.25256631022412307,2.0,5.0,0.2425741043378729,0.2425741043378729,-4.9082925566217845,-4.9082925566217845,-18.394539530322657,0.7988428595760564
BAT_0026,NMC_622,electrode_cracking,300,85.33620071848536,0.0005285714285714285,10095.51487281014,28.11873790660934,76.70716933029196,0.08535097328621517,0.08535097328621517,0.1797915377714485,0.1797915377714485,0.1797915377714485,0.1797915377714485,0.08628365390493224,0.5,0.001,0.1834261503805255,5.0,5.0,0.18062914791537762,0.18062914791537762,-5.519918249149314,-5.519918249149314,-19.180102995795263,1.0109275920684515
BAT_0026,NMC_622,electrode_cracking,325,84.21596166095713,0.0005285714285714286,7976.143682891876,25.788759893302082,40.32595165490533,0.0957884834982719,0.0957884834982719,0.19949339635511334,0.19949339635511334,0.19949339635511334,0.19949339635511334,0.10227186100015911,0.5,0.001,0.20025628543365256,5.0,5.0,0.20038706733387257,0.20038706733387257,-5.41318846679464,-5.41318846679464,-17.35326021832306,1.0676843109433314
BAT_0026,NMC_622,electrode_cracking,350,83.11042838521257,0.0005285714285714286,5884.594242294054,25.98510416459228,37.167129794818855,0.10311754432890795,0.10311754432890795,0.19197197624067353,0.19197197624067353,0.19197197624067353,0.19197197624067353,0.07932315923857654,0.5,0.001,0.21774992753366013,5.0,5.0,0.1926278113077105,0.1926278113077105,-4.729320522509478,-4.729320522509478,-16.134443016082987,0.7692498861839081
BAT_0026,NMC_622,electrode_cracking,375,82.01940784315498,0.0005285714285714286,3820.5013248877995,32.10376566572741,34.04828929179672,0.08842045818474166,0.08842045818474166,0.17903586953742925,0.17903586953742925,0.17903586953742925,0.17903586953742925,0.07102318414696783,0.5,0.001,0.1870721152927204,5.0,5.0,0.17959107840558744,0.17959107840558744,-4.506458722640293,-4.506458722640293,-16.29878044130144,0.8032437922745801
BAT_0026,NMC_622,electrode_cracking,400,80.94270952089963,0.0005285714285714286,1783.504498999293,31.60027983932949,30.0,0.09406038411103745,0.09406038411103745,0.17146049193161106,0.17146049193161106,0.17146049193161106,0.17146049193161106,0.07433728291907218,0.5,0.001,0.17072644018161737,5.0,5.0,0.17203091234707513,0.17203091234707513,-4.667152482594899,-4.667152482594899,-15.65593518848523,0.7903144732145435
BAT_0026,NMC_622,electrode_cracking,425,79.88014540550621,0.0005285714285714286,0.0,28.45031354691221,36.74086081562148,0.10842474705398546,0.10842474705398546,0.2152915030329125,0.2152915030329125,0.2152915030329125,0.2152915030329125,0.07367388242813684,0.5,0.001,0.23621729670090286,5.0,5.0,0.2158985324504787,0.2158985324504787,-4.297535406146089,-4.297535406146089,-16.297031793704395,0.6794932377518399
BAT_0026,NMC_622,electrode_cracking,450,78.83152995214799,0.0005285714285714286,0.0,27.22179602424041,30.0,0.1159863589790989,0.1159863589790989,0.22316416630829192,0.22316416630829192,0.22316416630829192,0.22316416630829192,0.0704137122559379,0.5,0.001,0.23040527421761392,5.0,5.0,0.22380710115312877,0.22380710115312877,-4.343983860050385,-4.343983860050385,-15.319705739517186,0.6070861511277087
BAT_0026,NMC_622,electrode_cracking,475,77.7966800517121,0.0005285714285714285,0.0,23.308650858498524,32.85507609315209,0.13585729060957047,0.13585729060957047,0.2550028648468017,0.2550028648468017,0.2550028648468017,0.2550028648468017,0.11880751214502938,0.5,0.001,0.24209899893826053,5.0,5.0,0.25574358483160653,0.25574358483160653,-4.3618142276072085,-4.3618142276072085,-14.396843142276204,0.8745022928983687
BAT_0026,NMC_622,electrode_cracking,500,76.77541499882493,0.0005285714285714286,0.0,20.20651981795349,32.03667872123473,0.15843922408686117,0.15843922408686117,0.258715325751449,0.258715325751449,0.258715325751449,0.258715325751449,0.085,0.9362055475993842,0.001,0.29538987242388715,2.0,5.0,0.2595982843268989,0.2595982843268989,-4.726939653090197,-4.726939653090197,-13.751915535087285,0.5364833139639742
BAT_0027,NMC_622,electrode_cracking,0,100.0,0.0,66666.66666666667,26.313732126619005,47.52388463558549,0.03312004758986689,0.03312004758986689,0.1313175522833482,0.1313175522833482,0.1313175522833482,0.1313175522833482,0.085,1.8724110951987685,0.001,0.1448986131400594,1.0,2.0,0.13263376356841058,0.13263376356841058,-8.078545824989414,-8.078545824989414,-35.17068158373351,2.5664214331022226
BAT_0027,NMC_622,electrode_cracking,25,98.97846773430179,0.00041071428571428574,46208.44317916957,31.25302605350518,57.422837448224314,0.033105334175981306,0.033105334175981306,0.10975030087165837,0.10975030087165837,0.10975030087165837,0.10975030087165837,0.085,0.9362055475993842,0.001,0.12211067687849167,2.0,2.0,0.11108309489680547,0.11108309489680547,-8.884445955373543,-8.884445955373543,-30.439740719242575,2.567562059581005
BAT_0027,NMC_622,electrode_cracking,50,97.91490228556528,0.0004214285714285714,42509.937626765066,27.451084777894195,80.0,0.0420007868926664,0.0420007868926664,0.13607118256743164,0.13607118256743164,0.13607118256743164,0.13607118256743164,0.085,0.9362055475993842,0.001,0.14586860099846422,2.0,2.0,0.1374417169832118,0.1374417169832118,-8.098132314082806,-8.098132314082806,-30.27895388792652,2.023771607356279
BAT_0027,NMC_622,electrode_cracking,75,96.81088842658066,0.0004321428571428571,38901.22941688087,31.795774122723437,80.0,0.040427249899631715,0.040427249899631715,0.12673048605553297,0.12673048605553297,0.12673048605553297,0.12673048605553297,0.085,0.9362055475993842,0.001,0.14193699863831027,2.0,2.0,0.12763153003427502,0.12763153003427502,-6.812201228933054,-6.812201228933054,-29.582069875412575,2.1025422261229383
BAT_0027,NMC_622,electrode_cracking,100,95.66805811122514,0.00044285714285714284,35379.48605760515,32.53849347323946,72.30720428718061,0.04284607421299528,0.04284607421299528,0.1263487459686674,0.1263487459686674,0.1263487459686674,0.1263487459686674,0.085,0.9362055475993842,0.001,0.12615823850567517,2.0,5.0,0.1274185416563572,0.1274185416563572,-7.4297818752519955,-7.4297818752519955,-24.265760191373058,1.9838456979150585
BAT_0027,NMC_622,electrode_cracking,125,94.48808646668081,0.00045357142857142856,31942.23787929628,26.74882934534212,77.51340834654839,0.056739393074459396,0.056739393074459396,0.16221478618838311,0.16221478618838311,0.16221478618838311,0.16221478618838311,0.085,0.9362055475993842,0.001,0.17998116311480228,2.0,2.0,0.16343216899230517,0.16343216899230517,-6.9976528160148685,-6.9976528160148685,-23.42202005640727,1.498077356739683
BAT_0027,NMC_622,electrode_cracking,150,93.2726877169743,0.0004642857142857143,28587.327390406193,25.176639342762094,74.48683364350796,0.06457206371087829,0.06457206371087829,0.15871703521071584,0.15871703521071584,0.15871703521071584,0.15871703521071584,0.085,0.9362055475993842,0.001,0.17159818318715414,2.0,2.0,0.1600302145617109,0.1600302145617109,-7.345072474710736,-7.345072474710736,-23.130652656176633,1.3163587334081175
BAT_0027,NMC_622,electrode_cracking,175,92.02361105166659,0.000475,25312.865371929667,22.71220448727265,80.0,0.07550159461243389,0.07550159461243389,0.191664739571329,0.191664739571329,0.191664739571329,0.191664739571329,0.085,0.9362055475993842,0.001,0.20664417727522252,2.0,2.0,0.19281282024716928,0.19281282024716928,-6.25563804256054,-6.25563804256054,-23.153461952036114,1.125804036806421
BAT_0027,NMC_622,electrode_cracking,200,90.74263645355882,0.0004857142857142857,22117.192698503444,19.716048467515048,68.80622336257416,0.08812157623262529,0.08812157623262529,0.21383930309572807,0.21383930309572807,0.21383930309572807,0.21383930309572807,0.085,0.9362055475993842,0.001,0.2249442797070117,2.0,2.0,0.21530544273697172,0.21530544273697172,-6.6902839304083805,-6.6902839304083805,-21.178741542678118,0.9645764821048494
BAT_0027,NMC_622,electrode_cracking,225,89.43157049925796,0.0004964285714285714,18998.847048864955,19.115421246592827,75.31071517138585,0.09749056900666693,0.09749056900666693,0.22742689644810274,0.22742689644810274,0.22742689644810274,0.22742689644810274,0.085,0.9362055475993842,0.001,0.2568751353128156,2.0,2.0,0.2285513168030463,0.2285513168030463,-5.6857574496799215,-5.6857574496799215,-20.42514426490234,0.87187920704604
BAT_0027,NMC_622,electrode_cracking,250,88.09224214636555,0.0005071428571428572,15956.533809734887,24.927142970310243,76.72778641518346,0.08373050309022519,0.08373050309022519,0.2004241293164011,0.2004241293164011,0.2004241293164011,0.2004241293164011,0.085,0.9362055475993842,0.001,0.20515278910370985,2.0,5.0,0.20133510585121092,0.20133510585121092,-5.452496071482523,-5.452496071482523,-21.36565282031828,1.015161701684831
BAT_0027,NMC_622,electrode_cracking,275,86.72649852091455,0.0005178571428571428,12989.10059211085,19.124089611395696,55.64065798962877,0.10792682755126141,0.10792682755126141,0.21513706419125903,0.21513706419125903,0.21513706419125903,0.21513706419125903,0.085,0.9362055475993842,0.001,0.23989920820342753,2.0,5.0,0.21630324127341255,0.21630324127341255,-5.952284516932043,-5.952284516932043,-19.071333484597517,0.7875706339985582
BAT_0027,NMC_622,electrode_cracking,300,85.33620071848536,0.0005285714285714285,10095.51487281014,25.352431862424584,51.007522513779556,0.09422860384129979,0.09422860384129979,0.19073708618331017,0.19073708618331017,0.19073708618331017,0.19073708618331017,0.09730422974957155,0.5,0.0012288640257458355,0.18264549880696407,5.0,5.0,0.1916309498007042,0.1916309498007042,-5.536169688389855,-5.536169688389855,-19.567310509728653,1.0326400454096905
BAT_0027,NMC_622,electrode_cracking,325,84.21596166095713,0.0005285714285714286,7976.143682891876,27.15725636120806,30.0,0.09439758048966786,0.09439758048966786,0.19313463549385412,0.19313463549385412,0.19313463549385412,0.19313463549385412,0.07071024097866298,0.5,0.001,0.2068173447157799,5.0,5.0,0.19385436337637058,0.19385436337637058,-4.938766154593661,-4.938766154593661,-17.854624354842095,0.7490683618358466
BAT_0027,NMC_622,electrode_cracking,350,83.11042838521257,0.0005285714285714286,5884.594242294054,31.361722962470502,38.222833309336316,0.08571097306839495,0.08571097306839495,0.16594939157117944,0.16594939157117944,0.16594939157117944,0.16594939157117944,0.06890970896851034,0.5,0.001,0.1704914477094039,5.0,5.0,0.1664603347845454,0.1664603347845454,-4.490345062768134,-4.490345062768134,-17.45361868915876,0.8039776763883234
BAT_0027,NMC_622,electrode_cracking,375,82.01940784315498,0.0005285714285714286,3820.5013248877995,27.2226115552166,35.37646017144645,0.10275227980078296,0.10275227980078296,0.19529572653620433,0.19529572653620433,0.19529572653620433,0.19529572653620433,0.06365817093758526,0.5000298963912787,0.001,0.20077347012441568,5.0,5.0,0.1960044998069762,0.1960044998069762,-4.874041615862088,-4.874041615862088,-17.66091200403126,0.6195304966566805
BAT_0027,NMC_622,electrode_cracking,400,80.94270952089963,0.0005285714285714286,1783.504498999293,28.56292955188163,32.195548235289316,0.10354861047345947,0.10354861047345947,0.1689371441662585,0.1689371441662585,0.1689371441662585,0.1689371441662585,0.07703209251596117,0.5,0.004929336784187528,0.16877403000658653,5.0,5.0,0.1695991183360544,0.1695991183360544,-5.063930289917158,-5.063930289917158,-17.42726084027006,0.7439220300856211
BAT_0027,NMC_622,electrode_cracking,425,79.88014540550621,0.0005285714285714286,0.0,26.863442720771545,30.0,0.1121657402693825,0.1121657402693825,0.20511850024265965,0.20511850024265965,0.20511850024265965,0.20511850024265965,0.10107302915949501,0.5,0.001,0.20791176429925284,5.0,5.0,0.20591646873664393,0.20591646873664393,-5.045745129204719,-5.045745129204719,-16.144619557067546,0.9011042847553387
BAT_0027,NMC_622,electrode_cracking,450,78.83152995214799,0.0005285714285714286,0.0,26.597493438318192,42.342936818210205,0.11968585090994485,0.11968585090994485,0.22945142712996197,0.22945142712996197,0.22945142712996197,0.22945142712996197,0.081568475117273,0.5,0.001,0.22715027905429083,5.0,5.0,0.23004907351296322,0.23004907351296322,-4.1308897097906,-4.1308897097906,-14.70109268541034,0.681521453848772
BAT_0027,NMC_622,electrode_cracking,475,77.7966800517121,0.0005285714285714285,0.0,19.279829628748256,30.0,0.15603096273898312,0.15603096273898312,0.2521419411808971,0.2521419411808971,0.2521419411808971,0.2521419411808971,0.085,0.9362055475993842,0.0027615116267770915,0.2697603148042362,2.0,5.0,0.25321733025867355,0.25321733025867355,-5.282354559856922,-5.282354559856922,-14.815168541120968,0.5447636706708816
BAT_0027,NMC_622,electrode_cracking,500,76.77541499882493,0.0005285714285714286,0.0,24.934276891156724,30.0,0.13500012377843298,0.13500012377843298,0.2488325288955142,0.2488325288955142,0.2488325288955142,0.2488325288955142,0.08733592264473664,0.5,0.001,0.24448417898183367,5.0,5.0,0.24945662745283664,0.24945662745283664,-4.053752991391171,-4.053752991391171,-14.483175966488455,0.6469321671739758
BAT_0028,NMC_622,lithium_plating,0,100.0,0.0,66666.66666666667,23.5102262825038,43.43828352407463,0.037185693582374,0.037185693582374,0.1516219226506352,0.1516219226506352,0.1516219226506352,0.1516219226506352,0.085,1.8724110951987685,0.001,0.1720019261816076,1.0,2.0,0.15329213732288163,0.15329213732288163,-8.465623579233966,-8.465623579233966,-30.449058383911268,2.2858253218191944
BAT_0028,NMC_622,lithium_plating,25,98.7414427975355,0.0005066176470588235,36993.268802102,25.101834895290146,45.24214037207218,0.036756814388566955,0.036756814388566955,0.15752174426911017,0.15752174426911017,0.15752174426911017,0.15752174426911017,0.08875000000000001,1.7932951334298064,0.001,0.18538886387687942,1.0,2.0,0.15984381743450723,0.15984381743450723,-9.77810776023252,-9.77810776023252,-35.286609067251,2.4145182730417822
BAT_0028,NMC_622,lithium_plating,50,97.46646998641208,0.0005132352941176471,34032.09051793757,32.013664622108415,68.6479951413504,0.03179061876433366,0.03179061876433366,0.1275479926410667,0.1275479926410667,0.1275479926410667,0.1275479926410667,0.09250000000000001,0.8602969896859207,0.001,0.15010812713558164,2.0,2.0,0.13024058079393144,0.13024058079393144,-11.670796623044405,-11.670796623044405,-32.46288228644359,2.909663403713836
BAT_0028,NMC_622,lithium_plating,75,96.17613167494507,0.0005198529411764706,31116.74551333139,29.721437101471558,71.3807454241726,0.03673987131151376,0.03673987131151376,0.15654406051674113,0.15654406051674113,0.15654406051674113,0.15654406051674113,0.09625000000000002,1.6535578503054058,0.001,0.17287048123537713,1.0,2.0,0.1607729779127034,0.1607729779127034,-13.170500787369033,-13.170500787369033,-33.93896224811069,2.6197696552583354
BAT_0028,NMC_622,lithium_plating,100,94.8714793915246,0.0005264705882352942,28247.502754851197,30.75793705581185,65.69431087979807,0.038407061649310945,0.038407061649310945,0.158016144098596,0.158016144098596,0.158016144098596,0.158016144098596,0.10000000000000002,0.7957747154594765,0.001,0.18218269659868322,2.0,2.0,0.16252797120425663,0.16252797120425663,-13.531926478217398,-13.531926478217398,-36.24882606708879,2.603687855975155
BAT_0028,NMC_622,lithium_plating,125,93.55356468366381,0.0005330882352941177,25424.617889355555,28.69388143674006,68.0070432818574,0.04279899418497018,0.04279899418497018,0.1767367595548415,0.1767367595548415,0.1767367595548415,0.1767367595548415,0.10375000000000002,1.5340235478736899,0.001,0.21916545647576377,1.0,2.0,0.1840428104273742,0.1840428104273742,-16.198202452282434,-16.198202452282434,-33.14301012114823,2.4241223882881378
BAT_0028,NMC_622,lithium_plating,150,92.22343773578838,0.0005397058823529412,22648.331499553402,28.061340205983477,75.988304814005,0.04562854007886388,0.04562854007886388,0.21427401285511252,0.21427401285511252,0.21427401285511252,0.21427401285511252,0.10750000000000003,2.9610221970585173,0.001,0.23687549023217225,0.5,2.0,0.2221540708556442,0.2221540708556442,-15.306199637728195,-15.306199637728195,-32.657677372397465,2.355981581137555
BAT_0028,NMC_622,lithium_plating,175,90.88214600823837,0.0005463235294117648,19918.867525173857,20.259233741790638,80.0,0.0611610621355139,0.0611610621355139,0.2570887972951371,0.2570887972951371,0.2570887972951371,0.2570887972951371,0.11125000000000003,2.8612124600790168,0.001,0.3130355233059685,0.5,2.0,0.2711914891207682,0.2711914891207682,-18.558841197040312,-18.558841197040312,-33.7413702174044,1.818967756863094
BAT_0028,NMC_622,lithium_plating,200,89.53073289986907,0.0005529411764705883,17236.431840188732,20.572922007571822,73.78789624237413,0.0641599403962793,0.0641599403962793,0.26792076132536824,0.26792076132536824,0.26792076132536824,0.26792076132536824,0.11500000000000003,1.383956026886046,0.001,0.3249116549457759,1.0,1.0,0.283988850276516,0.283988850276516,-19.365930808425663,-19.365930808425663,-32.74497502460094,1.792395680072499
BAT_0028,NMC_622,lithium_plating,225,88.17023643655152,0.0005595588235294118,14601.210977279981,20.111482154837294,80.0,0.0682954099113099,0.0682954099113099,0.2880372365669533,0.2880372365669533,0.2880372365669533,0.2880372365669533,0.11875000000000004,3.0,0.001,0.351471429928078,0.1,1.0,0.30849487905018297,0.30849487905018297,-20.983173098592992,-20.983173098592992,-33.30489911929232,1.7387698551661335
BAT_0028,NMC_622,lithium_plating,250,86.80168798777922,0.0005661764705882354,12013.370991402253,20.84524201095997,73.23613155979181,0.07027434704023686,0.07027434704023686,0.3022965232949868,0.3022965232949868,0.3022965232949868,0.3022965232949868,0.12250000000000004,3.0,0.001,0.36657501112088703,0.1,2.0,0.32410085307576636,0.32410085307576636,-21.13656101401812,-21.13656101401812,-33.722323235433436,1.7431680998737766
BAT_0028,NMC_622,lithium_plating,275,85.4261110134916,0.0005727941176470589,9473.05645487623,19.415070530617303,43.12400710459197,0.0759106049117045,0.0759106049117045,0.3033917643907573,0.3033917643907573,0.3033917643907573,0.3033917643907573,0.12625000000000003,2.5212664252181436,0.001,0.3705097449941703,0.5,2.0,0.32547431527827747,0.32547431527827747,-21.227091479448468,-21.227091479448468,-32.781598042538455,1.6631404814498298
BAT_0028,NMC_622,lithium_plating,300,84.0445198431231,0.0005794117647058823,6980.389576963722,22.654903993198907,59.22373716292726,0.07033761426890688,0.07033761426890688,0.2831216923947341,0.2831216923947341,0.2831216923947341,0.2831216923947341,0.13000000000000003,3.0,0.001,0.36933765112376776,0.1,1.0,0.3077610827488689,0.3077610827488689,-23.082706156318064,-23.082706156318064,-34.92161574727907,1.8482287372301058
BAT_0028,NMC_622,lithium_plating,325,82.65791848878177,0.000586029411764706,4535.4694413340185,26.711281855488885,52.35378836685493,0.06448893668904875,0.06448893668904875,0.2979695860984399,0.2979695860984399,0.2979695860984399,0.2979695860984399,0.13375000000000004,1.1899434997524883,0.001,0.3561687913063495,1.0,1.0,0.31292623490222754,0.31292623490222754,-17.786027084019192,-17.786027084019192,-33.65209226430079,2.073999151899692
BAT_0028,NMC_622,lithium_plating,350,81.26729949435384,0.0005926470588235295,2138.371355237241,25.905741317933725,36.32863463645546,0.06839655473198367,0.06839655473198367,0.2929012833099332,0.2929012833099332,0.2929012833099332,0.2929012833099332,0.13750000000000004,3.0,0.001,0.36434803006466643,0.1,1.0,0.31915104339807904,0.31915104339807904,-23.400480538165183,-23.400480538165183,-33.30624272395613,2.0103351775363936
BAT_0028,NMC_622,lithium_plating,375,79.87364282221796,0.0005992647058823531,0.0,32.45147270915189,30.0,0.05629702299668433,0.05629702299668433,0.24274177056691848,0.24274177056691848,0.24274177056691848,0.24274177056691848,0.14125000000000004,3.0,0.001,0.2933594177484127,0.1,2.0,0.26365955597523555,0.26365955597523555,-22.97670255323345,-22.97670255323345,-31.198537228486884,2.509013665044404
BAT_0028,NMC_622,lithium_plating,400,78.47791477914093,0.0006058823529411766,0.0,30.630971725658878,37.523973486644564,0.06338930141983305,0.06338930141983305,0.2752017670165845,0.2752017670165845,0.2752017670165845,0.2752017670165845,0.14500000000000005,3.0,0.001,0.3132181910673531,0.1,2.0,0.29866149094396865,0.29866149094396865,-22.860941660159902,-22.860941660159902,-33.96781685594381,2.2874522474960246
BAT_0028,NMC_622,lithium_plating,425,77.08106698280844,0.0006125,0.0,28.108733384115496,30.0,0.07018633712075491,0.07018633712075491,0.3344019400643674,0.3344019400643674,0.3344019400643674,0.3344019400643674,0.14875000000000005,3.0,0.001,0.3909487033063679,0.1,2.0,0.357647577778609,0.357647577778609,-20.7711978531445,-20.7711978531445,-33.61294332112568,2.119358355231975
BAT_0028,NMC_622,lithium_plating,450,75.68403537032825,0.0006191176470588236,0.0,26.449601797675495,30.0,0.0755608289966429,0.0755608289966429,0.3416274127631591,0.3416274127631591,0.3416274127631591,0.3416274127631591,0.15250000000000005,3.0,0.001,0.42408197549411863,0.1,1.0,0.3680996549000366,0.3680996549000366,-21.861906192026996,-21.861906192026996,-37.4308549397741,2.0182414886789486
BAT_0028,NMC_622,lithium_plating,475,74.28773924992254,0.0006257352941176472,0.0,21.934005735470848,30.0,0.09184010135071685,0.09184010135071685,0.39842809626407893,0.39842809626407893,0.39842809626407893,0.39842809626407893,0.15625000000000006,3.0,0.001,0.4907200793822874,0.1,1.0,0.43452611027750926,0.43452611027750926,-23.519320963933534,-23.519320963933534,-32.627419721578576,1.7013265197009766
BAT_0028,NMC_622,lithium_plating,500,72.89308039690631,0.0006323529411764707,0.0,20.78488032062478,30.0,0.09763686716802412,0.09763686716802412,0.4567900522062387,0.4567900522062387,0.4567900522062387,0.4567900522062387,0.16000000000000006,3.0,0.001,0.5675968435069889,0.1,1.0,0.4973474655063742,0.4973474655063742,-23.29910519266782,-23.29910519266782,-34.99947989651672,1.6387252545153326
BAT_0029,NMC_622,SEI_growth,0,100.0,0.0,66666.66666666667,23.262646169038053,47.69343831131951,0.03712814041474005,0.03712814041474005,0.14148784032115697,0.14148784032115697,0.14148784032115697,0.14148784032115697,0.085,1.8724110951987685,0.001,0.1604506179917938,1.0,2.0,0.14325977086981054,0.14325977086981054,-9.020850947274912,-9.020850947274912,-33.51422431226484,2.289368631192059
BAT_0029,NMC_622,SEI_growth,25,99.07361906437536,0.0003722794117647058,51234.68680140332,28.03805093604418,46.686684342396795,0.032847343846133935,0.032847343846133935,0.1319005167962215,0.1319005167962215,0.1319005167962215,0.1319005167962215,0.0925,1.7205939793718414,0.001,0.1553963831878115,1.0,2.0,0.13349268040416448,0.13349268040416448,-8.857993323239098,-8.857993323239098,-34.696323911998206,2.8160572262188275
BAT_0029,NMC_622,SEI_growth,50,98.04653812831243,0.00039455882352941175,45738.52376911091,27.314135103616387,61.36944754409227,0.03535397383647924,0.03535397383647924,0.1433704741416827,0.1433704741416827,0.1433704741416827,0.1433704741416827,0.1,1.5915494309189535,0.001,0.1654076866145205,1.0,2.0,0.14497549626965078,0.14497549626965078,-8.533600912553409,-8.533600912553409,-35.82722992546685,2.828536346791578
BAT_0029,NMC_622,SEI_growth,75,96.92207628054058,0.00041683823529411774,40596.26696337129,31.264508091517,68.69607959905973,0.03152600565386327,0.03152600565386327,0.138614968564785,0.138614968564785,0.138614968564785,0.138614968564785,0.10750000000000001,0.7402555492646294,0.001,0.1627939012762417,2.0,2.0,0.14013996595037997,0.14013996595037997,-8.46030062371684,-8.46030062371684,-34.4926370081957,3.409883293820532
BAT_0029,NMC_622,SEI_growth,100,95.70383983122177,0.00043911764705882356,35762.26083466445,28.14750812402701,80.0,0.036001396332019896,0.036001396332019896,0.1639072693856483,0.1639072693856483,0.1639072693856483,0.1639072693856483,0.11500000000000002,1.3839560268860462,0.001,0.19115159849859192,1.0,2.0,0.16546392446173316,0.16546392446173316,-7.865443852330913,-7.865443852330913,-38.87646955824629,3.194320546331649
BAT_0029,NMC_622,SEI_growth,125,94.395703055459,0.00046139705882352944,31200.248853265708,28.7457944162585,80.0,0.03632609192110468,0.03632609192110468,0.17972100383633707,0.17972100383633707,0.17972100383633707,0.17972100383633707,0.12250000000000003,1.2992240252399616,0.001,0.2019442530793268,1.0,2.0,0.18121855557219102,0.18121855557219102,-7.371005683123457,-7.371005683123457,-33.63644256950053,3.3722317354163316
BAT_0029,NMC_622,SEI_growth,150,93.00178768611543,0.0004836764705882353,26881.166392698375,25.17820190855318,80.0,0.04207207595385538,0.04207207595385538,0.18839082473236798,0.18839082473236798,0.18839082473236798,0.18839082473236798,0.13000000000000003,1.2242687930145792,0.001,0.22323223503986633,1.0,2.0,0.19026201770061948,0.19026201770061948,-8.042247736786887,-8.042247736786887,-40.206082822071764,3.0899354750781476
BAT_0029,NMC_622,SEI_growth,175,91.52644130769522,0.0005059558823529412,22781.51457413966,26.89852481847417,70.44300132380346,0.04096764312995131,0.04096764312995131,0.19108131473096357,0.19108131473096357,0.19108131473096357,0.19108131473096357,0.13750000000000004,1.157490495213784,0.001,0.2213935764412166,1.0,2.0,0.19316060719519942,0.19316060719519942,-8.41446470884939,-8.41446470884939,-35.0617446328386,3.3563073073020946
BAT_0029,NMC_622,SEI_growth,200,89.9742148095482,0.0005282352941176472,18882.14384881062,23.73134147916677,80.0,0.04666208919789247,0.04666208919789247,0.20716762608709938,0.20716762608709938,0.20716762608709938,0.20716762608709938,0.14500000000000005,1.0976202971854847,0.001,0.25552052243455503,1.0,2.0,0.20942692721049164,0.20942692721049164,-8.423636832559769,-8.423636832559769,-39.58486785498564,3.107447662385187
BAT_0029,NMC_622,SEI_growth,225,88.34983906168556,0.0005505147058823531,15167.331539858895,19.22676753581882,67.03721076417011,0.05555678213032324,0.05555678213032324,0.24964720925330183,0.24964720925330183,0.24964720925330183,0.24964720925330183,0.15250000000000005,1.0436389710943954,0.001,0.3207895252331143,1.0,2.0,0.2527724332626366,0.2527724332626366,-9.019071497593105,-9.019071497593105,-38.06728912533948,2.7449393962787596
BAT_0029,NMC_622,SEI_growth,250,86.65820098000071,0.0005727941176470589,11624.07359794733,23.773207023050606,58.994464650751645,0.049209162978591396,0.049209162978591396,0.2274435170413111,0.2274435170413111,0.2274435170413111,0.2274435170413111,0.16000000000000006,0.9947183943243456,0.001,0.2615872055529961,1.0,2.0,0.2293711083003833,0.2293711083003833,-7.433277762226028,-7.433277762226028,-39.00904514468843,3.251426976508594
BAT_0029,NMC_622,SEI_growth,275,84.90431914967,0.0005950735294117649,8241.534713395775,18.09625468295429,63.85445720958698,0.06200200824766996,0.06200200824766996,0.2960952340993966,0.2960952340993966,0.2960952340993966,0.2960952340993966,0.16750000000000007,0.950178764727733,0.001,0.37145405716733526,1.0,2.0,0.29919830340570375,0.29919830340570375,-8.25904570759647,-8.25904570759647,-40.66237306884717,2.701525397869588
BAT_0029,NMC_622,SEI_growth,300,83.09331917596523,0.0006173529411764708,5010.617054922246,25.408755611833286,43.94230346101297,0.04913591310139561,0.04913591310139561,0.23968202006996206,0.23968202006996206,0.23968202006996206,0.23968202006996206,0.17500000000000007,0.909456817667973,0.001,0.28169781688554807,1.0,2.0,0.2413727816810608,0.2413727816810608,-6.78560396976212,-6.78560396976212,-38.577353849595845,3.561549769897927
BAT_0029,NMC_622,SEI_growth,325,81.23040893066683,0.0006396323529411767,1923.6189742578258,24.609973618231678,53.3487312084903,0.05281602492141614,0.05281602492141614,0.2600058934741197,0.2600058934741197,0.2600058934741197,0.2600058934741197,0.18250000000000008,0.8720818799555906,0.001,0.3110897318041535,1.0,2.0,0.2617395147221181,0.2617395147221181,-6.598118287189247,-6.598118287189247,-39.51904268937602,3.455390674923719
BAT_0029,NMC_622,SEI_growth,350,79.32085385976193,0.0006619117647058825,0.0,33.19894188009497,36.46385632356905,0.04042546321980818,0.04042546321980818,0.20537445173281954,0.20537445173281954,0.20537445173281954,0.20537445173281954,0.19000000000000009,0.5,0.001,0.24872916707153614,2.0,5.0,0.20648097296276577,0.20648097296276577,-5.934329059564948,-5.934329059564948,-39.48981895899387,4.700007986721139
BAT_0029,NMC_622,SEI_growth,375,77.36995251419701,0.0006841911764705885,0.0,31.241936205666505,30.0,0.04362121120529276,0.04362121120529276,0.20835503322194027,0.20835503322194027,0.20835503322194027,0.20835503322194027,0.1975000000000001,0.8058478131235204,0.001,0.25673532860530546,1.0,2.0,0.2097127347050004,0.2097127347050004,-6.523218995701743,-6.523218995701743,-39.00376666966125,4.527613849842769
BAT_0029,NMC_622,SEI_growth,400,75.38301246020157,0.0007064705882352944,0.0,30.717845486800467,30.0,0.04621159433445892,0.04621159433445892,0.24848312264795003,0.24848312264795003,0.24848312264795003,0.24848312264795003,0.2050000000000001,0.5,0.001,0.2943371084593512,2.0,2.0,0.24977187642268822,0.24977187642268822,-5.822878800783922,-5.822878800783922,-38.92414719796678,4.436116151204424
BAT_0029,NMC_622,SEI_growth,425,73.36532671918471,0.0007287500000000003,0.0,29.234454049515072,30.0,0.049199559617202106,0.049199559617202106,0.272189209617475,0.272189209617475,0.272189209617475,0.272189209617475,0.2125000000000001,0.7489644380795071,0.001,0.31242131842856846,1.0,2.0,0.27325979272689227,0.27325979272689227,-5.073432062892763,-5.073432062892763,-38.95941141940601,4.319144351155975
BAT_0029,NMC_622,SEI_growth,450,71.32215087952774,0.000751029411764706,0.0,23.33246277609736,33.79918990959144,0.060507099382942985,0.060507099382942985,0.3325533646459665,0.3325533646459665,0.3325533646459665,0.3325533646459665,0.2200000000000001,0.7234315595086148,0.001,0.3678481480684768,1.0,2.0,0.3342907913297893,0.3342907913297893,-5.8440906672501916,-5.8440906672501916,-37.67847691080226,3.635936976711502
BAT_0029,NMC_622,SEI_growth,475,69.3821579784337,0.0007695588235294121,0.0,25.186530903074075,30.0,0.0592771199109954,0.0592771199109954,0.2896237018532184,0.2896237018532184,0.2896237018532184,0.2896237018532184,0.22750000000000012,0.6995821674369022,0.001,0.33736323470587554,1.0,5.0,0.29163236591284525,0.29163236591284525,-6.728573675932406,-6.728573675932406,-41.09153259826295,3.837905760967999
BAT_0029,NMC_622,SEI_growth,500,67.43243059824587,0.0007880882352941179,0.0,22.85942873426622,30.0,0.06439730313287706,0.06439730313287706,0.3261727637707324,0.3261727637707324,0.3261727637707324,0.3261727637707324,0.23500000000000013,0.6772550769867883,0.001,0.3800251806045052,1.0,2.0,0.3279897508787078,0.3279897508787078,-6.033705537632065,-6.033705537632065,-38.768305442528586,3.6492211407534
BAT_0030,NMC_622,electrode_cracking,0,100.0,0.0,66666.66666666667,23.531633673086283,55.13217347571627,0.03707302408600293,0.03707302408600293,0.139555328355734,0.139555328355734,0.139555328355734,0.139555328355734,0.085,1.8724110951987685,0.001,0.16798886689410103,1.0,2.0,0.14144026490222034,0.14144026490222034,-9.364464776747461,-9.364464776747461,-31.724940739533753,2.2927722271270583
BAT_0030,NMC_622,electrode_cracking,25,98.97846773430179,0.00041071428571428574,46208.44317916957,27.069321872970676,61.67748670459597,0.03775862249201537,0.03775862249201537,0.13474059449531647,0.13474059449531647,0.13474059449531647,0.13474059449531647,0.085,0.9362055475993842,0.001,0.1385128069870482,2.0,2.0,0.13612882569155207,0.13612882569155207,-8.189610518662299,-8.189610518662299,-32.10151228703974,2.2511414450560143
BAT_0030,NMC_622,electrode_cracking,50,97.91490228556528,0.0004214285714285714,42509.937626765066,30.497554476441145,76.6060582136501,0.03792274752816302,0.03792274752816302,0.13396494604234044,0.13396494604234044,0.13396494604234044,0.13396494604234044,0.085,0.9362055475993842,0.001,0.14964069050755308,2.0,2.0,0.13529442940463066,0.13529442940463066,-8.038877387149324,-8.038877387149324,-30.52551093740292,2.241398778843106
BAT_0030,NMC_622,electrode_cracking,75,96.81088842658066,0.0004321428571428571,38901.22941688087,31.206896444293694,63.03438100323938,0.04099644020494248,0.04099644020494248,0.12217112908367045,0.12217112908367045,0.12217112908367045,0.12217112908367045,0.085,0.9362055475993842,0.001,0.1323893643636515,2.0,5.0,0.12329770040650964,0.12329770040650964,-7.751231758381853,-7.751231758381853,-24.480576476080202,2.0733507488719107
BAT_0030,NMC_622,electrode_cracking,100,95.66805811122514,0.00044285714285714284,35379.48605760515,27.724236087743655,78.85518312660122,0.050463220215535357,0.050463220215535357,0.15879400995430723,0.15879400995430723,0.15879400995430723,0.15879400995430723,0.085,0.9362055475993842,0.001,0.16511596282402674,2.0,2.0,0.15978442616327662,0.15978442616327662,-6.382691606874389,-6.382691606874389,-27.00646389110077,1.684395082932744
BAT_0030,NMC_622,electrode_cracking,125,94.48808646668081,0.00045357142857142856,31942.23787929628,27.271785543293067,80.0,0.05586385558819158,0.05586385558819158,0.15697692477065608,0.15697692477065608,0.15697692477065608,0.15697692477065608,0.085,0.9362055475993842,0.001,0.17509777156884,2.0,2.0,0.15824207802152518,0.15824207802152518,-7.2499996393564,-7.2499996393564,-24.168766107260122,1.5215562747152593
BAT_0030,NMC_622,electrode_cracking,150,93.2726877169743,0.0004642857142857143,28587.327390406193,29.092813454372482,80.0,0.056920510764642766,0.056920510764642766,0.1356490272816287,0.1356490272816287,0.1356490272816287,0.1356490272816287,0.085,0.9362055475993842,0.001,0.1411904762616316,2.0,5.0,0.1366983954848556,0.1366983954848556,-7.103920398932832,-7.103920398932832,-22.990007194179228,1.493310563418193
BAT_0030,NMC_622,electrode_cracking,175,92.02361105166659,0.000475,25312.865371929667,23.441796168990198,80.0,0.0736460996499485,0.0736460996499485,0.17741140329853086,0.17741140329853086,0.17741140329853086,0.17741140329853086,0.085,0.9362055475993842,0.001,0.18962866762986944,2.0,2.0,0.17860007165732228,0.17860007165732228,-6.614063058235818,-6.614063058235818,-21.720484670772258,1.1541683864321175
BAT_0030,NMC_622,electrode_cracking,200,90.74263645355882,0.0004857142857142857,22117.192698503444,23.577906521168757,68.00592065551847,0.07890225257557532,0.07890225257557532,0.1838981429363553,0.1838981429363553,0.1838981429363553,0.1838981429363553,0.085,0.9362055475993842,0.001,0.1956604245584188,2.0,5.0,0.1849729102781428,0.1849729102781428,-6.179471107617892,-6.179471107617892,-21.411165159342758,1.0772822983549684
BAT_0030,NMC_622,electrode_cracking,225,89.43157049925796,0.0004964285714285714,18998.847048864955,21.040406490035878,67.76160230346497,0.09016579342264383,0.09016579342264383,0.20680013912914022,0.20680013912914022,0.20680013912914022,0.20680013912914022,0.085,0.9362055475993842,0.001,0.23286315353020107,2.0,2.0,0.20814233529705456,0.20814233529705456,-6.510271039612314,-6.510271039612314,-20.603944998346307,0.9427078360145998
BAT_0030,NMC_622,electrode_cracking,250,88.09224214636555,0.0005071428571428572,15956.533809734887,20.72231775322958,60.87976352089321,0.0992669985877744,0.0992669985877744,0.2177643391956624,0.2177643391956624,0.2177643391956624,0.2177643391956624,0.085,0.9362055475993842,0.001,0.22041765581122305,2.0,5.0,0.21896019691041696,0.21896019691041696,-5.990908066055598,-5.990908066055598,-19.410938752711324,0.8562765189766552
BAT_0030,NMC_622,electrode_cracking,275,86.72649852091455,0.0005178571428571428,12989.10059211085,21.784612033942523,57.505898739894135,0.10126174854257881,0.10126174854257881,0.2090674367165658,0.2090674367165658,0.2090674367165658,0.2090674367165658,0.085,0.9362055475993842,0.001,0.2128831182253447,2.0,5.0,0.21010325625807907,0.21010325625807907,-5.691698341793399,-5.691698341793399,-19.414191568866322,0.8394087720523508
BAT_0030,NMC_622,electrode_cracking,300,85.33620071848536,0.0005285714285714285,10095.51487281014,21.413581956897062,74.7200384334655,0.1064943334056448,0.1064943334056448,0.22079338443189034,0.22079338443189034,0.22079338443189034,0.22079338443189034,0.085,0.9362055475993842,0.001,0.22840037803264224,2.0,5.0,0.22159666957697613,0.22159666957697613,-4.8800263113059525,-4.8800263113059525,-19.026441920014108,0.7981645340342073
BAT_0030,NMC_622,electrode_cracking,325,84.21596166095713,0.0005285714285714286,7976.143682891876,28.482323907555458,30.0,0.0904377498762082,0.0904377498762082,0.17987372368721508,0.17987372368721508,0.17987372368721508,0.17987372368721508,0.073962843969027,0.5,0.001,0.19035032036243488,5.0,5.0,0.1806020264840762,0.1806020264840762,-5.147286757664793,-5.147286757664793,-18.98682594569503,0.8178315368335439
BAT_0030,NMC_622,electrode_cracking,350,83.11042838521257,0.0005285714285714286,5884.594242294054,28.23630088404591,30.0,0.09459682807480893,0.09459682807480893,0.1830467163049765,0.1830467163049765,0.1830467163049765,0.1830467163049765,0.07642356274648912,0.5,0.001,0.19008743541691425,5.0,5.0,0.18370726195675235,0.18370726195675235,-4.86022196260656,-4.86022196260656,-17.36461322657533,0.8078871596630275
BAT_0030,NMC_622,electrode_cracking,375,82.01940784315498,0.0005285714285714286,3820.5013248877995,34.20886415407093,47.85744073507612,0.08207770005981357,0.08207770005981357,0.16739327869564571,0.16739327869564571,0.16739327869564571,0.16739327869564571,0.07053026309880436,0.5,0.001,0.16168399896376018,5.0,5.0,0.16790517961206083,0.16790517961206083,-4.475163806222774,-4.475163806222774,-16.141469111022126,0.8593109096308242
BAT_0030,NMC_622,electrode_cracking,400,80.94270952089963,0.0005285714285714286,1783.504498999293,31.781125904593637,30.0,0.0920825708453313,0.0920825708453313,0.17203423045830024,0.17203423045830024,0.17203423045830024,0.17203423045830024,0.07914003323523665,0.5,0.0012360006271134477,0.17030641694581972,5.0,5.0,0.17264755870736145,0.17264755870736145,-4.8309500390979,-4.8309500390979,-16.765543234255674,0.8594463915236045
BAT_0030,NMC_622,electrode_cracking,425,79.88014540550621,0.0005285714285714286,0.0,27.14721189218382,31.96052109369902,0.11379579606934824,0.11379579606934824,0.20420005856021572,0.20420005856021572,0.20420005856021572,0.20420005856021572,0.07490856997070623,0.5,0.001,0.21573896031604783,5.0,5.0,0.2047981031906752,0.2047981031906752,-4.379728647275608,-4.379728647275608,-15.579934433495307,0.6582718567657476
BAT_0030,NMC_622,electrode_cracking,450,78.83152995214799,0.0005285714285714286,0.0,27.24262935315204,30.0,0.11452817373633152,0.11452817373633152,0.21345116163400676,0.21345116163400676,0.21345116163400676,0.21345116163400676,0.08038842284882199,0.5,0.001,0.2070653770064174,5.0,5.0,0.21421152379142158,0.21421152379142158,-4.828975584076807,-4.828975584076807,-15.41410794310514,0.7019095845699367
BAT_0030,NMC_622,electrode_cracking,475,77.7966800517121,0.0005285714285714285,0.0,22.783661096362685,30.0,0.1398783071339401,0.1398783071339401,0.2486802230552463,0.2486802230552463,0.2486802230552463,0.2486802230552463,0.08458004198946828,0.5,0.001,0.26050609389843915,5.0,5.0,0.2495836719165114,0.2495836719165114,-4.87654712642221,-4.87654712642221,-14.561162883169292,0.6046687561673083
BAT_0030,NMC_622,electrode_cracking,500,76.77541499882493,0.0005285714285714286,0.0,21.62143077923921,31.749788759699616,0.15053875874799053,0.15053875874799053,0.25747490915706617,0.25747490915706617,0.25747490915706617,0.25747490915706617,0.11721770820316521,0.5,0.002789719252534501,0.25091776600564,5.0,5.0,0.2582532289362784,0.2582532289362784,-4.449415020415794,-4.449415020415794,-15.663171678315178,0.7786546745705109
BAT_0031,NMC_622,SEI_growth,0,100.0,0.0,66666.66666666667,22.009720683032235,38.61737865041901,0.03886894446239925,0.03886894446239925,0.15180380754549397,0.15180380754549397,0.15180380754549397,0.15180380754549397,0.085,1.8724110951987685,0.001,0.17773117958557932,1.0,2.0,0.15367993617176154,0.15367993617176154,-8.961963378444878,-8.961963378444878,-34.65005492702461,2.186835819074703
BAT_0031,NMC_622,SEI_growth,25,99.07361906437536,0.0003722794117647058,51234.68680140332,24.476827168888217,54.663591631258235,0.03688028202567777,0.03688028202567777,0.13995121676771813,0.13995121676771813,0.13995121676771813,0.13995121676771813,0.0925,1.7205939793718414,0.001,0.1639062838949744,1.0,2.0,0.14223617116691423,0.14223617116691423,-10.283820468486752,-10.283820468486752,-35.64336106159393,2.5081153103871925
BAT_0031,NMC_622,SEI_growth,50,98.04653812831243,0.00039455882352941175,45738.52376911091,30.419997990772114,50.0625698459173,0.03136502045548997,0.03136502045548997,0.12700078333953532,0.12700078333953532,0.12700078333953532,0.12700078333953532,0.1,1.5915494309189535,0.001,0.14754775015842073,1.0,2.0,0.12849366028031442,0.12849366028031442,-8.742389735367237,-8.742389735367237,-35.26242728214851,3.1882650974804805
BAT_0031,NMC_622,SEI_growth,75,96.92207628054058,0.00041683823529411774,40596.26696337129,29.84017088050476,63.36734217170991,0.03287722412617993,0.03287722412617993,0.13498591680518382,0.13498591680518382,0.13498591680518382,0.13498591680518382,0.10750000000000001,1.4805110985292589,0.001,0.15457565735632528,1.0,2.0,0.1364074653101265,0.1364074653101265,-8.27898862151803,-8.27898862151803,-34.0601093203805,3.269740766052035
BAT_0031,NMC_622,SEI_growth,100,95.70383983122177,0.00043911764705882356,35762.26083466445,30.831287979222637,58.49496556505468,0.03307724100724301,0.03307724100724301,0.1425679960867783,0.1425679960867783,0.1425679960867783,0.1425679960867783,0.11500000000000002,0.6919780134430231,0.001,0.16316653570309414,2.0,2.0,0.1439763046296875,0.1439763046296875,-8.020393341565928,-8.020393341565928,-36.35446418282113,3.4767107684349536
BAT_0031,NMC_622,SEI_growth,125,94.395703055459,0.00046139705882352944,31200.248853265708,30.121273136801054,77.2591236599922,0.034471337114559346,0.034471337114559346,0.1519992512825009,0.1519992512825009,0.1519992512825009,0.1519992512825009,0.12250000000000003,1.2992240252399616,0.001,0.19162846863373723,1.0,2.0,0.1534528398571254,0.1534528398571254,-7.8924953598024885,-7.8924953598024885,-36.48700713373469,3.5536770619861104
BAT_0031,NMC_622,SEI_growth,150,93.00178768611543,0.0004836764705882353,26881.166392698375,26.622773600196503,65.86738683921774,0.041185507951551924,0.041185507951551924,0.16367894329295754,0.16367894329295754,0.16367894329295754,0.16367894329295754,0.13000000000000003,1.2242687930145792,0.001,0.19821960722053134,1.0,2.0,0.1655803007574234,0.1655803007574234,-8.691238039810418,-8.691238039810418,-37.7553806920695,3.156450083192466
BAT_0031,NMC_622,SEI_growth,175,91.52644130769522,0.0005059558823529412,22781.51457413966,20.477905877527057,71.52159902901502,0.05080670592299495,0.05080670592299495,0.2329546670634188,0.2329546670634188,0.2329546670634188,0.2329546670634188,0.13750000000000004,1.157490495213784,0.001,0.2836252639169696,1.0,2.0,0.23554995007476748,0.23554995007476748,-8.513106089802458,-8.513106089802458,-40.001616594005974,2.7063356598713866
BAT_0031,NMC_622,SEI_growth,200,89.9742148095482,0.0005282352941176472,18882.14384881062,18.08615567514022,80.0,0.05612847403198735,0.05612847403198735,0.2691488812888717,0.2691488812888717,0.2691488812888717,0.2691488812888717,0.14500000000000005,1.0976202971854847,0.001,0.33404022043787085,1.0,2.0,0.27238774993268294,0.27238774993268294,-8.844469528200607,-8.844469528200607,-38.64017550868465,2.583359025890589
BAT_0031,NMC_622,SEI_growth,225,88.34983906168556,0.0005505147058823531,15167.331539858895,22.792349182626936,69.61053352161622,0.04893175134146365,0.04893175134146365,0.24975487935653476,0.24975487935653476,0.24975487935653476,0.24975487935653476,0.15250000000000005,1.0436389710943954,0.001,0.2933344004676478,1.0,2.0,0.2518930253485295,0.2518930253485295,-7.470607474664457,-7.470607474664457,-42.14102395607136,3.1165857713900182
BAT_0031,NMC_622,SEI_growth,250,86.65820098000071,0.0005727941176470589,11624.07359794733,20.795838108895172,58.82367248315138,0.054854879782243904,0.054854879782243904,0.2672670198289247,0.2672670198289247,0.2672670198289247,0.2672670198289247,0.16000000000000006,0.9947183943243456,0.001,0.30792599092211287,1.0,2.0,0.269475517669492,0.269475517669492,-7.340464040478348,-7.340464040478348,-37.806145099851705,2.916786995708462
BAT_0031,NMC_622,SEI_growth,275,84.90431914967,0.0005950735294117649,8241.534713395775,22.265061817166714,57.630491130255976,0.053784792107219474,0.053784792107219474,0.2710040103378381,0.2710040103378381,0.2710040103378381,0.2710040103378381,0.16750000000000007,0.950178764727733,0.001,0.322560916678966,1.0,2.0,0.2736183481881167,0.2736183481881167,-7.926697414159766,-7.926697414159766,-37.39924084254659,3.1142632226985354
BAT_0031,NMC_622,SEI_growth,300,83.09331917596523,0.0006173529411764708,5010.617054922246,20.010593190668207,59.536662064292045,0.05939228807930249,0.05939228807930249,0.28535523556874337,0.28535523556874337,0.28535523556874337,0.28535523556874337,0.17500000000000007,0.909456817667973,0.001,0.34731114535636504,1.0,2.0,0.28817545945279527,0.28817545945279527,-8.022426521401291,-8.022426521401291,-43.454388406961314,2.946510492512672
BAT_0031,NMC_622,SEI_growth,325,81.23040893066683,0.0006396323529411767,1923.6189742578258,27.591446008461553,48.451710259465465,0.047822855698397185,0.047822855698397185,0.22999323344916453,0.22999323344916453,0.22999323344916453,0.22999323344916453,0.18250000000000008,0.8720818799555906,0.001,0.2766164924603113,1.0,2.0,0.23161526099888693,0.23161526099888693,-6.7847981970300655,-6.7847981970300655,-36.06022375524912,3.8161669213349945
BAT_0031,NMC_622,SEI_growth,350,79.32085385976193,0.0006619117647058825,0.0,27.906047438541588,36.77490210318967,0.047531183716966234,0.047531183716966234,0.2607394219682335,0.2607394219682335,0.2607394219682335,0.2607394219682335,0.19000000000000009,0.5,0.001,0.2939504443487323,2.0,2.0,0.2621677261637757,0.2621677261637757,-5.983506145738027,-5.983506145738027,-43.16317061771988,3.9973757256161004
BAT_0031,NMC_622,SEI_growth,375,77.36995251419701,0.0006841911764705885,0.0,27.90250931963839,30.0,0.049724135497983,0.049724135497983,0.23838381762504487,0.23838381762504487,0.23838381762504487,0.23838381762504487,0.1975000000000001,0.8058478131235204,0.001,0.28423153425703773,1.0,2.0,0.24002498186133242,0.24002498186133242,-6.703987515111595,-6.703987515111595,-37.450861477456456,3.971914202671486
BAT_0031,NMC_622,SEI_growth,400,75.38301246020157,0.0007064705882352944,0.0,26.711463623850797,30.0,0.05322824051945085,0.05322824051945085,0.25147234483521436,0.25147234483521436,0.25147234483521436,0.25147234483521436,0.2050000000000001,0.7763655760580256,0.001,0.31196630463170205,1.0,2.0,0.25311774610976184,0.25311774610976184,-6.53653800723836,-6.53653800723836,-39.82868392451316,3.851339026039913
BAT_0031,NMC_622,SEI_growth,425,73.36532671918471,0.0007287500000000003,0.0,30.371449219775567,39.51213226371348,0.048658761108592956,0.048658761108592956,0.24422214828059072,0.24422214828059072,0.24422214828059072,0.24422214828059072,0.2125000000000001,0.7489644380795071,0.001,0.2748585038381902,1.0,5.0,0.24542216754606944,0.24542216754606944,-5.668288748401502,-5.668288748401502,-40.01703957175387,4.367147768636333
BAT_0031,NMC_622,SEI_growth,450,71.32215087952774,0.000751029411764706,0.0,28.31875766469126,30.0,0.05195598728741908,0.05195598728741908,0.25811847208104327,0.25811847208104327,0.25811847208104327,0.25811847208104327,0.2200000000000001,0.5,0.001,0.29561903645439347,2.0,2.0,0.25927517436569736,0.25927517436569736,-5.41414086684845,-5.41414086684845,-38.940048115377195,4.234353180182415
BAT_0031,NMC_622,SEI_growth,475,69.3821579784337,0.0007695588235294121,0.0,22.874314364330615,30.0,0.06439129476216299,0.06439129476216299,0.3182155943479587,0.3182155943479587,0.3182155943479587,0.3182155943479587,0.22750000000000012,0.6995821674369022,0.001,0.3652487744278753,1.0,2.0,0.32023810087612137,0.32023810087612137,-6.4428041686426445,-6.4428041686426445,-39.55947795557061,3.5330862788254036
BAT_0031,NMC_622,SEI_growth,500,67.43243059824587,0.0007880882352941179,0.0,21.718619486926237,30.0,0.06727352157571136,0.06727352157571136,0.3679098213178339,0.3679098213178339,0.3679098213178339,0.3679098213178339,0.23500000000000013,0.6772550769867883,0.001,0.42176233870912583,1.0,2.0,0.37032297059265856,0.37032297059265856,-6.544485573369155,-6.544485573369155,-40.51319858586548,3.493201998285835
BAT_0032,NMC_622,electrode_cracking,0,100.0,0.0,66666.66666666667,29.937169787325338,52.31276335761543,0.029779615416441276,0.029779615416441276,0.1165102367914509,0.1165102367914509,0.1165102367914509,0.1165102367914509,0.085,1.8724110951987685,0.001,0.1311043216683604,1.0,2.0,0.11793814279805305,0.11793814279805305,-8.924819672669937,-8.924819672669937,-32.31553566947674,2.854301468012634
BAT_0032,NMC_622,electrode_cracking,25,98.97846773430179,0.00041071428571428574,46208.44317916957,29.123159299496756,60.69307833156168,0.03451030868123814,0.03451030868123814,0.13042342683905928,0.13042342683905928,0.13042342683905928,0.13042342683905928,0.085,0.9362055475993842,0.001,0.14422895196575172,2.0,2.0,0.13186831403632104,0.13186831403632104,-8.489492374783179,-8.489492374783179,-30.94328041280698,2.463032156134004
BAT_0032,NMC_622,electrode_cracking,50,97.91490228556528,0.0004214285714285714,42509.937626765066,29.94451432161328,54.56484265539739,0.038097119287006216,0.038097119287006216,0.12004137479997626,0.12004137479997626,0.12004137479997626,0.12004137479997626,0.085,0.9362055475993842,0.001,0.1379494098891028,2.0,5.0,0.1211050000616022,0.1211050000616022,-7.599224648773592,-7.599224648773592,-28.222936826089743,2.2311398234509285
BAT_0032,NMC_622,electrode_cracking,75,96.81088842658066,0.0004321428571428571,38901.22941688087,30.164729858557074,75.92819073070149,0.042434446045188465,0.042434446045188465,0.13964649055894365,0.13964649055894365,0.13964649055894365,0.13964649055894365,0.085,0.9362055475993842,0.001,0.1469145649056272,2.0,2.0,0.14082518042805298,0.14082518042805298,-7.418235722845778,-7.418235722845778,-26.08048707678327,2.0030896576211568
BAT_0032,NMC_622,electrode_cracking,100,95.66805811122514,0.00044285714285714284,35379.48605760515,31.829143659922188,80.0,0.043630187896533064,0.043630187896533064,0.12238670900056078,0.12238670900056078,0.12238670900056078,0.12238670900056078,0.085,0.9362055475993842,0.001,0.13554247284477441,2.0,2.0,0.12342984397069195,0.12342984397069195,-7.45425299059298,-7.45425299059298,-26.223121009326142,1.948192389213943
BAT_0032,NMC_622,electrode_cracking,125,94.48808646668081,0.00045357142857142856,31942.23787929628,27.1962875090487,78.74031896315996,0.05714113526425745,0.05714113526425745,0.14902088080887246,0.14902088080887246,0.14902088080887246,0.14902088080887246,0.085,0.9362055475993842,0.001,0.15351715721302103,2.0,2.0,0.15035871715118537,0.15035871715118537,-7.648871442944659,-7.648871442944659,-27.799233157772235,1.4875448240029745
BAT_0032,NMC_622,electrode_cracking,150,93.2726877169743,0.0004642857142857143,28587.327390406193,24.372138549245616,80.0,0.06581281027141261,0.06581281027141261,0.17426190559984236,0.17426190559984236,0.17426190559984236,0.17426190559984236,0.085,0.9362055475993842,0.001,0.18953290505844722,2.0,2.0,0.17552914083967527,0.17552914083967527,-6.888953715652316,-6.888953715652316,-22.628328497043285,1.2915418692722473
BAT_0032,NMC_622,electrode_cracking,175,92.02361105166659,0.000475,25312.865371929667,23.299480679623617,80.0,0.07270838586690608,0.07270838586690608,0.20430255814733486,0.20430255814733486,0.20430255814733486,0.20430255814733486,0.085,0.9362055475993842,0.001,0.22963057951589322,2.0,2.0,0.20540760293805693,0.20540760293805693,-5.945853526308682,-5.945853526308682,-24.165069167801185,1.1690535965905493
BAT_0032,NMC_622,electrode_cracking,200,90.74263645355882,0.0004857142857142857,22117.192698503444,18.042116995170083,80.0,0.095506284269218,0.095506284269218,0.20211079550065592,0.20211079550065592,0.20211079550065592,0.20211079550065592,0.085,0.9362055475993842,0.001,0.21560439337677068,2.0,2.0,0.20408932587524733,0.20408932587524733,-7.984547781097413,-7.984547781097413,-23.31377457539873,0.8899937909886396
BAT_0032,NMC_622,electrode_cracking,225,89.43157049925796,0.0004964285714285714,18998.847048864955,18.075020818456697,67.2625938446281,0.0992131191351073,0.0992131191351073,0.236512363159931,0.236512363159931,0.236512363159931,0.236512363159931,0.085,0.9362055475993842,0.001,0.24678262158208286,2.0,2.0,0.23797572089360847,0.23797572089360847,-6.357250961209806,-6.357250961209806,-22.266039677608127,0.8567415352020933
BAT_0032,NMC_622,electrode_cracking,250,88.09224214636555,0.0005071428571428572,15956.533809734887,17.54318962899414,57.70741036259055,0.10816232213160182,0.10816232213160182,0.24063251162098084,0.24063251162098084,0.24063251162098084,0.24063251162098084,0.085,0.9362055475993842,0.001,0.25333913053465895,2.0,5.0,0.2417838638535299,0.2417838638535299,-5.593717984146253,-5.593717984146253,-19.679934000407666,0.7858559092008023
BAT_0032,NMC_622,electrode_cracking,275,86.72649852091455,0.0005178571428571428,12989.10059211085,19.70733564205368,58.279815070953426,0.10711102299878139,0.10711102299878139,0.23611370683918895,0.23611370683918895,0.23611370683918895,0.23611370683918895,0.085,0.9362055475993842,0.001,0.23470561440225424,2.0,5.0,0.2372743603870234,0.2372743603870234,-5.6694472443875545,-5.6694472443875545,-18.351152549805473,0.7935691175404707
BAT_0032,NMC_622,electrode_cracking,300,85.33620071848536,0.0005285714285714285,10095.51487281014,23.87831376475333,70.82210071196965,0.1008869905122483,0.1008869905122483,0.21458061373985704,0.21458061373985704,0.21458061373985704,0.21458061373985704,0.08262851967611336,0.5,0.001,0.22307486755672395,5.0,5.0,0.21526939941997875,0.21526939941997875,-4.584631166502249,-4.584631166502249,-17.614869341044763,0.8190205620821026
BAT_0032,NMC_622,electrode_cracking,325,84.21596166095713,0.0005285714285714286,7976.143682891876,25.795630301566273,52.37557419300424,0.09652310177813421,0.09652310177813421,0.1893685752968906,0.1893685752968906,0.1893685752968906,0.1893685752968906,0.08471714037421972,0.5,0.001,0.20161865455531616,5.0,5.0,0.1901127703487138,0.1901127703487138,-5.071274817256728,-5.071274817256728,-18.56167016713089,0.8776877122012573
BAT_0032,NMC_622,electrode_cracking,350,83.11042838521257,0.0005285714285714286,5884.594242294054,28.33082116962086,48.40701302068498,0.09476909074516984,0.09476909074516984,0.19580982815138362,0.19580982815138362,0.19580982815138362,0.19580982815138362,0.07777149167029282,0.5,0.001,0.20701441311378932,5.0,5.0,0.19645742842159641,0.19645742842159641,-4.653463222313189,-4.653463222313189,-17.183984139167123,0.8206419525477683
BAT_0032,NMC_622,electrode_cracking,375,82.01940784315498,0.0005285714285714286,3820.5013248877995,30.002266952260946,33.01054623505287,0.0925318448475327,0.0925318448475327,0.18853884579399685,0.18853884579399685,0.18853884579399685,0.18853884579399685,0.08379378358684457,0.5,0.001,0.1868673036278568,5.0,5.0,0.1890924752849464,0.1890924752849464,-4.3854698873702995,-4.3854698873702995,-16.974180538257723,0.9055669831819945
BAT_0032,NMC_622,electrode_cracking,400,80.94270952089963,0.0005285714285714286,1783.504498999293,34.785722597597996,30.0,0.08435710614699006,0.08435710614699006,0.1536210890033606,0.1536210890033606,0.1536210890033606,0.1536210890033606,0.07154698424490587,0.5,0.001,0.1592307834714322,5.0,10.0,0.15408535646104088,0.15408535646104088,-4.448874702880228,-4.448874702880228,-15.902775963114388,0.8481441281335221
BAT_0032,NMC_622,electrode_cracking,425,79.88014540550621,0.0005285714285714286,0.0,29.906550356531746,30.0,0.10177932256003495,0.10177932256003495,0.18281917993077965,0.18281917993077965,0.18281917993077965,0.18281917993077965,0.08371733681578168,0.5,0.0031636665272044813,0.17312658857569713,5.0,5.0,0.1833183604328589,0.1833183604328589,-4.229237298038773,-4.229237298038773,-16.043875833427872,0.8225377680854642
BAT_0032,NMC_622,electrode_cracking,450,78.83152995214799,0.0005285714285714286,0.0,25.532421357681383,30.0,0.12175565581224926,0.12175565581224926,0.2174766728258604,0.2174766728258604,0.2174766728258604,0.2174766728258604,0.0725028243241804,0.5,0.001,0.235264540404089,5.0,5.0,0.21820273848925273,0.21820273848925273,-4.675369941814929,-4.675369941814929,-16.123594645138162,0.5954780814123481
BAT_0032,NMC_622,electrode_cracking,475,77.7966800517121,0.0005285714285714285,0.0,23.159188958066693,30.0,0.13913367528366202,0.13913367528366202,0.23515451568046686,0.23515451568046686,0.23515451568046686,0.23515451568046686,0.08188974433417906,0.5,0.001,0.25203489326526113,5.0,5.0,0.2360075411937156,0.2360075411937156,-4.8728898757037795,-4.8728898757037795,-15.888824077179315,0.5885688289856819
BAT_0032,NMC_622,electrode_cracking,500,76.77541499882493,0.0005285714285714286,0.0,21.985923588309703,30.0,0.1503486631409219,0.1503486631409219,0.2635572166806836,0.2635572166806836,0.2635572166806836,0.2635572166806836,0.085,0.9362055475993842,0.001,0.267746687342305,2.0,5.0,0.2643727472342719,0.2643727472342719,-4.5015399769818165,-4.5015399769818165,-14.628433474100401,0.5653525493627399
BAT_0033,NMC_622,SEI_growth,0,100.0,0.0,66666.66666666667,25.869221431097845,56.48847540624651,0.03418666674633689,0.03418666674633689,0.13972384039994373,0.13972384039994373,0.13972384039994373,0.13972384039994373,0.085,1.8724110951987685,0.001,0.15297822900244934,1.0,5.0,0.14117976534444604,0.14117976534444604,-8.235592084208537,-8.235592084208537,-31.235890632596703,2.486349448183853
BAT_0033,NMC_622,SEI_growth,25,99.07361906437536,0.0003722794117647058,51234.68680140332,25.487092285942058,52.14131237660224,0.03546161002260829,0.03546161002260829,0.14187317599179888,0.14187317599179888,0.14187317599179888,0.14187317599179888,0.0925,1.7205939793718414,0.001,0.16351020569007452,1.0,2.0,0.14363616414502886,0.14363616414502886,-8.986190917536916,-8.986190917536916,-34.54226604177114,2.608454606009916
BAT_0033,NMC_622,SEI_growth,50,98.04653812831243,0.00039455882352941175,45738.52376911091,25.859559067341905,54.49905553398507,0.03637958909256566,0.03637958909256566,0.15425542461141067,0.15425542461141067,0.15425542461141067,0.15425542461141067,0.1,1.5915494309189535,0.001,0.17709184525250762,1.0,2.0,0.15595242045769753,0.15595242045769753,-8.46012076770123,-8.46012076770123,-32.767118201529925,2.7487941039013957
BAT_0033,NMC_622,SEI_growth,75,96.92207628054058,0.00041683823529411774,40596.26696337129,28.470428411061874,80.0,0.03453623220692615,0.03453623220692615,0.14909046306480628,0.14909046306480628,0.14909046306480628,0.14909046306480628,0.10750000000000001,1.4805110985292589,0.001,0.16915215919257764,1.0,2.0,0.15085861973255893,0.15085861973255893,-8.7808798504422,-8.7808798504422,-34.590496296766155,3.1126730720336417
BAT_0033,NMC_622,SEI_growth,100,95.70383983122177,0.00043911764705882356,35762.26083466445,25.10402013257816,74.60147825994079,0.03920735750973906,0.03920735750973906,0.17587913527147492,0.17587913527147492,0.17587913527147492,0.17587913527147492,0.11500000000000002,1.3839560268860462,0.001,0.21586455391637388,1.0,2.0,0.17798593620853487,0.17798593620853487,-8.82441374142007,-8.82441374142007,-36.025669993032224,2.9331229469222495
BAT_0033,NMC_622,SEI_growth,125,94.395703055459,0.00046139705882352944,31200.248853265708,30.839623084156813,59.06523632558398,0.03406194687523573,0.03406194687523573,0.14980363756616594,0.14980363756616594,0.14980363756616594,0.14980363756616594,0.12250000000000003,0.6496120126199808,0.001,0.17027176797093954,2.0,2.0,0.15146665092437225,0.15146665092437225,-8.498164778887466,-8.498164778887466,-36.286201260248184,3.596388675277454
BAT_0033,NMC_622,SEI_growth,150,93.00178768611543,0.0004836764705882353,26881.166392698375,26.916972462557723,79.42880448653383,0.03991928515292548,0.03991928515292548,0.17727734745574797,0.17727734745574797,0.17727734745574797,0.17727734745574797,0.13000000000000003,1.2242687930145792,0.001,0.2158332754572112,1.0,2.0,0.17910649624305025,0.17910649624305025,-8.195524999149466,-8.195524999149466,-39.685121299619915,3.2565713414453015
BAT_0033,NMC_622,SEI_growth,175,91.52644130769522,0.0005059558823529412,22781.51457413966,20.817954815406743,56.92681669186276,0.0501013613949095,0.0501013613949095,0.21353225838370185,0.21353225838370185,0.21353225838370185,0.21353225838370185,0.13750000000000004,1.157490495213784,0.001,0.2573303498263165,1.0,2.0,0.2161305724070294,0.2161305724070294,-8.893268379348875,-8.893268379348875,-37.00408221210396,2.744436401961137
BAT_0033,NMC_622,SEI_growth,200,89.9742148095482,0.0005282352941176472,18882.14384881062,25.75913644126948,60.79642561764016,0.044379480607772116,0.044379480607772116,0.2014044607359626,0.2014044607359626,0.2014044607359626,0.2014044607359626,0.14500000000000005,1.0976202971854847,0.001,0.23948315181641197,1.0,2.0,0.20354071948114358,0.20354071948114358,-8.308439880499709,-8.308439880499709,-40.5601971956676,3.2672757322582635
BAT_0033,NMC_622,SEI_growth,225,88.34983906168556,0.0005505147058823531,15167.331539858895,23.69927926142887,70.92918568962453,0.04862904567077707,0.04862904567077707,0.24026020835018605,0.24026020835018605,0.24026020835018605,0.24026020835018605,0.15250000000000005,1.0436389710943954,0.001,0.2845338952211758,1.0,2.0,0.24248205363302866,0.24248205363302866,-7.762237242263255,-7.762237242263255,-39.25295248928212,3.1359858680435253
BAT_0033,NMC_622,SEI_growth,250,86.65820098000071,0.0005727941176470589,11624.07359794733,20.70976292808049,59.36924832066409,0.054980346412682284,0.054980346412682284,0.26370969371366537,0.26370969371366537,0.26370969371366537,0.26370969371366537,0.16000000000000006,0.9947183943243456,0.001,0.3278086701571145,1.0,2.0,0.2662765244374478,0.2662765244374478,-7.961947253066739,-7.961947253066739,-38.386715475173,2.9101308092721103
BAT_0033,NMC_622,SEI_growth,275,84.90431914967,0.0005950735294117649,8241.534713395775,17.61048197110773,66.31919533556922,0.061980227064268756,0.061980227064268756,0.3166027649589778,0.3166027649589778,0.3166027649589778,0.3166027649589778,0.16750000000000007,0.950178764727733,0.001,0.38376447818278936,1.0,2.0,0.32032647047845536,0.32032647047845536,-8.744812305127414,-8.744812305127414,-39.90019697641554,2.702474771935175
BAT_0033,NMC_622,SEI_growth,300,83.09331917596523,0.0006173529411764708,5010.617054922246,22.774162977590258,37.13592216849939,0.05268291148439285,0.05268291148439285,0.2794254107222254,0.2794254107222254,0.2794254107222254,0.2794254107222254,0.17500000000000007,0.909456817667973,0.001,0.34052617855662914,1.0,2.0,0.2815984327042366,0.2815984327042366,-7.122529349260651,-7.122529349260651,-43.16047687286294,3.3217602267832764
BAT_0033,NMC_622,SEI_growth,325,81.23040893066683,0.0006396323529411767,1923.6189742578258,29.267812971064924,49.20852218988464,0.04471504667184127,0.04471504667184127,0.22658224113830816,0.22658224113830816,0.22658224113830816,0.22658224113830816,0.18250000000000008,0.8720818799555906,0.001,0.25955018565644183,1.0,2.0,0.22788962906976504,0.22788962906976504,-6.140241189611915,-6.140241189611915,-41.99398162690811,4.081400190395577
BAT_0033,NMC_622,SEI_growth,350,79.32085385976193,0.0006619117647058825,0.0,29.846194342296933,33.734652489147656,0.044965795202152666,0.044965795202152666,0.22167313772673752,0.22167313772673752,0.22167313772673752,0.22167313772673752,0.19000000000000009,0.5,0.001,0.248509487867082,2.0,2.0,0.2232793555918406,0.2232793555918406,-6.876639635267577,-6.876639635267577,-42.83000912682517,4.2254340025750095
BAT_0033,NMC_622,SEI_growth,375,77.36995251419701,0.0006841911764705885,0.0,31.604526036232024,46.95060850971132,0.04369407520586222,0.04369407520586222,0.20746912125390207,0.20746912125390207,0.20746912125390207,0.20746912125390207,0.1975000000000001,0.8058478131235204,0.001,0.22635070958651066,1.0,2.0,0.20868018132730976,0.20868018132730976,-6.175755979918331,-6.175755979918331,-38.12494687679115,4.520063625777403
BAT_0033,NMC_622,SEI_growth,400,75.38301246020157,0.0007064705882352944,0.0,31.145055435866695,30.0,0.04523389994882204,0.04523389994882204,0.2242369525749357,0.2242369525749357,0.2242369525749357,0.2242369525749357,0.2050000000000001,0.5,0.001,0.26247663061409165,2.0,5.0,0.22547915016627437,0.22547915016627437,-6.01699099221799,-6.01699099221799,-38.431852353992454,4.531999235793035
BAT_0033,NMC_622,SEI_growth,425,73.36532671918471,0.0007287500000000003,0.0,27.88099463881872,30.125130161254365,0.05093974522765639,0.05093974522765639,0.2655842266421695,0.2655842266421695,0.2655842266421695,0.2655842266421695,0.2125000000000001,0.7489644380795071,0.001,0.28872712658683775,1.0,2.0,0.2669073191465942,0.2669073191465942,-5.707317862152367,-5.707317862152367,-39.636831118151584,4.1715952651570944
BAT_0033,NMC_622,SEI_growth,450,71.32215087952774,0.000751029411764706,0.0,24.157150510181676,30.0,0.06045140411329044,0.06045140411329044,0.30689498035174223,0.30689498035174223,0.30689498035174223,0.30689498035174223,0.2200000000000001,0.5,0.001,0.3448429817150096,2.0,2.0,0.3085486358976345,0.3085486358976345,-5.934614277836407,-5.934614277836407,-41.5270887299029,3.639286849114434
BAT_0033,NMC_622,SEI_growth,475,69.3821579784337,0.0007695588235294121,0.0,26.564741427027265,30.0,0.055282467429120574,0.055282467429120574,0.30576996677960316,0.30576996677960316,0.30576996677960316,0.30576996677960316,0.22750000000000012,0.5,0.001,0.34428555841603414,2.0,2.0,0.30750706054731475,0.30750706054731475,-6.0929325434018065,-6.0929325434018065,-38.72592294632655,4.115228762024509
BAT_0033,NMC_622,SEI_growth,500,67.43243059824587,0.0007880882352941179,0.0,19.362741629861187,30.0,0.07301555439197027,0.07301555439197027,0.3818222446753575,0.3818222446753575,0.3818222446753575,0.3818222446753575,0.23500000000000013,0.6772550769867883,0.001,0.4509222494764168,1.0,2.0,0.3846063503167387,0.3846063503167387,-6.898181085973717,-6.898181085973717,-41.32840683309495,3.218492305604458
BAT_0034,NMC_622,electrode_cracking,0,100.0,0.0,66666.66666666667,25.468570292204312,52.47588482770556,0.03498996290834357,0.03498996290834357,0.13317003117939483,0.13317003117939483,0.13317003117939483,0.13317003117939483,0.085,1.8724110951987685,0.001,0.15663902779740432,1.0,2.0,0.13493025635251804,0.13493025635251804,-9.264891440590588,-9.264891440590588,-33.55931396947774,2.42926807961066
BAT_0034,NMC_622,electrode_cracking,25,98.97846773430179,0.00041071428571428574,46208.44317916957,28.890210998995567,51.775267606188656,0.03565072752099715,0.03565072752099715,0.12003729463995537,0.12003729463995537,0.12003729463995537,0.12003729463995537,0.085,0.9362055475993842,0.001,0.13087666212433088,2.0,2.0,0.1212757702730574,0.1212757702730574,-8.195295605923054,-8.195295605923054,-32.10264576269383,2.3842430690913026
BAT_0034,NMC_622,electrode_cracking,50,97.91490228556528,0.0004214285714285714,42509.937626765066,27.565091003063273,77.93512792584431,0.041175443569942995,0.041175443569942995,0.13914032164256038,0.13914032164256038,0.13914032164256038,0.13914032164256038,0.085,1.8724110951987685,0.001,0.16129130377073714,1.0,2.0,0.1406164923163828,0.1406164923163828,-8.309376738628062,-8.309376738628062,-31.201665970574606,2.064337202721668
BAT_0034,NMC_622,electrode_cracking,75,96.81088842658066,0.0004321428571428571,38901.22941688087,29.61139990334107,78.40193090109007,0.04269270515120174,0.04269270515120174,0.13440976257717713,0.13440976257717713,0.13440976257717713,0.13440976257717713,0.085,0.9362055475993842,0.001,0.1418314664769325,2.0,5.0,0.13575485529991263,0.13575485529991263,-8.072262957600664,-8.072262957600664,-26.989130632844205,1.990972455340122
BAT_0034,NMC_622,electrode_cracking,100,95.66805811122514,0.00044285714285714284,35379.48605760515,27.299836359295174,71.98805068249754,0.05183233109337103,0.05183233109337103,0.15594358786619167,0.15594358786619167,0.15594358786619167,0.15594358786619167,0.085,0.9362055475993842,0.001,0.176939899230836,2.0,2.0,0.15713177274103188,0.15713177274103188,-7.050528664121776,-7.050528664121776,-28.492156906049935,1.6399030915063528
BAT_0034,NMC_622,electrode_cracking,125,94.48808646668081,0.00045357142857142856,31942.23787929628,26.479917345697714,80.0,0.05725635404460182,0.05725635404460182,0.15905976768452257,0.15905976768452257,0.15905976768452257,0.15905976768452257,0.085,0.9362055475993842,0.001,0.17951776421820442,2.0,2.0,0.16021021630409712,0.16021021630409712,-6.8704687352531915,-6.8704687352531915,-24.1555511653214,1.4845513902926182
BAT_0034,NMC_622,electrode_cracking,150,93.2726877169743,0.0004642857142857143,28587.327390406193,25.280035014855155,80.0,0.06455324114255565,0.06455324114255565,0.16335450021693068,0.16335450021693068,0.16335450021693068,0.16335450021693068,0.085,0.9362055475993842,0.001,0.18600720389334674,2.0,2.0,0.1646845942395644,0.1646845942395644,-7.286937595541825,-7.286937595541825,-23.421406526900686,1.3167425600256217
BAT_0034,NMC_622,electrode_cracking,175,92.02361105166659,0.000475,25312.865371929667,22.279622961645128,80.0,0.07564759561398313,0.07564759561398313,0.18066268583356035,0.18066268583356035,0.18066268583356035,0.18066268583356035,0.085,0.9362055475993842,0.001,0.19743743898792931,2.0,2.0,0.1822252680757443,0.1822252680757443,-7.508714684209707,-7.508714684209707,-22.881763970225965,1.1236312180196792
BAT_0034,NMC_622,electrode_cracking,200,90.74263645355882,0.0004857142857142857,22117.192698503444,23.755344005480616,80.0,0.07781546353097771,0.07781546353097771,0.18395670934908886,0.18395670934908886,0.18395670934908886,0.18395670934908886,0.085,0.9362055475993842,0.001,0.18806249185307827,2.0,2.0,0.1849614844949632,0.1849614844949632,-5.974866696072598,-5.974866696072598,-19.81031599505322,1.092327876016085
BAT_0034,NMC_622,electrode_cracking,225,89.43157049925796,0.0004964285714285714,18998.847048864955,19.62823573425277,65.08939341048657,0.09494912104983229,0.09494912104983229,0.23223848529719157,0.23223848529719157,0.23223848529719157,0.23223848529719157,0.085,0.9362055475993842,0.001,0.2518918861465065,2.0,2.0,0.23335986341404422,0.23335986341404422,-5.619202108740623,-5.619202108740623,-19.52294394733036,0.8952162912112618
BAT_0034,NMC_622,electrode_cracking,250,88.09224214636555,0.0005071428571428572,15956.533809734887,18.143482870967063,60.81077950839997,0.10781198668841319,0.10781198668841319,0.24236592233052684,0.24236592233052684,0.24236592233052684,0.24236592233052684,0.085,0.9362055475993842,0.001,0.24767956105223538,2.0,5.0,0.2435685919288687,0.2435685919288687,-5.696118522714877,-5.696118522714877,-18.261569401292615,0.7884095508383314
BAT_0034,NMC_622,electrode_cracking,275,86.72649852091455,0.0005178571428571428,12989.10059211085,23.28447685650505,66.823495050235,0.09581158528710985,0.09581158528710985,0.2036407275544522,0.2036407275544522,0.2036407275544522,0.2036407275544522,0.085,0.9362055475993842,0.001,0.2202860828774185,2.0,5.0,0.20455593827111768,0.20455593827111768,-5.421933543750394,-5.421933543750394,-19.64685851816577,0.8871578499122861
BAT_0034,NMC_622,electrode_cracking,300,85.33620071848536,0.0005285714285714285,10095.51487281014,22.227432381788656,49.06792441490866,0.10345631650685855,0.10345631650685855,0.22432610319025642,0.22432610319025642,0.22432610319025642,0.22432610319025642,0.09175451444893551,0.5,0.001,0.2301799708012474,5.0,5.0,0.2250290434226745,0.2250290434226745,-4.529921348326304,-4.529921348326304,-19.665826654366903,0.8868913716143443
BAT_0034,NMC_622,electrode_cracking,325,84.21596166095713,0.0005285714285714286,7976.143682891876,26.03704282198174,67.25123848013361,0.09629754591388827,0.09629754591388827,0.21878830079655137,0.21878830079655137,0.21878830079655137,0.21878830079655137,0.07655449944734975,0.5,0.001,0.2288356669083802,5.0,5.0,0.2195241608449835,0.2195241608449835,-4.6926208917864525,-4.6926208917864525,-18.857037743449926,0.7949787164442046
BAT_0034,NMC_622,electrode_cracking,350,83.11042838521257,0.0005285714285714286,5884.594242294054,27.441101512982847,61.51307109820553,0.09697638804426577,0.09697638804426577,0.18651662942376296,0.18651662942376296,0.18651662942376296,0.18651662942376296,0.06833655643177163,0.5,0.001,0.19988722703064907,5.0,5.0,0.18720199899516005,0.18720199899516005,-4.904304062916825,-4.904304062916825,-19.03975758389241,0.7046721146242194
BAT_0034,NMC_622,electrode_cracking,375,82.01940784315498,0.0005285714285714286,3820.5013248877995,28.772643374463883,30.0,0.09783321705313575,0.09783321705313575,0.18752736888477184,0.18752736888477184,0.18752736888477184,0.18752736888477184,0.0713744694069002,0.5,0.001,0.20011562859906923,5.0,5.0,0.18823216362367517,0.18823216362367517,-4.959725527339405,-4.959725527339405,-16.500207296819752,0.7295525135203812
BAT_0034,NMC_622,electrode_cracking,400,80.94270952089963,0.0005285714285714286,1783.504498999293,27.410761972853543,30.0,0.10801655004466763,0.10801655004466763,0.19759742082306164,0.19759742082306164,0.19759742082306164,0.19759742082306164,0.08458973883855318,0.5,0.001,0.19363528540949282,5.0,5.0,0.1982141712114321,0.1982141712114321,-4.521032927811783,-4.521032927811783,-17.09372585759746,0.7831183166243797
BAT_0034,NMC_622,electrode_cracking,425,79.88014540550621,0.0005285714285714286,0.0,30.647557631737197,36.85871508833536,0.09984214395435907,0.09984214395435907,0.18897188003174356,0.18897188003174356,0.18897188003174356,0.18897188003174356,0.07308523296246712,0.5,0.001,0.19334671592893635,5.0,10.0,0.1895142539934581,0.1895142539934581,-4.335804947376426,-4.335804947376426,-15.231968453325672,0.7320078482677279
BAT_0034,NMC_622,electrode_cracking,450,78.83152995214799,0.0005285714285714286,0.0,26.33171041999773,30.0,0.11981441778748002,0.11981441778748002,0.22075852714383376,0.22075852714383376,0.22075852714383376,0.22075852714383376,0.07977061254986102,0.5,0.001,0.22681215275623628,5.0,5.0,0.22149894165132625,0.22149894165132625,-4.686086646525922,-4.686086646525922,-15.559016532765215,0.6657847529781732
BAT_0034,NMC_622,electrode_cracking,475,77.7966800517121,0.0005285714285714285,0.0,22.884140158673,30.0,0.14043820967173337,0.14043820967173337,0.23689423860796946,0.23689423860796946,0.23689423860796946,0.23689423860796946,0.085,0.9362055475993842,0.001,0.2541368026533474,2.0,5.0,0.23768728536186431,0.23768728536186431,-4.6817139736604085,-4.6817139736604085,-13.832891870007272,0.6052483878759409
BAT_0034,NMC_622,electrode_cracking,500,76.77541499882493,0.0005285714285714286,0.0,22.21061006705071,31.482440097156122,0.14500610462417593,0.14500610462417593,0.24585172776839723,0.24585172776839723,0.24585172776839723,0.24585172776839723,0.10209338136462681,0.5,0.001,0.2546835342813798,5.0,5.0,0.2465586510653822,0.2465586510653822,-4.339777614543349,-4.339777614543349,-14.824272821445337,0.7040626436330422
BAT_0035,NMC_622,lithium_plating,0,100.0,0.0,66666.66666666667,27.89861824573735,49.67161649344053,0.032245841029429734,0.032245841029429734,0.12177639770612954,0.12177639770612954,0.12177639770612954,0.12177639770612954,0.085,0.9362055475993842,0.001,0.13929572700753795,2.0,2.0,0.12318823068494804,0.12318823068494804,-8.68281076948631,-8.68281076948631,-34.56092298599404,2.63599885400487
BAT_0035,NMC_622,lithium_plating,25,98.7414427975355,0.0005066176470588235,36993.268802102,27.98541946079923,65.15473099183713,0.03405104301822149,0.03405104301822149,0.13997199249680595,0.13997199249680595,0.13997199249680595,0.13997199249680595,0.08875000000000001,1.7932951334298064,0.001,0.1551457621481677,1.0,2.0,0.14221652592793071,0.14221652592793071,-10.192916925524365,-10.192916925524365,-32.77715313922781,2.6063812480724264
BAT_0035,NMC_622,lithium_plating,50,97.46646998641208,0.0005132352941176471,34032.09051793757,30.198527209058895,55.529490548082705,0.033961673422025496,0.033961673422025496,0.14211380396989698,0.14211380396989698,0.14211380396989698,0.14211380396989698,0.09250000000000001,1.7205939793718414,0.001,0.1547291875460034,1.0,2.0,0.1455601751184842,0.1455601751184842,-12.492748513535622,-12.492748513535622,-35.10410797065283,2.7236584855683255
BAT_0035,NMC_622,lithium_plating,75,96.17613167494507,0.0005198529411764706,31116.74551333139,29.720155466495427,80.0,0.03682380763891554,0.03682380763891554,0.1607639217189584,0.1607639217189584,0.1607639217189584,0.1607639217189584,0.09625000000000002,1.6535578503054058,0.001,0.189058096377617,1.0,2.0,0.16533657876806404,0.16533657876806404,-13.506521491806675,-13.506521491806675,-32.903586370390094,2.6137981423268855
BAT_0035,NMC_622,lithium_plating,100,94.8714793915246,0.0005264705882352942,28247.502754851197,33.05457323478214,80.0,0.03498772837001757,0.03498772837001757,0.13874478256360753,0.13874478256360753,0.13874478256360753,0.13874478256360753,0.10000000000000002,0.7957747154594765,0.001,0.16694742679467223,2.0,2.0,0.1437983071948692,0.1437983071948692,-15.234846560839856,-15.234846560839856,-33.269584181107646,2.8581449742159926
BAT_0035,NMC_622,lithium_plating,125,93.55356468366381,0.0005330882352941177,25424.617889355555,28.17898059664172,73.60258509237245,0.04292514355107529,0.04292514355107529,0.18074902039854226,0.18074902039854226,0.18074902039854226,0.18074902039854226,0.10375000000000002,1.5340235478736899,0.001,0.21667337062261258,1.0,2.0,0.18966466510628727,0.18966466510628727,-17.637494930226936,-17.637494930226936,-34.12523366382918,2.4169983235245596
BAT_0035,NMC_622,lithium_plating,150,92.22343773578838,0.0005397058823529412,22648.331499553402,25.315814416953994,78.28437771663958,0.049043992314863956,0.049043992314863956,0.20797150328989883,0.20797150328989883,0.20797150328989883,0.20797150328989883,0.10750000000000003,1.4805110985292587,0.001,0.23625674530807933,1.0,2.0,0.21806201824308158,0.21806201824308158,-17.49819977413756,-17.49819977413756,-32.044913261518204,2.191909649398986
BAT_0035,NMC_622,lithium_plating,175,90.88214600823837,0.0005463235294117648,19918.867525173857,23.08906045202839,80.0,0.05664098172487197,0.05664098172487197,0.2466704347355035,0.2466704347355035,0.2466704347355035,0.2466704347355035,0.11125000000000003,2.8612124600790168,0.001,0.31640453892681725,0.5,2.0,0.2604436747626755,0.2604436747626755,-18.716797404309247,-18.716797404309247,-33.31574809581719,1.9641255608948665
BAT_0035,NMC_622,lithium_plating,200,89.53073289986907,0.0005529411764705883,17236.431840188732,23.30541000698956,67.59952066204062,0.059083756746187946,0.059083756746187946,0.23453198032158926,0.23453198032158926,0.23453198032158926,0.23453198032158926,0.11500000000000003,2.767912053772092,0.001,0.26594912549165467,0.5,2.0,0.2496512791992062,0.2496512791992062,-20.04255612486561,-20.04255612486561,-32.77965536207196,1.9463894365081953
BAT_0035,NMC_622,lithium_plating,225,88.17023643655152,0.0005595588235294118,14601.210977279981,20.648935849587588,67.69909696523594,0.06701763581804371,0.06701763581804371,0.2868571398940665,0.2868571398940665,0.2868571398940665,0.2868571398940665,0.11875000000000004,2.6805043047056047,0.001,0.35064552216856915,0.5,1.0,0.30533299462759744,0.30533299462759744,-20.03400081947338,-20.03400081947338,-35.2486418364283,1.7719216524201529
BAT_0035,NMC_622,lithium_plating,250,86.80168798777922,0.0005661764705882354,12013.370991402253,22.739634912133788,54.01611986412219,0.0642317274916364,0.0642317274916364,0.2687742546227951,0.2687742546227951,0.2687742546227951,0.2687742546227951,0.12250000000000004,2.598448050479923,0.001,0.324080503368123,0.5,2.0,0.2857395549216585,0.2857395549216585,-19.842929780484997,-19.842929780484997,-29.49121229289225,1.9071571758046013
BAT_0035,NMC_622,lithium_plating,275,85.4261110134916,0.0005727941176470589,9473.05645487623,21.963624854902537,66.95385954486923,0.06985584767581059,0.06985584767581059,0.2832180620438974,0.2832180620438974,0.2832180620438974,0.2832180620438974,0.12625000000000003,3.0,0.001,0.36392977150429384,0.1,2.0,0.3094195573093549,0.3094195573093549,-23.748717489944113,-23.748717489944113,-32.14918088866605,1.8072932216914088
BAT_0035,NMC_622,lithium_plating,300,84.0445198431231,0.0005794117647058823,6980.389576963722,21.964427483548032,65.97288271534411,0.07331604338845342,0.07331604338845342,0.3071073567722121,0.3071073567722121,0.3071073567722121,0.3071073567722121,0.13000000000000003,3.0,0.001,0.37164955238488573,0.1,2.0,0.3346918794333902,0.3346918794333902,-23.4248433763398,-23.4248433763398,-33.76612198851193,1.7731453307049818
BAT_0035,NMC_622,lithium_plating,325,82.65791848878177,0.000586029411764706,4535.4694413340185,27.08844893433377,52.38706492180872,0.06304481714238985,0.06304481714238985,0.28317234583234224,0.28317234583234224,0.28317234583234224,0.28317234583234224,0.13375000000000004,3.0,0.001,0.3446148835358175,0.1,2.0,0.30016648200530394,0.30016648200530394,-19.37209882410029,-19.37209882410029,-34.24959130834452,2.121506668786413
BAT_0035,NMC_622,lithium_plating,350,81.26729949435384,0.0005926470588235295,2138.371355237241,29.002988538405905,40.25106131727279,0.06253584990241637,0.06253584990241637,0.2622004036382463,0.2622004036382463,0.2622004036382463,0.2622004036382463,0.13750000000000004,3.0,0.001,0.31466635334373005,0.1,2.0,0.28632786127264676,0.28632786127264676,-23.68969677291272,-23.68969677291272,-33.78482948307994,2.198738806853364
BAT_0035,NMC_622,lithium_plating,375,79.87364282221796,0.0005992647058823531,0.0,30.7519735425977,65.006902399858,0.06080197477450813,0.06080197477450813,0.26867912027670804,0.26867912027670804,0.26867912027670804,0.26867912027670804,0.14125000000000004,3.0,0.001,0.32585110032249287,0.1,2.0,0.2902788344055053,0.2902788344055053,-22.242543691857854,-22.242543691857854,-34.97646048732994,2.3231153350502787
BAT_0035,NMC_622,lithium_plating,400,78.47791477914093,0.0006058823529411766,0.0,31.091264687006024,30.0,0.06165667867710759,0.06165667867710759,0.27426003621342,0.27426003621342,0.27426003621342,0.27426003621342,0.14500000000000005,3.0,0.001,0.329282451673782,0.1,2.0,0.298885005021376,0.298885005021376,-23.42077568075421,-23.42077568075421,-32.433847479829886,2.351732255306137
BAT_0035,NMC_622,lithium_plating,425,77.08106698280844,0.0006125,0.0,28.93254866900195,30.0,0.07022208041781507,0.07022208041781507,0.33227685203128493,0.33227685203128493,0.33227685203128493,0.33227685203128493,0.14875000000000005,3.0,0.001,0.39803382319129466,0.1,2.0,0.35526750720811,0.35526750720811,-20.72554299800256,-20.72554299800256,-33.45512937882691,2.1182795940386687
BAT_0035,NMC_622,lithium_plating,450,75.68403537032825,0.0006191176470588236,0.0,28.786227536669447,30.0,0.07136713960189796,0.07136713960189796,0.3273683217373354,0.3273683217373354,0.3273683217373354,0.3273683217373354,0.15250000000000005,3.0,0.001,0.39274241229937723,0.1,1.0,0.3571154596648955,0.3571154596648955,-23.55145222218786,-23.55145222218786,-33.239932998386685,2.1368377778719947
BAT_0035,NMC_622,lithium_plating,475,74.28773924992254,0.0006257352941176472,0.0,22.207741496095924,31.38727519607033,0.09036297684180425,0.09036297684180425,0.3817448971881241,0.3817448971881241,0.3817448971881241,0.3817448971881241,0.15625000000000006,3.0,0.001,0.4672373459609543,0.1,1.0,0.42304453343894644,0.42304453343894644,-25.52794483968871,-25.52794483968871,-33.289947747685844,1.7291373686542248
BAT_0035,NMC_622,lithium_plating,500,72.89308039690631,0.0006323529411764707,0.0,22.520022237016104,30.0,0.09138035325031559,0.09138035325031559,0.39383838943186894,0.39383838943186894,0.39383838943186894,0.39383838943186894,0.16000000000000006,3.0,0.001,0.5019366504652752,0.1,1.0,0.42982574778203414,0.42982574778203414,-23.612617996929092,-23.612617996929092,-38.04450969062895,1.7509234130636007
BAT_0036,NMC_622,SEI_growth,0,100.0,0.0,66666.66666666667,27.028095581890074,45.25361530656593,0.032741303818502765,0.032741303818502765,0.13075432672260606,0.13075432672260606,0.13075432672260606,0.13075432672260606,0.085,0.9362055475993842,0.001,0.14210274001280093,2.0,2.0,0.13248517282215616,0.13248517282215616,-9.27165309048027,-9.27165309048027,-34.86280636940987,2.5961091980694064
BAT_0036,NMC_622,SEI_growth,25,99.07361906437536,0.0003722794117647058,51234.68680140332,30.15591593551129,65.96589219234733,0.03084922873918713,0.03084922873918713,0.12249759092264557,0.12249759092264557,0.12249759092264557,0.12249759092264557,0.0925,1.7205939793718414,0.001,0.14169599279630965,1.0,2.0,0.12374681565412117,0.12374681565412117,-8.148110864039806,-8.148110864039806,-34.51291755153865,2.9984542168634247
BAT_0036,NMC_622,SEI_growth,50,98.04653812831243,0.00039455882352941175,45738.52376911091,30.399439238285062,58.6478345953975,0.03219017145307883,0.03219017145307883,0.1275871266577642,0.1275871266577642,0.1275871266577642,0.1275871266577642,0.1,1.5915494309189535,0.001,0.1483565967533213,1.0,5.0,0.12882512379056707,0.12882512379056707,-7.9496054373761,-7.9496054373761,-34.51094171473479,3.106538284387905
BAT_0036,NMC_622,SEI_growth,75,96.92207628054058,0.00041683823529411774,40596.26696337129,26.827513085031516,58.41057858677199,0.03659132295744848,0.03659132295744848,0.14538376412739906,0.14538376412739906,0.14538376412739906,0.14538376412739906,0.10750000000000001,1.4805110985292589,0.001,0.17133266168859188,1.0,2.0,0.14692011395126348,0.14692011395126348,-8.293182834137966,-8.293182834137966,-39.96209656251119,2.937854969742696
BAT_0036,NMC_622,SEI_growth,100,95.70383983122177,0.00043911764705882356,35762.26083466445,32.58109509063985,66.4288564567151,0.03149765337370855,0.03149765337370855,0.1269204962755259,0.1269204962755259,0.1269204962755259,0.1269204962755259,0.11500000000000002,1.3839560268860462,0.001,0.14539307663537937,1.0,2.0,0.12841582405914745,0.12841582405914745,-8.75223335096169,-8.75223335096169,-36.52619044766945,3.6510656408452267
BAT_0036,NMC_622,SEI_growth,125,94.395703055459,0.00046139705882352944,31200.248853265708,27.851822652166444,72.90976731850368,0.03782304503716943,0.03782304503716943,0.17743606726407288,0.17743606726407288,0.17743606726407288,0.17743606726407288,0.12250000000000003,1.2992240252399616,0.001,0.206359978997448,1.0,2.0,0.17905023805931175,0.17905023805931175,-7.699308695848345,-7.699308695848345,-35.52554571314763,3.238766204032937
BAT_0036,NMC_622,SEI_growth,150,93.00178768611543,0.0004836764705882353,26881.166392698375,26.101977228868137,61.94845152575408,0.040915045610708904,0.040915045610708904,0.19234766529947264,0.19234766529947264,0.19234766529947264,0.19234766529947264,0.13000000000000003,1.2242687930145792,0.001,0.21836038666259483,1.0,2.0,0.19396747679509044,0.19396747679509044,-7.409827622881114,-7.409827622881114,-39.2201112334128,3.177315289756746
BAT_0036,NMC_622,SEI_growth,175,91.52644130769522,0.0005059558823529412,22781.51457413966,25.722936506973426,80.0,0.0419096119358394,0.0419096119358394,0.2012962494421399,0.2012962494421399,0.2012962494421399,0.2012962494421399,0.13750000000000004,1.157490495213784,0.001,0.24749944587010564,1.0,2.0,0.20312523677519131,0.20312523677519131,-7.694624840906899,-7.694624840906899,-38.14384947913654,3.280870274115223
BAT_0036,NMC_622,SEI_growth,200,89.9742148095482,0.0005282352941176472,18882.14384881062,22.467994626897905,76.26289297949407,0.04932739801954554,0.04932739801954554,0.23483815267510216,0.23483815267510216,0.23483815267510216,0.23483815267510216,0.14500000000000005,1.0976202971854847,0.001,0.29440446929765524,1.0,2.0,0.23747502146212043,0.23747502146212043,-8.54625017286185,-8.54625017286185,-41.384119318918096,2.9395428468078753
BAT_0036,NMC_622,SEI_growth,225,88.34983906168556,0.0005505147058823531,15167.331539858895,19.747518937044163,60.819214565015415,0.05480572931087045,0.05480572931087045,0.24861356455040812,0.24861356455040812,0.24861356455040812,0.24861356455040812,0.15250000000000005,1.0436389710943954,0.001,0.29970966110344743,1.0,2.0,0.2514391322216093,0.2514391322216093,-8.597686282189517,-8.597686282189517,-39.35671349195297,2.782555800598614
BAT_0036,NMC_622,SEI_growth,250,86.65820098000071,0.0005727941176470589,11624.07359794733,21.834226937169714,68.99685389454935,0.05215045261095107,0.05215045261095107,0.2402747304835204,0.2402747304835204,0.2402747304835204,0.2402747304835204,0.16000000000000006,0.9947183943243456,0.001,0.2995568376881322,1.0,2.0,0.2430619626192341,0.2430619626192341,-8.685235248417035,-8.685235248417035,-41.39939010091479,3.0680462390925
BAT_0036,NMC_622,SEI_growth,275,84.90431914967,0.0005950735294117649,8241.534713395775,21.638854106148578,52.927167851766555,0.054746241375449985,0.054746241375449985,0.2655890512205305,0.2655890512205305,0.2655890512205305,0.2655890512205305,0.16750000000000007,0.950178764727733,0.001,0.3205898888418315,1.0,2.0,0.26806051487908317,0.26806051487908317,-7.78632562434959,-7.78632562434959,-38.368407010499475,3.05957077219757
BAT_0036,NMC_622,SEI_growth,300,83.09331917596523,0.0006173529411764708,5010.617054922246,22.314568797869484,45.03319527953838,0.054517836784122864,0.054517836784122864,0.26939644148055447,0.26939644148055447,0.26939644148055447,0.26939644148055447,0.17500000000000007,0.909456817667973,0.001,0.30834647371298995,1.0,2.0,0.2718460021827282,0.2718460021827282,-7.6974506148062,-7.6974506148062,-38.85671954340834,3.209958617634752
BAT_0036,NMC_622,SEI_growth,325,81.23040893066683,0.0006396323529411767,1923.6189742578258,26.77357000702709,44.73905699041188,0.048716802552801454,0.048716802552801454,0.23086370794832758,0.23086370794832758,0.23086370794832758,0.23086370794832758,0.18250000000000008,0.8720818799555906,0.001,0.2686477982394891,1.0,2.0,0.2327126564331855,0.2327126564331855,-7.227331913629254,-7.227331913629254,-37.49882257599083,3.746140765338579
BAT_0036,NMC_622,SEI_growth,350,79.32085385976193,0.0006619117647058825,0.0,30.32725410266673,46.09350053980003,0.044277871948486994,0.044277871948486994,0.23540010479611603,0.23540010479611603,0.23540010479611603,0.23540010479611603,0.19000000000000009,0.8376575952205014,0.001,0.2703247173268965,1.0,5.0,0.2365842470056247,0.2365842470056247,-5.734927852675152,-5.734927852675152,-37.70598046093171,4.291082467130458
BAT_0036,NMC_622,SEI_growth,375,77.36995251419701,0.0006841911764705885,0.0,30.18026031093381,43.88548429894518,0.04586720835609352,0.04586720835609352,0.2278542403887264,0.2278542403887264,0.2278542403887264,0.2278542403887264,0.1975000000000001,0.8058478131235204,0.001,0.2632863485167114,1.0,2.0,0.22923149004390583,0.22923149004390583,-6.2838311763541315,-6.2838311763541315,-40.314787038416995,4.305908449162504
BAT_0036,NMC_622,SEI_growth,400,75.38301246020157,0.0007064705882352944,0.0,33.5979186034331,34.00638560671896,0.04176382929475391,0.04176382929475391,0.2164671534557403,0.2164671534557403,0.2164671534557403,0.2164671534557403,0.2050000000000001,0.5,0.001,0.24255848982494072,2.0,5.0,0.21758062229103672,0.21758062229103672,-5.798984374858788,-5.798984374858788,-37.96242366086132,4.908553728471225
BAT_0036,NMC_622,SEI_growth,425,73.36532671918471,0.0007287500000000003,0.0,26.635818342687028,30.0,0.0535172443297701,0.0535172443297701,0.28792393553478046,0.28792393553478046,0.28792393553478046,0.28792393553478046,0.2125000000000001,0.7489644380795071,0.001,0.3411641578190183,1.0,2.0,0.28934239368300374,0.28934239368300374,-5.675673969968903,-5.675673969968903,-39.29585940164442,3.9706827707829584
BAT_0036,NMC_622,SEI_growth,450,71.32215087952774,0.000751029411764706,0.0,27.70274772201164,30.0,0.05262196408137528,0.05262196408137528,0.25629613633414605,0.25629613633414605,0.25629613633414605,0.25629613633414605,0.2200000000000001,0.7234315595086148,0.001,0.3089989306608452,1.0,5.0,0.2575870378991363,0.2575870378991363,-5.738570627343638,-5.738570627343638,-40.50298043703088,4.1807637521813
BAT_0036,NMC_622,SEI_growth,475,69.3821579784337,0.0007695588235294121,0.0,25.212882895761688,30.0,0.05948535924451315,0.05948535924451315,0.31158124977929097,0.31158124977929097,0.31158124977929097,0.31158124977929097,0.22750000000000012,0.6995821674369022,0.001,0.38571379406944106,1.0,5.0,0.313192977972622,0.313192977972622,-5.815190465224023,-5.815190465224023,-40.102114645129454,3.8244704728917718
BAT_0036,NMC_622,SEI_growth,500,67.43243059824587,0.0007880882352941179,0.0,26.477026254671635,30.0,0.05699037578158708,0.05699037578158708,0.29517204190219637,0.29517204190219637,0.29517204190219637,0.29517204190219637,0.23500000000000013,0.6772550769867883,0.001,0.35958278464117527,1.0,5.0,0.29660614082114883,0.29660614082114883,-5.636535623515939,-5.636535623515939,-41.68824828651217,4.123503254314842
BAT_0037,NMC_622,SEI_growth,0,100.0,0.0,66666.66666666667,28.48254411243824,43.92157793573516,0.0316733315942992,0.0316733315942992,0.12242193704551303,0.12242193704551303,0.12242193704551303,0.12242193704551303,0.085,0.9362055475993842,0.001,0.14497532840388735,2.0,2.0,0.1239707062424853,0.1239707062424853,-9.066185915193941,-9.066185915193941,-34.42526153424994,2.6836456956520145
BAT_0037,NMC_622,SEI_growth,25,99.07361906437536,0.0003722794117647058,51234.68680140332,27.522927527834298,68.62401338170416,0.033674309578002805,0.033674309578002805,0.1342750976966202,0.1342750976966202,0.1342750976966202,0.1342750976966202,0.0925,1.7205939793718414,0.001,0.16655110598659018,1.0,2.0,0.13573461749279359,0.13573461749279359,-8.409830404692713,-8.409830404692713,-33.96171201451358,2.7469011587523124
BAT_0037,NMC_622,SEI_growth,50,98.04653812831243,0.00039455882352941175,45738.52376911091,28.9135787162355,69.17151585865062,0.032828066862230026,0.032828066862230026,0.13394588497851798,0.13394588497851798,0.13394588497851798,0.13394588497851798,0.1,1.5915494309189535,0.001,0.14954910679326205,1.0,2.0,0.1356712090445712,0.1356712090445712,-9.147247736256304,-9.147247736256304,-34.53602987341564,3.046173885890732
BAT_0037,NMC_622,SEI_growth,75,96.92207628054058,0.00041683823529411774,40596.26696337129,29.942884690512813,58.7924619443812,0.033118589611077116,0.033118589611077116,0.15067268179461815,0.15067268179461815,0.15067268179461815,0.15067268179461815,0.10750000000000001,1.4805110985292589,0.001,0.17382665139271516,1.0,2.0,0.15195900122780587,0.15195900122780587,-7.460289182824014,-7.460289182824014,-38.2700675540575,3.245911171411861
BAT_0037,NMC_622,SEI_growth,100,95.70383983122177,0.00043911764705882356,35762.26083466445,27.087206954586698,80.0,0.0372480910720634,0.0372480910720634,0.16436468036919624,0.16436468036919624,0.16436468036919624,0.16436468036919624,0.11500000000000002,1.3839560268860462,0.001,0.19522673984457808,1.0,2.0,0.16622391339789516,0.16622391339789516,-8.577553335657464,-8.577553335657464,-35.60795641183617,3.0874065405797846
BAT_0037,NMC_622,SEI_growth,125,94.395703055459,0.00046139705882352944,31200.248853265708,26.590544353754222,70.0699098769456,0.03977057906568809,0.03977057906568809,0.16117949505383358,0.16117949505383358,0.16117949505383358,0.16117949505383358,0.12250000000000003,1.2992240252399616,0.001,0.19114764830460018,1.0,2.0,0.16335853772530817,0.16335853772530817,-9.368790319758059,-9.368790319758059,-39.95526906258753,3.0801663661388936
BAT_0037,NMC_622,SEI_growth,150,93.00178768611543,0.0004836764705882353,26881.166392698375,25.403244693594605,80.0,0.04220273329632177,0.04220273329632177,0.19242941995476595,0.19242941995476595,0.19242941995476595,0.19242941995476595,0.13000000000000003,1.2242687930145792,0.001,0.2201536592845232,1.0,2.0,0.19424394628800265,0.19424394628800265,-7.8376196077123,-7.8376196077123,-36.01689767966701,3.0803692046962827
BAT_0037,NMC_622,SEI_growth,175,91.52644130769522,0.0005059558823529412,22781.51457413966,20.434178534380557,80.0,0.050609345193740864,0.050609345193740864,0.2306517890983723,0.2306517890983723,0.2306517890983723,0.2306517890983723,0.13750000000000004,1.157490495213784,0.001,0.28664937368770294,1.0,2.0,0.23387193210211601,0.23387193210211601,-9.518877352592865,-9.518877352592865,-42.137091823274254,2.7168895284779424
BAT_0037,NMC_622,SEI_growth,200,89.9742148095482,0.0005282352941176472,18882.14384881062,22.746041913769396,80.0,0.04961181580530441,0.04961181580530441,0.22795965378657837,0.22795965378657837,0.22795965378657837,0.22795965378657837,0.14500000000000005,1.0976202971854847,0.001,0.2778687011763517,1.0,2.0,0.23007811558702615,0.23007811558702615,-7.781155426076657,-7.781155426076657,-40.68288885174664,2.922690847862434
BAT_0037,NMC_622,SEI_growth,225,88.34983906168556,0.0005505147058823531,15167.331539858895,20.393488511976166,64.72080808210092,0.05366907169352655,0.05366907169352655,0.24229605508439556,0.24229605508439556,0.24229605508439556,0.24229605508439556,0.15250000000000005,1.0436389710943954,0.001,0.30245737265957634,1.0,2.0,0.24535586694330241,0.24535586694330241,-9.058142346568749,-9.058142346568749,-39.3089111021448,2.8414875679393257
BAT_0037,NMC_622,SEI_growth,250,86.65820098000071,0.0005727941176470589,11624.07359794733,22.159236432311257,69.65201548766625,0.052825589388670824,0.052825589388670824,0.24344705982262338,0.24344705982262338,0.24344705982262338,0.24344705982262338,0.16000000000000006,0.9947183943243456,0.001,0.31891336008264315,1.0,2.0,0.24580143975892532,0.24580143975892532,-7.936535380170472,-7.936535380170472,-39.449506888635035,3.0288351128991713
BAT_0037,NMC_622,SEI_growth,275,84.90431914967,0.0005950735294117649,8241.534713395775,22.665385145194154,43.86628947764565,0.0520067976818674,0.0520067976818674,0.25415322738430957,0.25415322738430957,0.25415322738430957,0.25415322738430957,0.16750000000000007,0.950178764727733,0.001,0.29651953345379706,1.0,2.0,0.2560721324497319,0.2560721324497319,-7.018669491965657,-7.018669491965657,-42.34217476245712,3.2207328169794294
BAT_0037,NMC_622,SEI_growth,300,83.09331917596523,0.0006173529411764708,5010.617054922246,23.020670751618916,71.38301911728847,0.0533219124767839,0.0533219124767839,0.2607149039461947,0.2607149039461947,0.2607149039461947,0.2607149039461947,0.17500000000000007,0.909456817667973,0.001,0.3254048004589595,1.0,2.0,0.2633333681442518,0.2633333681442518,-8.08664782057816,-8.08664782057816,-40.4029274335391,3.2819528008526366
BAT_0037,NMC_622,SEI_growth,325,81.23040893066683,0.0006396323529411767,1923.6189742578258,25.73916639623256,49.48231328687516,0.05062458600988609,0.05062458600988609,0.25888939865654764,0.25888939865654764,0.25888939865654764,0.25888939865654764,0.18250000000000008,0.8720818799555906,0.001,0.3046569365425671,1.0,2.0,0.26039401371249926,0.26039401371249926,-6.162319005651256,-6.162319005651256,-37.35528436286156,3.604967751526127
BAT_0037,NMC_622,SEI_growth,350,79.32085385976193,0.0006619117647058825,0.0,25.286573557792444,31.4546587771308,0.051501614688005126,0.051501614688005126,0.26027104956202585,0.26027104956202585,0.26027104956202585,0.26027104956202585,0.19000000000000009,0.8376575952205014,0.001,0.3096405065478265,1.0,2.0,0.26226507143721395,0.26226507143721395,-7.069812743631059,-7.069812743631059,-42.56280332224603,3.689204720104662
BAT_0037,NMC_622,SEI_growth,375,77.36995251419701,0.0006841911764705885,0.0,31.63120823711044,30.0,0.043304578976636914,0.043304578976636914,0.20906875775587555,0.20906875775587555,0.20906875775587555,0.20906875775587555,0.1975000000000001,0.5,0.001,0.2474562793543451,2.0,5.0,0.2104703217317662,0.2104703217317662,-6.615915660767954,-6.615915660767954,-40.08076539666523,4.560718627620247
BAT_0037,NMC_622,SEI_growth,400,75.38301246020157,0.0007064705882352944,0.0,29.93734370621147,30.0,0.046536863633481806,0.046536863633481806,0.24111865969438404,0.24111865969438404,0.24111865969438404,0.24111865969438404,0.2050000000000001,0.5,0.001,0.26043548666361616,2.0,5.0,0.24228035302796552,0.24228035302796552,-5.613037754359074,-5.613037754359074,-39.2489236069631,4.40510992778871
BAT_0037,NMC_622,SEI_growth,425,73.36532671918471,0.0007287500000000003,0.0,27.312026405439756,30.0,0.0522668677338679,0.0522668677338679,0.2737477135582998,0.2737477135582998,0.2737477135582998,0.2737477135582998,0.2125000000000001,0.7489644380795071,0.001,0.31559389187877457,1.0,5.0,0.2755424929207116,0.2755424929207116,-6.543120070439662,-6.543120070439662,-40.28955074833743,4.065673135072992
BAT_0037,NMC_622,SEI_growth,450,71.32215087952774,0.000751029411764706,0.0,27.380287265386155,30.0,0.052679574521910244,0.052679574521910244,0.2903092394391518,0.2903092394391518,0.2903092394391518,0.2903092394391518,0.2200000000000001,0.5,0.001,0.32314174425456244,2.0,5.0,0.29154907805862346,0.29154907805862346,-5.285893399817787,-5.285893399817787,-41.22871261993646,4.176191664351783
BAT_0037,NMC_622,SEI_growth,475,69.3821579784337,0.0007695588235294121,0.0,22.645821630072195,30.0,0.06411288142091646,0.06411288142091646,0.34331691116799684,0.34331691116799684,0.34331691116799684,0.34331691116799684,0.22750000000000012,0.6995821674369022,0.001,0.38795544474888616,1.0,5.0,0.34483124138130844,0.34483124138130844,-5.3716002243541086,-5.3716002243541086,-38.129751998591495,3.5484288797817083
BAT_0037,NMC_622,SEI_growth,500,67.43243059824587,0.0007880882352941179,0.0,25.065362683063203,30.0,0.05943576384878291,0.05943576384878291,0.340329843121758,0.340329843121758,0.340329843121758,0.340329843121758,0.23500000000000013,0.5,0.001,0.39576013015244094,2.0,5.0,0.3420072517377529,0.3420072517377529,-5.676976164766964,-5.676976164766964,-40.509955784897684,3.9538484034274313
BAT_0038,NMC_622,lithium_plating,0,100.0,0.0,66666.66666666667,22.513098396151044,40.15492311274302,0.037875117404505436,0.037875117404505436,0.14881522049654292,0.14881522049654292,0.14881522049654292,0.14881522049654292,0.085,1.8724110951987685,0.001,0.17611795802699376,1.0,2.0,0.15066867010879775,0.15066867010879775,-8.996275734823511,-8.996275734823511,-35.514225952488204,2.244217465841804
BAT_0038,NMC_622,lithium_plating,25,98.7414427975355,0.0005066176470588235,36993.268802102,26.71924045890163,54.656965145709435,0.03608923317566644,0.03608923317566644,0.1414502422917771,0.1414502422917771,0.1414502422917771,0.1414502422917771,0.08875000000000001,1.7932951334298064,0.001,0.16391984280447713,1.0,2.0,0.1441862980106624,0.1441862980106624,-11.17962570087029,-11.17962570087029,-33.27518592865174,2.4591822045097005
BAT_0038,NMC_622,lithium_plating,50,97.46646998641208,0.0005132352941176471,34032.09051793757,28.649125861779602,56.0705256134866,0.03485572803013698,0.03485572803013698,0.1469082479111629,0.1469082479111629,0.1469082479111629,0.1469082479111629,0.09250000000000001,1.7205939793718414,0.001,0.1626838548469365,1.0,2.0,0.15063013513063833,0.15063013513063833,-12.763260143795799,-12.763260143795799,-33.39512537870253,2.653796240320174
BAT_0038,NMC_622,lithium_plating,75,96.17613167494507,0.0005198529411764706,31116.74551333139,30.097939930046362,63.42294521656036,0.03494312002478197,0.03494312002478197,0.14037401535911512,0.14037401535911512,0.14037401535911512,0.14037401535911512,0.09625000000000002,1.6535578503054058,0.001,0.15970652736510105,1.0,2.0,0.1450275916324392,0.1450275916324392,-14.553716465042632,-14.553716465042632,-32.68266699045995,2.754476415721855
BAT_0038,NMC_622,lithium_plating,100,94.8714793915246,0.0005264705882352942,28247.502754851197,29.09456021872984,58.377473857208514,0.039188925948943784,0.039188925948943784,0.168880981967878,0.168880981967878,0.168880981967878,0.168880981967878,0.10000000000000002,1.591549430918953,0.001,0.194541505335329,1.0,2.0,0.17295234291764516,0.17295234291764516,-12.45660989573523,-12.45660989573523,-36.310888275494236,2.55174127839794
BAT_0038,NMC_622,lithium_plating,125,93.55356468366381,0.0005330882352941177,25424.617889355555,26.903299573841252,80.0,0.044832038012921314,0.044832038012921314,0.1887184227166928,0.1887184227166928,0.1887184227166928,0.1887184227166928,0.10375000000000002,1.5340235478736899,0.001,0.2190525366357958,1.0,2.0,0.19678791433902448,0.19678791433902448,-16.464814751467955,-16.464814751467955,-32.18736490761172,2.314193255503968
BAT_0038,NMC_622,lithium_plating,150,92.22343773578838,0.0005397058823529412,22648.331499553402,25.88548778679702,75.06731790116218,0.049181383625931906,0.049181383625931906,0.2090826963697446,0.2090826963697446,0.2090826963697446,0.2090826963697446,0.10750000000000003,1.4805110985292587,0.001,0.25067900067933147,1.0,2.0,0.2167451585637328,0.2167451585637328,-15.280406937141807,-15.280406937141807,-35.065775578009664,2.185786410923958
BAT_0038,NMC_622,lithium_plating,175,90.88214600823837,0.0005463235294117648,19918.867525173857,23.623950682180435,80.0,0.05531995423176926,0.05531995423176926,0.24200109931974162,0.24200109931974162,0.24200109931974162,0.24200109931974162,0.11125000000000003,3.0,0.001,0.29192363813495914,0.1,1.0,0.25605320744202476,0.25605320744202476,-19.069956963865298,-19.069956963865298,-33.508968348645006,2.0110284172308868
BAT_0038,NMC_622,lithium_plating,200,89.53073289986907,0.0005529411764705883,17236.431840188732,20.041367127763984,75.8305239752671,0.0648887669541828,0.0648887669541828,0.28082212447943206,0.28082212447943206,0.28082212447943206,0.28082212447943206,0.11500000000000003,3.0,0.001,0.33674697635533896,0.1,1.0,0.29977787297210184,0.29977787297210184,-20.484425084552406,-20.484425084552406,-33.61218023335691,1.7722636042876294
BAT_0038,NMC_622,lithium_plating,225,88.17023643655152,0.0005595588235294118,14601.210977279981,21.770023182078592,68.2758174809288,0.06385348969671031,0.06385348969671031,0.292706321318636,0.292706321318636,0.292706321318636,0.292706321318636,0.11875000000000004,2.6805043047056047,0.001,0.36099508107051587,0.5,1.0,0.3058757395070404,0.3058757395070404,-16.87403948673708,-16.87403948673708,-31.903671561098815,1.8597260786221046
BAT_0038,NMC_622,lithium_plating,250,86.80168798777922,0.0005661764705882354,12013.370991402253,21.989014982825253,76.62204207898942,0.0658570539226856,0.0658570539226856,0.2995798443809632,0.2995798443809632,0.2995798443809632,0.2995798443809632,0.12250000000000004,2.598448050479923,0.001,0.3576300031934096,0.5,2.0,0.3167359772532008,0.3167359772532008,-18.94430627148641,-18.94430627148641,-34.46006981339184,1.8600892797878832
BAT_0038,NMC_622,lithium_plating,275,85.4261110134916,0.0005727941176470589,9473.05645487623,18.798034470789073,37.36884194508517,0.07758145667453034,0.07758145667453034,0.3338269271802037,0.3338269271802037,0.3338269271802037,0.3338269271802037,0.12625000000000003,3.0,0.001,0.3874304936143228,0.1,2.0,0.356426922446598,0.356426922446598,-20.512967183983008,-20.512967183983008,-31.112684354590627,1.6273218551392237
BAT_0038,NMC_622,lithium_plating,300,84.0445198431231,0.0005794117647058823,6980.389576963722,21.14400093955952,53.84557185924752,0.07485430374559497,0.07485430374559497,0.3142170714756578,0.3142170714756578,0.3142170714756578,0.3142170714756578,0.13000000000000003,3.0,0.001,0.3931806141805158,0.1,1.0,0.34069712784116435,0.34069712784116435,-22.738756142529027,-22.738756142529027,-32.41404012835918,1.736707089572659
BAT_0038,NMC_622,lithium_plating,325,82.65791848878177,0.000586029411764706,4535.4694413340185,24.810677125588157,30.0,0.06883614718188287,0.06883614718188287,0.2986744760337931,0.2986744760337931,0.2986744760337931,0.2986744760337931,0.13375000000000004,3.0,0.001,0.35865633140587894,0.1,2.0,0.32203538153983857,0.32203538153983857,-21.957943535329463,-21.957943535329463,-32.539261487371064,1.9430198445970255
BAT_0038,NMC_622,lithium_plating,350,81.26729949435384,0.0005926470588235295,2138.371355237241,28.883670915654303,30.0,0.06198985156953652,0.06198985156953652,0.27968005588092615,0.27968005588092615,0.27968005588092615,0.27968005588092615,0.13750000000000004,3.0,0.001,0.3350990114954002,0.1,2.0,0.3056935568394019,0.3056935568394019,-23.807996355116217,-23.807996355116217,-32.610188612640364,2.2181050045870934
BAT_0038,NMC_622,lithium_plating,375,79.87364282221796,0.0005992647058823531,0.0,32.1624599351005,35.458092606306266,0.05835671506709325,0.05835671506709325,0.2695420427188323,0.2695420427188323,0.2695420427188323,0.2695420427188323,0.14125000000000004,3.0,0.001,0.30582268225166875,0.1,2.0,0.2868395477084221,0.2868395477084221,-19.999394714242467,-19.999394714242467,-35.705578328527764,2.420458379770068
BAT_0038,NMC_622,lithium_plating,400,78.47791477914093,0.0006058823529411766,0.0,30.68369523304793,30.0,0.06379296573359487,0.06379296573359487,0.27330101218680447,0.27330101218680447,0.27330101218680447,0.27330101218680447,0.14500000000000005,3.0,0.001,0.3308297792633136,0.1,2.0,0.29389377198159344,0.29389377198159344,-21.575894338097225,-21.575894338097225,-34.89488033587848,2.2729778798109654
BAT_0038,NMC_622,lithium_plating,425,77.08106698280844,0.0006125,0.0,28.30649043202513,30.0,0.07110600028193016,0.07110600028193016,0.3412945526530647,0.3412945526530647,0.3412945526530647,0.3412945526530647,0.14875000000000005,3.0,0.001,0.4126967023719982,0.1,1.0,0.36338573680032465,0.36338573680032465,-20.081136582094604,-20.081136582094604,-30.60134311401604,2.0919472254130036
BAT_0038,NMC_622,lithium_plating,450,75.68403537032825,0.0006191176470588236,0.0,29.307259998430414,30.0,0.06927822142154319,0.06927822142154319,0.322937377786628,0.322937377786628,0.322937377786628,0.322937377786628,0.15250000000000005,3.0,0.001,0.3807041937699029,0.1,1.0,0.35341123783410283,0.35341123783410283,-23.96803407420205,-23.96803407420205,-32.75942553363264,2.2012689828174152
BAT_0038,NMC_622,lithium_plating,475,74.28773924992254,0.0006257352941176472,0.0,21.867081297064416,30.0,0.09154848371465844,0.09154848371465844,0.38748203872428905,0.38748203872428905,0.38748203872428905,0.38748203872428905,0.15625000000000006,3.0,0.001,0.4793346825557503,0.1,1.0,0.42368749908038017,0.42368749908038017,-23.85855417788193,-23.85855417788193,-33.27940248107771,1.7067459083976266
BAT_0038,NMC_622,lithium_plating,500,72.89308039690631,0.0006323529411764707,0.0,24.340658873177098,30.0,0.08693627708334063,0.08693627708334063,0.3937392939614397,0.3937392939614397,0.3937392939614397,0.3937392939614397,0.16000000000000006,3.0,0.001,0.4819475656281192,0.1,1.0,0.4239395666565323,0.4239395666565323,-21.757229632205128,-21.757229632205128,-35.75874496818093,1.8404284766716843
BAT_0039,NMC_622,lithium_plating,0,100.0,0.0,66666.66666666667,22.283141509785544,43.859156848774695,0.038529258717408164,0.038529258717408164,0.15828187257513118,0.15828187257513118,0.15828187257513118,0.15828187257513118,0.085,1.8724110951987685,0.001,0.18769732368949346,1.0,2.0,0.16044153671101138,0.16044153671101138,-9.41154015522574,-9.41154015522574,-33.367341414358165,2.2061156334055183
BAT_0039,NMC_622,lithium_plating,25,98.7414427975355,0.0005066176470588235,36993.268802102,26.20221755139856,65.13387683097699,0.03622087562637074,0.03622087562637074,0.13827105853433092,0.13827105853433092,0.13827105853433092,0.13827105853433092,0.08875000000000001,1.7932951334298064,0.001,0.16014852290927997,1.0,2.0,0.14105414873951538,0.14105414873951538,-11.400529238606593,-11.400529238606593,-35.12698059680816,2.450244464421099
BAT_0039,NMC_622,lithium_plating,50,97.46646998641208,0.0005132352941176471,34032.09051793757,32.14653765890694,63.65714550556336,0.031475271274129184,0.031475271274129184,0.12570552788631031,0.12570552788631031,0.12570552788631031,0.12570552788631031,0.09250000000000001,0.8602969896859207,0.001,0.14403347782044315,2.0,2.0,0.1286783075175311,0.1286783075175311,-12.339739364656523,-12.339739364656523,-35.48085986950059,2.938815020667655
BAT_0039,NMC_622,lithium_plating,75,96.17613167494507,0.0005198529411764706,31116.74551333139,32.61616716045332,74.47699046515095,0.033616425786794975,0.033616425786794975,0.13606112696154354,0.13606112696154354,0.13606112696154354,0.13606112696154354,0.09625000000000002,1.6535578503054058,0.001,0.1619714438301106,1.0,5.0,0.14003421176196865,0.14003421176196865,-13.680963398264424,-13.680963398264424,-32.926759348775875,2.86318362964716
BAT_0039,NMC_622,lithium_plating,100,94.8714793915246,0.0005264705882352942,28247.502754851197,30.088117700227603,69.34369583146326,0.03846841030021234,0.03846841030021234,0.16186574644130663,0.16186574644130663,0.16186574644130663,0.16186574644130663,0.10000000000000002,1.591549430918953,0.001,0.19357764480270617,1.0,2.0,0.1675935986676566,0.1675935986676566,-15.0227538620232,-15.0227538620232,-33.190975151920384,2.5995355466885
BAT_0039,NMC_622,lithium_plating,125,93.55356468366381,0.0005330882352941177,25424.617889355555,30.292531243994837,80.0,0.03972117914668433,0.03972117914668433,0.1793946702555511,0.1793946702555511,0.1793946702555511,0.1793946702555511,0.10375000000000002,1.5340235478736899,0.001,0.2031487200404162,1.0,2.0,0.1855032334004463,0.1855032334004463,-14.744513517188885,-14.744513517188885,-34.90344015378459,2.611956699897224
BAT_0039,NMC_622,lithium_plating,150,92.22343773578838,0.0005397058823529412,22648.331499553402,26.110843232011238,80.0,0.04893216260185103,0.04893216260185103,0.212009746352381,0.212009746352381,0.212009746352381,0.212009746352381,0.10750000000000003,2.9610221970585173,0.001,0.25740609112984303,0.5,2.0,0.22169205086780097,0.22169205086780097,-16.99594763858747,-16.99594763858747,-31.498395820548723,2.1969190463683588
BAT_0039,NMC_622,lithium_plating,175,90.88214600823837,0.0005463235294117648,19918.867525173857,23.96302412173883,76.44256220087874,0.053877476773016714,0.053877476773016714,0.2484941313302832,0.2484941313302832,0.2484941313302832,0.2484941313302832,0.11125000000000003,1.4306062300395084,0.001,0.31073458645900065,1.0,1.0,0.26078761374036674,0.26078761374036674,-17.662517207603788,-17.662517207603788,-32.37244701035074,2.064870269791792
BAT_0039,NMC_622,lithium_plating,200,89.53073289986907,0.0005529411764705883,17236.431840188732,18.36784023812619,57.57886924031013,0.06980804244009182,0.06980804244009182,0.29152981282467705,0.29152981282467705,0.29152981282467705,0.29152981282467705,0.11500000000000003,2.767912053772092,0.001,0.352714321514741,0.5,2.0,0.3071646980735122,0.3071646980735122,-18.359418459259867,-18.359418459259867,-33.17451241408692,1.6473746574213315
BAT_0039,NMC_622,lithium_plating,225,88.17023643655152,0.0005595588235294118,14601.210977279981,20.423719925589772,63.992717531957865,0.06754035855723352,0.06754035855723352,0.2681058545902967,0.2681058545902967,0.2681058545902967,0.2681058545902967,0.11875000000000004,1.3402521523528024,0.001,0.3436296837743596,1.0,1.0,0.28504928762441084,0.28504928762441084,-19.854246444310075,-19.854246444310075,-37.916547563603594,1.7582080186822167
BAT_0039,NMC_622,lithium_plating,250,86.80168798777922,0.0005661764705882354,12013.370991402253,22.710668641310402,59.361619283337895,0.065395418834979,0.065395418834979,0.2617096599587497,0.2617096599587497,0.2617096599587497,0.2617096599587497,0.12250000000000004,3.0,0.001,0.3146853069330071,0.1,2.0,0.2806898031139379,0.2806898031139379,-21.19103686160328,-21.19103686160328,-34.57301738554711,1.873219901062499
BAT_0039,NMC_622,lithium_plating,275,85.4261110134916,0.0005727941176470589,9473.05645487623,21.30798665316733,61.439610739543006,0.0703729363148751,0.0703729363148751,0.3070338401557751,0.3070338401557751,0.3070338401557751,0.3070338401557751,0.12625000000000003,3.0,0.001,0.3717954790339658,0.1,2.0,0.3285394464328343,0.3285394464328343,-20.845757472449083,-20.845757472449083,-32.92816859200979,1.7940135314961116
BAT_0039,NMC_622,lithium_plating,300,84.0445198431231,0.0005794117647058823,6980.389576963722,23.207242640551346,55.25166461405861,0.0689729366518652,0.0689729366518652,0.3213881096235048,0.3213881096235048,0.3213881096235048,0.3213881096235048,0.13000000000000003,3.0,0.001,0.36986072912729046,0.1,2.0,0.34159044522637955,0.34159044522637955,-19.80384766991647,-19.80384766991647,-32.42079176189667,1.8847972307771024
BAT_0039,NMC_622,lithium_plating,325,82.65791848878177,0.000586029411764706,4535.4694413340185,22.03529704208355,38.535018199917786,0.07631672551892632,0.07631672551892632,0.33878874038573153,0.33878874038573153,0.33878874038573153,0.33878874038573153,0.13375000000000004,3.0,0.001,0.4131184663865728,0.1,2.0,0.3596285916227483,0.3596285916227483,-19.600975782281015,-19.600975782281015,-33.78674562878175,1.7525647109535698
BAT_0039,NMC_622,lithium_plating,350,81.26729949435384,0.0005926470588235295,2138.371355237241,27.981138543498435,38.839069995969346,0.0649231774532221,0.0649231774532221,0.2880006855252298,0.2880006855252298,0.2880006855252298,0.2880006855252298,0.13750000000000004,3.0,0.001,0.3372265134794744,0.1,2.0,0.3081027957177022,0.3081027957177022,-20.8113708210113,-20.8113708210113,-31.357138170289495,2.1178877158172114
BAT_0039,NMC_622,lithium_plating,375,79.87364282221796,0.0005992647058823531,0.0,31.100200982706824,42.393500824958565,0.05965270099711468,0.05965270099711468,0.307235020915282,0.307235020915282,0.307235020915282,0.307235020915282,0.14125000000000004,3.0,0.001,0.3573610642632211,0.1,2.0,0.3239389929157271,0.3239389929157271,-18.47991615882035,-18.47991615882035,-36.91955878518884,2.367872663583701
BAT_0039,NMC_622,lithium_plating,400,78.47791477914093,0.0006058823529411766,0.0,28.038127207143333,32.702873419716106,0.06879005973273633,0.06879005973273633,0.3173747469789379,0.3173747469789379,0.3173747469789379,0.3173747469789379,0.14500000000000005,3.0,0.001,0.38174812360009364,0.1,2.0,0.33789885856502344,0.33789885856502344,-20.072414528223995,-20.072414528223995,-31.7599841230328,2.1078626848610855
BAT_0039,NMC_622,lithium_plating,425,77.08106698280844,0.0006125,0.0,30.6485520113287,30.0,0.06540882603095408,0.06540882603095408,0.33110781709758275,0.33110781709758275,0.33110781709758275,0.33110781709758275,0.14875000000000005,3.0,0.001,0.37882680373608196,0.1,2.0,0.3517166946125122,0.3517166946125122,-19.711155824130543,-19.711155824130543,-32.50901918750852,2.274157923727382
BAT_0039,NMC_622,lithium_plating,450,75.68403537032825,0.0006191176470588236,0.0,27.44105549472218,30.0,0.07618031140535785,0.07618031140535785,0.33909772724480974,0.33909772724480974,0.33909772724480974,0.33909772724480974,0.15250000000000005,3.0,0.001,0.39618477154455256,0.1,1.0,0.36802584375679337,0.36802584375679337,-22.86889667465915,-22.86889667465915,-35.10533379744238,2.001829569697382
BAT_0039,NMC_622,lithium_plating,475,74.28773924992254,0.0006257352941176472,0.0,26.402840636277872,30.0,0.08014907630116838,0.08014907630116838,0.3485510360990897,0.3485510360990897,0.3485510360990897,0.3485510360990897,0.15625000000000006,3.0,0.001,0.4204325640890699,0.1,2.0,0.37719221473336795,0.37719221473336795,-22.471852831998344,-22.471852831998344,-32.191405255811816,1.9494922113996005
BAT_0039,NMC_622,lithium_plating,500,72.89308039690631,0.0006323529411764707,0.0,23.431562765962116,30.0,0.08868490199502056,0.08868490199502056,0.39202714907578745,0.39202714907578745,0.39202714907578745,0.39202714907578745,0.16000000000000006,3.0,0.001,0.483847906548062,0.1,1.0,0.428025053368507,0.428025053368507,-23.666468567299013,-23.666468567299013,-33.30433936295165,1.804140235831615
BAT_0040,NMC_622,SEI_growth,0,100.0,0.0,66666.66666666667,22.199824031265063,53.802256299287585,0.038728309509267915,0.038728309509267915,0.15483906662075117,0.15483906662075117,0.15483906662075117,0.15483906662075117,0.085,1.8724110951987685,0.001,0.18004988173314157,1.0,2.0,0.1564750847427385,0.1564750847427385,-8.29255213235831,-8.29255213235831,-35.389954805210735,2.1947769235747043
BAT_0040,NMC_622,SEI_growth,25,99.07361906437536,0.0003722794117647058,51234.68680140332,27.440230117122898,40.69052106125267,0.033561855762799596,0.033561855762799596,0.14285109454781156,0.14285109454781156,0.14285109454781156,0.14285109454781156,0.0925,0.8602969896859207,0.001,0.15737718917269677,2.0,2.0,0.14454347579643428,0.14454347579643428,-8.776313764956551,-8.776313764956551,-36.71195841194144,2.7561050453750005
BAT_0040,NMC_622,SEI_growth,50,98.04653812831243,0.00039455882352941175,45738.52376911091,29.12062272494281,61.717076044412636,0.03298461272443749,0.03298461272443749,0.1241284938073145,0.1241284938073145,0.1241284938073145,0.1241284938073145,0.1,0.7957747154594768,0.001,0.13455889801099108,2.0,2.0,0.12569028686867098,0.12569028686867098,-9.041682361989896,-9.041682361989896,-35.360509212214616,3.0317166624155165
BAT_0040,NMC_622,SEI_growth,75,96.92207628054058,0.00041683823529411774,40596.26696337129,30.864439482991376,50.928892126299274,0.03263586721122939,0.03263586721122939,0.12491828905261636,0.12491828905261636,0.12491828905261636,0.12491828905261636,0.10750000000000001,0.7402555492646294,0.001,0.1503529297161167,2.0,2.0,0.1263666349019795,0.1263666349019795,-8.68306871453431,-8.68306871453431,-36.60205079671362,3.2939219694769224
BAT_0040,NMC_622,SEI_growth,100,95.70383983122177,0.00043911764705882356,35762.26083466445,30.832754983481365,48.705091678354705,0.033262796049060385,0.033262796049060385,0.12917266548603873,0.12917266548603873,0.12917266548603873,0.12917266548603873,0.11500000000000002,1.3839560268860462,0.001,0.14756717391673113,1.0,2.0,0.13050643440526186,0.13050643440526186,-8.198464711569429,-8.198464711569429,-34.667156899145255,3.457316090637202
BAT_0040,NMC_622,SEI_growth,125,94.395703055459,0.00046139705882352944,31200.248853265708,24.10094409189943,74.86982933982011,0.04204766495302782,0.04204766495302782,0.1886821704463906,0.1886821704463906,0.1886821704463906,0.1886821704463906,0.12250000000000003,1.2992240252399616,0.001,0.22719439292248095,1.0,2.0,0.1909666401427128,0.1909666401427128,-8.87126338017484,-8.87126338017484,-37.72049933789996,2.913360352753165
BAT_0040,NMC_622,SEI_growth,150,93.00178768611543,0.0004836764705882353,26881.166392698375,23.929085562273414,71.0335646000137,0.044163696746082545,0.044163696746082545,0.1944907086461708,0.1944907086461708,0.1944907086461708,0.1944907086461708,0.13000000000000003,1.2242687930145792,0.001,0.23896880170309104,1.0,2.0,0.19686243595836403,0.19686243595836403,-8.90277843412775,-8.90277843412775,-38.11021416938149,2.943594163944879
BAT_0040,NMC_622,SEI_growth,175,91.52644130769522,0.0005059558823529412,22781.51457413966,19.961503470268337,80.0,0.05133785914140641,0.05133785914140641,0.2498598582872459,0.2498598582872459,0.2498598582872459,0.2498598582872459,0.13750000000000004,1.157490495213784,0.001,0.2956660488972286,1.0,2.0,0.25250375204363623,0.25250375204363623,-8.29861065177196,-8.29861065177196,-37.04516721249216,2.678335292893034
BAT_0040,NMC_622,SEI_growth,200,89.9742148095482,0.0005282352941176472,18882.14384881062,23.818767355110086,70.64759856557686,0.04657578642508233,0.04657578642508233,0.20885007635791894,0.20885007635791894,0.20885007635791894,0.20885007635791894,0.14500000000000005,1.0976202971854847,0.001,0.25592814034958383,1.0,2.0,0.21140986902529044,0.21140986902529044,-8.925171774606468,-8.925171774606468,-39.6077640424028,3.113205618830165
BAT_0040,NMC_622,SEI_growth,225,88.34983906168556,0.0005505147058823531,15167.331539858895,17.366271746955164,62.87846308669938,0.05958186742059491,0.05958186742059491,0.2873573337535915,0.2873573337535915,0.2873573337535915,0.2873573337535915,0.15250000000000005,1.0436389710943954,0.001,0.3570689492227663,1.0,2.0,0.2900650056066963,0.2900650056066963,-7.834772508806646,-7.834772508806646,-38.53553212239634,2.5595035302181097
BAT_0040,NMC_622,SEI_growth,250,86.65820098000071,0.0005727941176470589,11624.07359794733,19.822679129971696,77.82473614332575,0.056366883116560705,0.056366883116560705,0.2820566848473959,0.2820566848473959,0.2820566848473959,0.2820566848473959,0.16000000000000006,0.9947183943243456,0.001,0.3403082687908533,1.0,2.0,0.2848310945761557,0.2848310945761557,-8.003544858512441,-8.003544858512441,-40.28935781599634,2.838546166711704
BAT_0040,NMC_622,SEI_growth,275,84.90431914967,0.0005950735294117649,8241.534713395775,22.839634094605156,63.12268428611494,0.05269678613526351,0.05269678613526351,0.23514811594833918,0.23514811594833918,0.23514811594833918,0.23514811594833918,0.16750000000000007,0.950178764727733,0.001,0.29681870441780067,1.0,2.0,0.2372859604472621,0.2372859604472621,-7.696907586395582,-7.696907586395582,-37.88848308764664,3.1785619633435824
BAT_0040,NMC_622,SEI_growth,300,83.09331917596523,0.0006173529411764708,5010.617054922246,25.246820158656845,55.4802364684706,0.04978904025006864,0.04978904025006864,0.24298170556871068,0.24298170556871068,0.24298170556871068,0.24298170556871068,0.17500000000000007,0.909456817667973,0.001,0.2826383933689853,1.0,2.0,0.2449723447762821,0.2449723447762821,-7.309201008653242,-7.309201008653242,-36.64684325641893,3.514829752111135
BAT_0040,NMC_622,SEI_growth,325,81.23040893066683,0.0006396323529411767,1923.6189742578258,24.58993930242483,55.14404565374772,0.05221508374017959,0.05221508374017959,0.23288396209378948,0.23288396209378948,0.23288396209378948,0.23288396209378948,0.18250000000000008,0.8720818799555906,0.001,0.2671314116763367,1.0,2.0,0.23511807762139736,0.23511807762139736,-7.9048189203533115,-7.9048189203533115,-39.472602110131234,3.4951586194539805
BAT_0040,NMC_622,SEI_growth,350,79.32085385976193,0.0006619117647058825,0.0,30.866874492098972,45.63291391470769,0.043696796700026894,0.043696796700026894,0.21711375120590098,0.21711375120590098,0.21711375120590098,0.21711375120590098,0.19000000000000009,0.8376575952205014,0.001,0.24775770760009236,1.0,2.0,0.2185024429541455,0.2185024429541455,-6.463127014213539,-6.463127014213539,-37.425705697312466,4.348144814923771
BAT_0040,NMC_622,SEI_growth,375,77.36995251419701,0.0006841911764705885,0.0,30.30789188237433,55.73130465288945,0.04594035774087694,0.04594035774087694,0.23308533656855462,0.23308533656855462,0.23308533656855462,0.23308533656855462,0.1975000000000001,0.8058478131235204,0.001,0.2795837558241524,1.0,2.0,0.23437496459462956,0.23437496459462956,-6.013309981918511,-6.013309981918511,-36.79200758520707,4.2990522867493475
BAT_0040,NMC_622,SEI_growth,400,75.38301246020157,0.0007064705882352944,0.0,31.251780465574313,32.59292500031289,0.04549376067586919,0.04549376067586919,0.2477452103119953,0.2477452103119953,0.2477452103119953,0.2477452103119953,0.2050000000000001,0.5,0.001,0.27896166094578734,2.0,5.0,0.24875423951760103,0.24875423951760103,-5.162394219405874,-5.162394219405874,-38.861747542803755,4.50611241969135
BAT_0040,NMC_622,SEI_growth,425,73.36532671918471,0.0007287500000000003,0.0,31.480356299156707,36.504838071097744,0.04613225111277661,0.04613225111277661,0.2440075274092579,0.2440075274092579,0.2440075274092579,0.2440075274092579,0.2125000000000001,0.5,0.001,0.253464211608383,2.0,2.0,0.24522029766767026,0.24522029766767026,-5.7006954817850435,-5.7006954817850435,-39.041928211415744,4.6063219304107825
BAT_0040,NMC_622,SEI_growth,450,71.32215087952774,0.000751029411764706,0.0,26.729880799274646,30.0,0.05342144484953158,0.05342144484953158,0.28086420932362494,0.28086420932362494,0.28086420932362494,0.28086420932362494,0.2200000000000001,0.7234315595086148,0.001,0.32333802472902784,1.0,2.0,0.2822559815497225,0.2822559815497225,-5.692181666495817,-5.692181666495817,-38.833211696219614,4.118196365142474
BAT_0040,NMC_622,SEI_growth,475,69.3821579784337,0.0007695588235294121,0.0,23.804906265044778,30.0,0.06094418647545698,0.06094418647545698,0.3371871125642889,0.3371871125642889,0.3371871125642889,0.3371871125642889,0.22750000000000012,0.6995821674369022,0.001,0.39517641862453123,1.0,5.0,0.3391968799079287,0.3391968799079287,-6.240210895199787,-6.240210895199787,-41.306067500866696,3.7329237316444837
BAT_0040,NMC_622,SEI_growth,500,67.43243059824587,0.0007880882352941179,0.0,23.067046793151498,30.0,0.06271547140720332,0.06271547140720332,0.3487157793732994,0.3487157793732994,0.3487157793732994,0.3487157793732994,0.23500000000000013,0.6772550769867883,0.001,0.40911933002038814,1.0,2.0,0.35072048127334055,0.35072048127334055,-6.128991956522023,-6.128991956522023,-38.87443029050316,3.747081776268187
BAT_0041,NMC_622,SEI_growth,0,100.0,0.0,66666.66666666667,22.404317800185336,37.003214476696336,0.038869739737286156,0.038869739737286156,0.1633973512542112,0.1633973512542112,0.1633973512542112,0.1633973512542112,0.085,1.8724110951987685,0.001,0.18681816936857232,1.0,2.0,0.16523542692434923,0.16523542692434923,-8.554037580261694,-8.554037580261694,-34.03829741654773,2.186791076413176
BAT_0041,NMC_622,SEI_growth,25,99.07361906437536,0.0003722794117647058,51234.68680140332,26.2427253212266,61.30833357964565,0.03505358233194531,0.03505358233194531,0.1509683043373881,0.1509683043373881,0.1509683043373881,0.1509683043373881,0.0925,1.7205939793718414,0.001,0.17663913985813104,1.0,2.0,0.15254322154119979,0.15254322154119979,-8.240326098126808,-8.240326098126808,-36.437312416825506,2.638817314705726
BAT_0041,NMC_622,SEI_growth,50,98.04653812831243,0.00039455882352941175,45738.52376911091,29.82972791744819,75.4525571378031,0.031524075587359125,0.031524075587359125,0.12246678587406942,0.12246678587406942,0.12246678587406942,0.12246678587406942,0.1,1.5915494309189535,0.001,0.1426576662140184,1.0,2.0,0.12395077908790131,0.12395077908790131,-8.874894693066976,-8.874894693066976,-37.120447925939764,3.172178664617183
BAT_0041,NMC_622,SEI_growth,75,96.92207628054058,0.00041683823529411774,40596.26696337129,28.8653936402931,68.38617650811344,0.034447605411779984,0.034447605411779984,0.14122224875304767,0.14122224875304767,0.14122224875304767,0.14122224875304767,0.10750000000000001,0.7402555492646294,0.001,0.16393772858944827,2.0,2.0,0.1426771966935924,0.1426771966935924,-8.189432816665885,-8.189432816665885,-38.27824393912125,3.120681356946757
BAT_0041,NMC_622,SEI_growth,100,95.70383983122177,0.00043911764705882356,35762.26083466445,24.458177893271063,80.0,0.040514901612640486,0.040514901612640486,0.1853553528940243,0.1853553528940243,0.1853553528940243,0.1853553528940243,0.11500000000000002,1.3839560268860462,0.001,0.22387861883537483,1.0,2.0,0.18751697989589147,0.18751697989589147,-8.708147813018401,-8.708147813018401,-37.11037654458991,2.8384617862214054
BAT_0041,NMC_622,SEI_growth,125,94.395703055459,0.00046139705882352944,31200.248853265708,27.536902705451503,80.0,0.038174504112524495,0.038174504112524495,0.15393724607191045,0.15393724607191045,0.15393724607191045,0.15393724607191045,0.12250000000000003,1.2992240252399616,0.001,0.19828267976988398,1.0,2.0,0.15567286009261938,0.15567286009261938,-8.563712523225847,-8.563712523225847,-36.57825265607814,3.2089480360744114
BAT_0041,NMC_622,SEI_growth,150,93.00178768611543,0.0004836764705882353,26881.166392698375,27.560655216370744,73.44623022818206,0.03931536521376754,0.03931536521376754,0.1869220958945755,0.1869220958945755,0.1869220958945755,0.1869220958945755,0.13000000000000003,1.2242687930145792,0.001,0.21148494793466002,1.0,2.0,0.18843406282373024,0.18843406282373024,-7.263064337683916,-7.263064337683916,-36.470843974272974,3.306595253361053
BAT_0041,NMC_622,SEI_growth,175,91.52644130769522,0.0005059558823529412,22781.51457413966,25.359330256592862,80.0,0.043424180154091434,0.043424180154091434,0.1820773353016966,0.1820773353016966,0.1820773353016966,0.1820773353016966,0.13750000000000004,1.157490495213784,0.001,0.21929799645955994,1.0,2.0,0.1843803813479251,0.1843803813479251,-9.065352162723041,-9.065352162723041,-38.95207504018734,3.1664385950887035
BAT_0041,NMC_622,SEI_growth,200,89.9742148095482,0.0005282352941176472,18882.14384881062,21.431542835775655,77.48528820834551,0.050484521331959506,0.050484521331959506,0.23024532014835383,0.23024532014835383,0.23024532014835383,0.23024532014835383,0.14500000000000005,1.0976202971854847,0.001,0.28196240190267485,1.0,2.0,0.2326869555605134,0.2326869555605134,-8.307541396959861,-8.307541396959861,-36.01159371379577,2.872167471818872
BAT_0041,NMC_622,SEI_growth,225,88.34983906168556,0.0005505147058823531,15167.331539858895,23.08266053909284,73.28426701428539,0.049338658182267556,0.049338658182267556,0.2241834788607962,0.2241834788607962,0.2241834788607962,0.2241834788607962,0.15250000000000005,1.0436389710943954,0.001,0.26463635713488004,1.0,2.0,0.2267106530820748,0.2267106530820748,-8.562952066242548,-8.562952066242548,-40.084466599821084,3.090882598319404
BAT_0041,NMC_622,SEI_growth,250,86.65820098000071,0.0005727941176470589,11624.07359794733,23.498481467930393,50.654186409949375,0.049462183229286874,0.049462183229286874,0.24410729339086715,0.24410729339086715,0.24410729339086715,0.24410729339086715,0.16000000000000006,0.9947183943243456,0.001,0.2994859705425778,1.0,2.0,0.2462786608300835,0.2462786608300835,-7.613958466890152,-7.613958466890152,-37.71868209163189,3.2347945350148444
BAT_0041,NMC_622,SEI_growth,275,84.90431914967,0.0005950735294117649,8241.534713395775,22.050148095031926,61.28547617325854,0.053304445349572196,0.053304445349572196,0.2428436971538701,0.2428436971538701,0.2428436971538701,0.2428436971538701,0.16750000000000007,0.950178764727733,0.001,0.29905013352713694,1.0,2.0,0.24591820087766347,0.24591820087766347,-9.06949934317482,-9.06949934317482,-39.63549943473649,3.1423270404847083
BAT_0041,NMC_622,SEI_growth,300,83.09331917596523,0.0006173529411764708,5010.617054922246,23.536334492742363,67.09790487241087,0.05162470681640351,0.05162470681640351,0.23194475338125284,0.23194475338125284,0.23194475338125284,0.23194475338125284,0.17500000000000007,0.909456817667973,0.001,0.3008562587128798,1.0,2.0,0.2346408062461631,0.2346408062461631,-8.69394285635642,-8.69394285635642,-40.09569170246662,3.389849759774222
BAT_0041,NMC_622,SEI_growth,325,81.23040893066683,0.0006396323529411767,1923.6189742578258,25.86899437316026,51.86650328670817,0.0494192105050261,0.0494192105050261,0.23762967737379648,0.23762967737379648,0.23762967737379648,0.23762967737379648,0.18250000000000008,0.8720818799555906,0.001,0.293797350806987,1.0,2.0,0.239351430186887,0.239351430186887,-6.876472327222136,-6.876472327222136,-40.29201618635501,3.6928959029290684
BAT_0041,NMC_622,SEI_growth,350,79.32085385976193,0.0006619117647058825,0.0,27.955732678246427,43.813664868075044,0.04742712552023798,0.04742712552023798,0.23398470255145312,0.23398470255145312,0.23398470255145312,0.23398470255145312,0.19000000000000009,0.5,0.001,0.2822646242991569,2.0,2.0,0.23549853006302307,0.23549853006302307,-6.500019283344954,-6.500019283344954,-41.76995881220624,4.006146227835878
BAT_0041,NMC_622,SEI_growth,375,77.36995251419701,0.0006841911764705885,0.0,29.14916609694955,30.0,0.0468197854436303,0.0468197854436303,0.24071799191367915,0.24071799191367915,0.24071799191367915,0.24071799191367915,0.1975000000000001,0.8058478131235204,0.001,0.28235263863997095,1.0,5.0,0.2419209189343121,0.2419209189343121,-5.7161113463546425,-5.7161113463546425,-38.746633894857766,4.218302115839136
BAT_0041,NMC_622,SEI_growth,400,75.38301246020157,0.0007064705882352944,0.0,34.83738916335932,30.0,0.04092222677455156,0.04092222677455156,0.21031955220688323,0.21031955220688323,0.21031955220688323,0.21031955220688323,0.2050000000000001,0.5,0.001,0.23593015016396227,2.0,5.0,0.2113343086809445,0.2113343086809445,-5.6170394373933865,-5.6170394373933865,-39.74610102651963,5.0095025651801555
BAT_0041,NMC_622,SEI_growth,425,73.36532671918471,0.0007287500000000003,0.0,31.081019159017345,39.17996272235916,0.04624591190716733,0.04624591190716733,0.24421198000135727,0.24421198000135727,0.24421198000135727,0.24421198000135727,0.2125000000000001,0.5,0.001,0.28408795247885077,2.0,5.0,0.24542930725814902,0.24542930725814902,-5.7089700432399875,-5.7089700432399875,-40.39358207412129,4.5950007522084615
BAT_0041,NMC_622,SEI_growth,450,71.32215087952774,0.000751029411764706,0.0,26.4426694845395,30.0,0.055519818418540944,0.055519818418540944,0.28670467126353555,0.28670467126353555,0.28670467126353555,0.28670467126353555,0.2200000000000001,0.7234315595086148,0.001,0.3336115110391851,1.0,5.0,0.2880481893270177,0.2880481893270177,-5.535995882022551,-5.535995882022551,-39.0168457098354,3.962548982806664
BAT_0041,NMC_622,SEI_growth,475,69.3821579784337,0.0007695588235294121,0.0,24.579548496561575,30.0,0.05928254569474822,0.05928254569474822,0.31231073138412035,0.31231073138412035,0.31231073138412035,0.31231073138412035,0.22750000000000012,0.6995821674369022,0.001,0.37355779947716117,1.0,2.0,0.3142152154772601,0.3142152154772601,-6.3114958558910255,-6.3114958558910255,-36.294608434152586,3.837554499960586
BAT_0041,NMC_622,SEI_growth,500,67.43243059824587,0.0007880882352941179,0.0,23.387646247419603,33.799776735571676,0.06396897070168352,0.06396897070168352,0.3294437600555756,0.3294437600555756,0.3294437600555756,0.3294437600555756,0.23500000000000013,0.6772550769867883,0.001,0.39775408080115005,1.0,2.0,0.3317483640675803,0.3317483640675803,-6.757454459541195,-6.757454459541195,-39.67685598783654,3.6736561089268154
BAT_0042,NMC_622,lithium_plating,0,100.0,0.0,66666.66666666667,23.622065374387127,56.946768411108685,0.035941278237698555,0.035941278237698555,0.1373485149606385,0.1373485149606385,0.1373485149606385,0.1373485149606385,0.085,1.8724110951987685,0.001,0.1606856682487042,1.0,2.0,0.13941200046463886,0.13941200046463886,-9.870187436323375,-9.870187436323375,-33.97566554891105,2.364968753694578
BAT_0042,NMC_622,lithium_plating,25,98.7414427975355,0.0005066176470588235,36993.268802102,24.826557470535267,71.49269775310685,0.038077492971797994,0.038077492971797994,0.15211873164343928,0.15211873164343928,0.15211873164343928,0.15211873164343928,0.08875000000000001,1.7932951334298064,0.001,0.1655799359188822,1.0,2.0,0.15465918485179947,0.15465918485179947,-10.399241218197682,-10.399241218197682,-31.231560751344595,2.330773196274568
BAT_0042,NMC_622,lithium_plating,50,97.46646998641208,0.0005132352941176471,34032.09051793757,29.202210918741898,73.09603509199394,0.035286834323270316,0.035286834323270316,0.14410873352187148,0.14410873352187148,0.14410873352187148,0.14410873352187148,0.09250000000000001,1.7205939793718414,0.001,0.16993766265780963,1.0,2.0,0.14745577480455274,0.14745577480455274,-12.23100664845037,-12.23100664845037,-32.55296173422347,2.6213742823339583
BAT_0042,NMC_622,lithium_plating,75,96.17613167494507,0.0005198529411764706,31116.74551333139,25.078959460781416,74.04971629331392,0.042759698380456394,0.042759698380456394,0.17612979226594183,0.17612979226594183,0.17612979226594183,0.17612979226594183,0.09625000000000002,1.6535578503054058,0.001,0.20442020784518133,1.0,2.0,0.18087133047801957,0.18087133047801957,-13.14818287090332,-13.14818287090332,-31.904166529572382,2.2509513314058296
BAT_0042,NMC_622,lithium_plating,100,94.8714793915246,0.0005264705882352942,28247.502754851197,27.760421088281053,80.0,0.041588755085510624,0.041588755085510624,0.18293785165925067,0.18293785165925067,0.18293785165925067,0.18293785165925067,0.10000000000000002,1.591549430918953,0.001,0.20400605729998383,1.0,2.0,0.1899576091162613,0.1899576091162613,-15.624887991780458,-15.624887991780458,-34.950267493753046,2.404496114259493
BAT_0042,NMC_622,lithium_plating,125,93.55356468366381,0.0005330882352941177,25424.617889355555,27.973987276350346,76.50860047158166,0.04394711511556017,0.04394711511556017,0.19093850087764774,0.19093850087764774,0.19093850087764774,0.19093850087764774,0.10375000000000002,1.5340235478736899,0.001,0.22101786758793265,1.0,2.0,0.19732299033057477,0.19732299033057477,-14.614698734461909,-14.614698734461909,-32.38455156915672,2.3607920503356477
BAT_0042,NMC_622,lithium_plating,150,92.22343773578838,0.0005397058823529412,22648.331499553402,23.50080231219638,80.0,0.053102641252796165,0.053102641252796165,0.20495352911785658,0.20495352911785658,0.20495352911785658,0.20495352911785658,0.10750000000000003,2.9610221970585173,0.001,0.254559067679624,0.5,2.0,0.2174003229537847,0.2174003229537847,-19.481860770381783,-19.481860770381783,-32.513428705688696,2.0243814142547856
BAT_0042,NMC_622,lithium_plating,175,90.88214600823837,0.0005463235294117648,19918.867525173857,24.83501886312856,80.0,0.05305171890493473,0.05305171890493473,0.22176929081136953,0.22176929081136953,0.22176929081136953,0.22176929081136953,0.11125000000000003,1.4306062300395084,0.001,0.26939982924290756,1.0,2.0,0.23404000215709939,0.23404000215709939,-18.635603637850824,-18.635603637850824,-32.29053502297005,2.0970102815962077
BAT_0042,NMC_622,lithium_plating,200,89.53073289986907,0.0005529411764705883,17236.431840188732,19.210821992258925,80.0,0.066468596002039,0.066468596002039,0.27693034278734563,0.27693034278734563,0.27693034278734563,0.27693034278734563,0.11500000000000003,2.767912053772092,0.001,0.3392550734492003,0.5,1.0,0.29845218189132977,0.29845218189132977,-21.89197528293136,-21.89197528293136,-33.735547581843086,1.7301403507375466
BAT_0042,NMC_622,lithium_plating,225,88.17023643655152,0.0005595588235294118,14601.210977279981,23.130537687749605,71.565114315319,0.061083972071700104,0.061083972071700104,0.27986907694205654,0.27986907694205654,0.27986907694205654,0.27986907694205654,0.11875000000000004,2.6805043047056047,0.001,0.3413612062160276,0.5,2.0,0.2942959869197705,0.2942959869197705,-18.014509516493668,-18.014509516493668,-31.970355727996964,1.9440451557507066
BAT_0042,NMC_622,lithium_plating,250,86.80168798777922,0.0005661764705882354,12013.370991402253,20.059838867659103,67.87637261886795,0.07128195740324886,0.07128195740324886,0.31941778885301464,0.31941778885301464,0.31941778885301464,0.31941778885301464,0.12250000000000004,3.0,0.001,0.38068255074357277,0.1,2.0,0.3419213258179774,0.3419213258179774,-20.903120463094186,-20.903120463094186,-32.71103791533771,1.7185274431649766
BAT_0042,NMC_622,lithium_plating,275,85.4261110134916,0.0005727941176470589,9473.05645487623,22.126869064475596,65.77447442001937,0.06921831222712968,0.06921831222712968,0.3088166158109532,0.3088166158109532,0.3088166158109532,0.3088166158109532,0.12625000000000003,3.0,0.001,0.3853827282510652,0.2,2.0,0.3252911261768712,0.3252911261768712,-18.312935246798663,-18.312935246798663,-35.999709040689964,1.8239393007117723
BAT_0042,NMC_622,lithium_plating,300,84.0445198431231,0.0005794117647058823,6980.389576963722,22.105063445800525,44.01415455017991,0.07105085949560694,0.07105085949560694,0.3169325580857837,0.3169325580857837,0.3169325580857837,0.3169325580857837,0.13000000000000003,3.0,0.001,0.3734602269532045,0.1,1.0,0.33938434907392984,0.33938434907392984,-20.957574039756157,-20.957574039756157,-33.29554675296716,1.8296752625214605
BAT_0042,NMC_622,lithium_plating,325,82.65791848878177,0.000586029411764706,4535.4694413340185,30.397728518810574,33.25197869129478,0.05729361148966549,0.05729361148966549,0.26508709402763436,0.26508709402763436,0.26508709402763436,0.26508709402763436,0.13375000000000004,3.0,0.001,0.32018856370187887,0.1,2.0,0.28148036169073964,0.28148036169073964,-19.650652471277194,-19.650652471277194,-34.37742241102531,2.3344662087521852
BAT_0042,NMC_622,lithium_plating,350,81.26729949435384,0.0005926470588235295,2138.371355237241,27.35545073782348,30.810044160986568,0.06592106924152065,0.06592106924152065,0.2975304016566175,0.2975304016566175,0.2975304016566175,0.2975304016566175,0.13750000000000004,3.0,0.001,0.33931748620328744,0.1,1.0,0.323295796475627,0.323295796475627,-23.02944070799827,-23.02944070799827,-33.399799531646345,2.0858278177532217
BAT_0042,NMC_622,lithium_plating,375,79.87364282221796,0.0005992647058823531,0.0,27.530169772757013,37.07349257513167,0.06637455636230519,0.06637455636230519,0.29074322118247004,0.29074322118247004,0.29074322118247004,0.29074322118247004,0.14125000000000004,3.0,0.001,0.3382516927469642,0.1,2.0,0.3142303373273787,0.3142303373273787,-22.293147110849507,-22.293147110849507,-31.88476656184784,2.1280744872928055
BAT_0042,NMC_622,lithium_plating,400,78.47791477914093,0.0006058823529411766,0.0,30.56549357203561,31.250162766755203,0.06313902741455357,0.06313902741455357,0.28405249243913794,0.28405249243913794,0.28405249243913794,0.28405249243913794,0.14500000000000005,3.0,0.001,0.3565605752720308,0.1,2.0,0.30346905559698295,0.30346905559698295,-20.606766082028223,-20.606766082028223,-31.44850963897721,2.296519378544901
BAT_0042,NMC_622,lithium_plating,425,77.08106698280844,0.0006125,0.0,27.985818917541053,30.0,0.0698998747277916,0.0698998747277916,0.33333913552518735,0.33333913552518735,0.33333913552518735,0.33333913552518735,0.14875000000000005,3.0,0.001,0.41114420625979237,0.2,2.0,0.35371855270423896,0.35371855270423896,-19.54393997656839,-19.54393997656839,-32.15534107728908,2.128043871026543
BAT_0042,NMC_622,lithium_plating,450,75.68403537032825,0.0006191176470588236,0.0,27.319091014249334,30.0,0.07430497795489337,0.07430497795489337,0.3259465603534435,0.3259465603534435,0.3259465603534435,0.3259465603534435,0.15250000000000005,3.0,0.001,0.3876756356061826,0.1,2.0,0.35350398487974755,0.35350398487974755,-22.773106890506497,-22.773106890506497,-33.30401091956934,2.0523524021846122
BAT_0042,NMC_622,lithium_plating,475,74.28773924992254,0.0006257352941176472,0.0,28.884958594746465,30.0,0.07324619221408672,0.07324619221408672,0.32360271708277005,0.32360271708277005,0.32360271708277005,0.32360271708277005,0.15625000000000006,3.0,0.001,0.38566956075109377,0.1,1.0,0.3505413324882598,0.3505413324882598,-22.608769638446187,-22.608769638446187,-29.43922361540627,2.133216693958734
BAT_0042,NMC_622,lithium_plating,500,72.89308039690631,0.0006323529411764707,0.0,20.459564413383063,30.0,0.09757890435924303,0.09757890435924303,0.41530002592874404,0.41530002592874404,0.41530002592874404,0.41530002592874404,0.16000000000000006,3.0,0.001,0.5334049274945908,0.1,1.0,0.4590901412007301,0.4590901412007301,-25.22846221892124,-25.22846221892124,-34.721219270311416,1.6396986730958747
BAT_0043,NMC_622,SEI_growth,0,100.0,0.0,66666.66666666667,26.565496142459708,48.98622688650242,0.03373187317811723,0.03373187317811723,0.12442809494792224,0.12442809494792224,0.12442809494792224,0.12442809494792224,0.085,0.9362055475993842,0.001,0.14412466053026857,2.0,2.0,0.12604559983011404,0.12604559983011404,-9.188870118295975,-9.188870118295975,-35.40669157940809,2.5198719190946615
BAT_0043,NMC_622,SEI_growth,25,99.07361906437536,0.0003722794117647058,51234.68680140332,31.96000298337487,64.01196611237775,0.029252673801311243,0.029252673801311243,0.1127164591064064,0.1127164591064064,0.1127164591064064,0.1127164591064064,0.0925,0.8602969896859207,0.001,0.1283357893163577,2.0,2.0,0.11407966767871226,0.11407966767871226,-8.866415561676092,-8.866415561676092,-33.64360573721898,3.1621041080987857
BAT_0043,NMC_622,SEI_growth,50,98.04653812831243,0.00039455882352941175,45738.52376911091,28.785127132609762,76.57777859010478,0.032802944841765255,0.032802944841765255,0.1309328460112794,0.1309328460112794,0.1309328460112794,0.1309328460112794,0.1,1.5915494309189535,0.001,0.1527378727693173,1.0,2.0,0.13265261202135123,0.13265261202135123,-9.236017041252593,-9.236017041252593,-33.15039699906843,3.0485067874966623
BAT_0043,NMC_622,SEI_growth,75,96.92207628054058,0.00041683823529411774,40596.26696337129,33.17704252599377,77.94910985361155,0.029501391248881462,0.029501391248881462,0.13142651215729795,0.13142651215729795,0.13142651215729795,0.13142651215729795,0.10750000000000001,0.7402555492646294,0.001,0.15169803507253507,2.0,2.0,0.1326788915238111,0.1326788915238111,-7.878560471403303,-7.878560471403303,-33.14580801359121,3.6438959469098204
BAT_0043,NMC_622,SEI_growth,100,95.70383983122177,0.00043911764705882356,35762.26083466445,29.332927616820477,62.828966690504,0.03452688060426655,0.03452688060426655,0.15632680942428978,0.15632680942428978,0.15632680942428978,0.15632680942428978,0.11500000000000002,1.3839560268860462,0.001,0.17336444880654645,1.0,2.0,0.1577341851649274,0.1577341851649274,-7.659548864445974,-7.659548864445974,-34.61928619834699,3.3307381954971413
BAT_0043,NMC_622,SEI_growth,125,94.395703055459,0.00046139705882352944,31200.248853265708,26.10924735816044,63.240541439279376,0.04084913285974558,0.04084913285974558,0.16686857305306224,0.16686857305306224,0.16686857305306224,0.16686857305306224,0.12250000000000003,0.6496120126199808,0.001,0.21008650315382782,2.0,2.0,0.1687159779282331,0.1687159779282331,-8.486676547981569,-8.486676547981569,-38.06863618746685,2.998839667431878
BAT_0043,NMC_622,SEI_growth,150,93.00178768611543,0.0004836764705882353,26881.166392698375,23.28316364369921,71.78166561072487,0.04550917012850333,0.04550917012850333,0.19670171863519867,0.19670171863519867,0.19670171863519867,0.19670171863519867,0.13000000000000003,1.2242687930145792,0.001,0.250290299421729,1.0,2.0,0.1994105720834957,0.1994105720834957,-9.45473055736628,-9.45473055736628,-40.951874739720765,2.856567140928337
BAT_0043,NMC_622,SEI_growth,175,91.52644130769522,0.0005059558823529412,22781.51457413966,26.161801540873103,80.0,0.04241173882454708,0.04241173882454708,0.2011985462423225,0.2011985462423225,0.2011985462423225,0.2011985462423225,0.13750000000000004,1.157490495213784,0.001,0.23604543899310826,1.0,2.0,0.2030214714669873,0.2030214714669873,-7.683809130046377,-7.683809130046377,-42.51791166865807,3.242026943738929
BAT_0043,NMC_622,SEI_growth,200,89.9742148095482,0.0005282352941176472,18882.14384881062,25.06389787492694,80.0,0.04594601226334484,0.04594601226334484,0.2165552338497398,0.2165552338497398,0.2165552338497398,0.2165552338497398,0.14500000000000005,1.0976202971854847,0.001,0.26165443003419,1.0,2.0,0.2185989620518781,0.2185989620518781,-7.840867089829724,-7.840867089829724,-39.20351431134543,3.155877797814442
BAT_0043,NMC_622,SEI_growth,225,88.34983906168556,0.0005505147058823531,15167.331539858895,16.93174760881548,76.58867495583624,0.06109791632157527,0.06109791632157527,0.2819027518836223,0.2819027518836223,0.2819027518836223,0.2819027518836223,0.15250000000000005,1.0436389710943954,0.001,0.36381925961695927,1.0,1.0,0.2859353207080063,0.2859353207080063,-9.633993608749732,-9.633993608749732,-39.704863252022875,2.4959934672297215
BAT_0043,NMC_622,SEI_growth,250,86.65820098000071,0.0005727941176470589,11624.07359794733,18.635324626280255,46.92627520116882,0.05900100761088519,0.05900100761088519,0.2703072076148124,0.2703072076148124,0.2703072076148124,0.2703072076148124,0.16000000000000006,0.9947183943243456,0.001,0.34633118065390356,1.0,1.0,0.27355793180258314,0.27355793180258314,-8.841664686151159,-8.841664686151159,-38.761292994058586,2.7118180939418637
BAT_0043,NMC_622,SEI_growth,275,84.90431914967,0.0005950735294117649,8241.534713395775,25.787968516307824,55.008663156708984,0.04799890185033454,0.04799890185033454,0.22351333354425745,0.22351333354425745,0.22351333354425745,0.22351333354425745,0.16750000000000007,0.950178764727733,0.001,0.24995898974982,1.0,2.0,0.22542550538206257,0.22542550538206257,-7.468046845472975,-7.468046845472975,-38.63944060777235,3.48966317025923
BAT_0043,NMC_622,SEI_growth,300,83.09331917596523,0.0006173529411764708,5010.617054922246,26.325017236311474,46.41367952551742,0.048453378802718425,0.048453378802718425,0.22936391378587173,0.22936391378587173,0.22936391378587173,0.22936391378587173,0.17500000000000007,0.909456817667973,0.001,0.26509443408001165,1.0,2.0,0.23111518512343956,0.23111518512343956,-7.057887467083529,-7.057887467083529,-37.52084646350478,3.611719230407558
BAT_0043,NMC_622,SEI_growth,325,81.23040893066683,0.0006396323529411767,1923.6189742578258,26.32396317237922,46.308951484790974,0.04946013970931777,0.04946013970931777,0.24347252620293452,0.24347252620293452,0.24347252620293452,0.24347252620293452,0.18250000000000008,0.8720818799555906,0.001,0.27902417527762036,1.0,2.0,0.2451091551591389,0.2451091551591389,-6.624832913627479,-6.624832913627479,-42.81414420934547,3.6898399614835498
BAT_0043,NMC_622,SEI_growth,350,79.32085385976193,0.0006619117647058825,0.0,27.877888198157773,42.263187731288006,0.047734050798264885,0.047734050798264885,0.24836120291113112,0.24836120291113112,0.24836120291113112,0.24836120291113112,0.19000000000000009,0.8376575952205014,0.001,0.2839870264787453,1.0,2.0,0.24999205455021775,0.24999205455021775,-6.548142695902322,-6.548142695902322,-38.77267619262684,3.980387099410103
BAT_0043,NMC_622,SEI_growth,375,77.36995251419701,0.0006841911764705885,0.0,30.629368846055343,40.83767465632423,0.045073747856174455,0.045073747856174455,0.22163097143887575,0.22163097143887575,0.22163097143887575,0.22163097143887575,0.1975000000000001,0.5,0.001,0.2434189053397363,2.0,2.0,0.22315923027930554,0.22315923027930554,-6.709293966216447,-6.709293966216447,-38.75822021482457,4.381707965137526
BAT_0043,NMC_622,SEI_growth,400,75.38301246020157,0.0007064705882352944,0.0,28.74243253217917,30.0,0.048341808342243116,0.048341808342243116,0.24904863788490672,0.24904863788490672,0.24904863788490672,0.24904863788490672,0.2050000000000001,0.5,0.001,0.2801836667084797,2.0,2.0,0.2504387627282227,0.2504387627282227,-6.039692825065806,-6.039692825065806,-39.37211598043525,4.240635736021121
BAT_0043,NMC_622,SEI_growth,425,73.36532671918471,0.0007287500000000003,0.0,27.23481770478563,30.0,0.05265833400053477,0.05265833400053477,0.25884825426836816,0.25884825426836816,0.25884825426836816,0.25884825426836816,0.2125000000000001,0.5,0.001,0.3007986904341101,2.0,2.0,0.2604691170138332,0.2604691170138332,-6.395258472231334,-6.395258472231334,-41.58803822522025,4.035448595807115
BAT_0043,NMC_622,SEI_growth,450,71.32215087952774,0.000751029411764706,0.0,26.586968676630132,30.0,0.05555215693340913,0.05555215693340913,0.2835716761948717,0.2835716761948717,0.2835716761948717,0.2835716761948717,0.2200000000000001,0.5,0.001,0.3148812891063155,2.0,2.0,0.2849332610792316,0.2849332610792316,-5.603527556552811,-5.603527556552811,-40.23756761393763,3.9602422686074292
BAT_0043,NMC_622,SEI_growth,475,69.3821579784337,0.0007695588235294121,0.0,25.35850103579768,30.0,0.05813385122561691,0.05813385122561691,0.28652607008132275,0.28652607008132275,0.28652607008132275,0.28652607008132275,0.22750000000000012,0.6995821674369022,0.001,0.33614053941986044,1.0,2.0,0.2882445849280251,0.2882445849280251,-6.259645002369714,-6.259645002369714,-38.9844174699748,3.913382568051011
BAT_0043,NMC_622,SEI_growth,500,67.43243059824587,0.0007880882352941179,0.0,22.712865158528842,30.0,0.06362145053542051,0.06362145053542051,0.31290640020243693,0.31290640020243693,0.31290640020243693,0.31290640020243693,0.23500000000000013,0.6772550769867883,0.001,0.3770116994923539,1.0,2.0,0.315475451992626,0.315475451992626,-7.317056959797096,-7.317056959797096,-39.428588081031634,3.6937227620921123
BAT_0044,NMC_622,lithium_plating,0,100.0,0.0,66666.66666666667,28.02019239714356,68.26770000102191,0.03217991695097282,0.03217991695097282,0.1258185402746662,0.1258185402746662,0.1258185402746662,0.1258185402746662,0.085,1.8724110951987685,0.001,0.14860543369304827,1.0,2.0,0.12736694879065497,0.12736694879065497,-8.943201092726797,-8.943201092726797,-34.95732247458529,2.641398985879931
BAT_0044,NMC_622,lithium_plating,25,98.7414427975355,0.0005066176470588235,36993.268802102,30.21530563414386,54.52092495931673,0.03201622085219849,0.03201622085219849,0.1331328704549072,0.1331328704549072,0.1331328704549072,0.1331328704549072,0.08875000000000001,0.8966475667149032,0.001,0.14598323811682032,2.0,2.0,0.13515969446907408,0.13515969446907408,-9.934963216875287,-9.934963216875287,-31.57834805887821,2.7720323522788832
BAT_0044,NMC_622,lithium_plating,50,97.46646998641208,0.0005132352941176471,34032.09051793757,30.218994382616465,64.08395310344453,0.034120136902581505,0.034120136902581505,0.13135344719495856,0.13135344719495856,0.13135344719495856,0.13135344719495856,0.09250000000000001,0.8602969896859207,0.001,0.14287702186207274,2.0,2.0,0.13430379495177738,0.13430379495177738,-12.031737612015872,-12.031737612015872,-33.21159641682768,2.711009052047547
BAT_0044,NMC_622,lithium_plating,75,96.17613167494507,0.0005198529411764706,31116.74551333139,29.46318677155126,70.92156527696498,0.036449113409821335,0.036449113409821335,0.1498570749619642,0.1498570749619642,0.1498570749619642,0.1498570749619642,0.09625000000000002,1.6535578503054058,0.001,0.17601705347785926,1.0,2.0,0.15442618540831976,0.15442618540831976,-13.97235644029872,-13.97235644029872,-30.461982713939435,2.640667796711487
BAT_0044,NMC_622,lithium_plating,100,94.8714793915246,0.0005264705882352942,28247.502754851197,31.283736014255357,80.0,0.036849118645406846,0.036849118645406846,0.16043217325920892,0.16043217325920892,0.16043217325920892,0.16043217325920892,0.10000000000000002,1.591549430918953,0.001,0.19475643487245153,1.0,2.0,0.1647170724452789,0.1647170724452789,-13.097385680055586,-13.097385680055586,-33.63899039625073,2.7137691124252923
BAT_0044,NMC_622,lithium_plating,125,93.55356468366381,0.0005330882352941177,25424.617889355555,27.040770779241328,80.0,0.04422452420903134,0.04422452420903134,0.19945836914419687,0.19945836914419687,0.19945836914419687,0.19945836914419687,0.10375000000000002,1.5340235478736899,0.001,0.2438751685386314,1.0,2.0,0.2074793390095234,0.2074793390095234,-15.983533235099667,-15.983533235099667,-36.452945694925624,2.3459834075233
BAT_0044,NMC_622,lithium_plating,150,92.22343773578838,0.0005397058823529412,22648.331499553402,27.016758906001186,80.0,0.047029044727022774,0.047029044727022774,0.2095791535284104,0.2095791535284104,0.2095791535284104,0.2095791535284104,0.10750000000000003,1.4805110985292587,0.001,0.24415667012319098,1.0,2.0,0.21807375029459197,0.21807375029459197,-16.044539108000837,-16.044539108000837,-33.92812732440347,2.285821466797321
BAT_0044,NMC_622,lithium_plating,175,90.88214600823837,0.0005463235294117648,19918.867525173857,21.227384325652636,72.38476398764303,0.060219608500177005,0.060219608500177005,0.25532353065610325,0.25532353065610325,0.25532353065610325,0.25532353065610325,0.11125000000000003,2.8612124600790168,0.001,0.30897589692628863,0.5,2.0,0.27037753640985884,0.27037753640985884,-19.209422116667987,-19.209422116667987,-31.817091521977925,1.8474049030005406
BAT_0044,NMC_622,lithium_plating,200,89.53073289986907,0.0005529411764705883,17236.431840188732,22.202538093136177,64.51210881980285,0.060088506165206126,0.060088506165206126,0.27062982772396177,0.27062982772396177,0.27062982772396177,0.27062982772396177,0.11500000000000003,1.383956026886046,0.001,0.3298718910910888,1.0,1.0,0.2842477999580197,0.2842477999580197,-17.807157801343312,-17.807157801343312,-33.00943651001889,1.913843550775274
BAT_0044,NMC_622,lithium_plating,225,88.17023643655152,0.0005595588235294118,14601.210977279981,20.18397473811288,68.26482317172534,0.06718785087762502,0.06718785087762502,0.28002496216490796,0.28002496216490796,0.28002496216490796,0.28002496216490796,0.11875000000000004,2.6805043047056047,0.001,0.3194844209906438,0.5,2.0,0.2977369646174206,0.2977369646174206,-19.86240931219032,-19.86240931219032,-33.58933707988889,1.7674326302874246
BAT_0044,NMC_622,lithium_plating,250,86.80168798777922,0.0005661764705882354,12013.370991402253,20.603442433273973,69.6111808183153,0.06971344981764699,0.06971344981764699,0.31621842558709096,0.31621842558709096,0.31621842558709096,0.31621842558709096,0.12250000000000004,2.598448050479923,0.001,0.37472409485890174,0.5,2.0,0.3347559540990485,0.3347559540990485,-19.156853903794023,-19.156853903794023,-35.089700550657284,1.757193200457437
BAT_0044,NMC_622,lithium_plating,275,85.4261110134916,0.0005727941176470589,9473.05645487623,19.089156240663023,53.54867116481348,0.0760781492835171,0.0760781492835171,0.32277599093907744,0.32277599093907744,0.32277599093907744,0.32277599093907744,0.12625000000000003,3.0,0.001,0.39161686187028416,0.1,1.0,0.35062344866344697,0.35062344866344697,-22.989372948026432,-22.989372948026432,-33.297717458401976,1.659477802614647
BAT_0044,NMC_622,lithium_plating,300,84.0445198431231,0.0005794117647058823,6980.389576963722,23.947946464311162,46.62180938418123,0.06702595351054319,0.06702595351054319,0.2898066534500685,0.2898066534500685,0.2898066534500685,0.2898066534500685,0.13000000000000003,3.0,0.001,0.3582563152822996,0.1,1.0,0.30692295311855344,0.30692295311855344,-19.225034817821292,-19.225034817821292,-31.86520553836247,1.93954719315632
BAT_0044,NMC_622,lithium_plating,325,82.65791848878177,0.000586029411764706,4535.4694413340185,23.344422853198175,44.24108684330823,0.07153664289901716,0.07153664289901716,0.30711329758149525,0.30711329758149525,0.30711329758149525,0.30711329758149525,0.13375000000000004,3.0,0.001,0.3826587629335186,0.1,2.0,0.33694397033329193,0.33694397033329193,-24.291131229461183,-24.291131229461183,-33.256019247749215,1.8696711863989024
BAT_0044,NMC_622,lithium_plating,350,81.26729949435384,0.0005926470588235295,2138.371355237241,27.758900782333335,30.301741123433924,0.06448965159307449,0.06448965159307449,0.2880367901369469,0.2880367901369469,0.2880367901369469,0.2880367901369469,0.13750000000000004,3.0,0.001,0.3514762225132044,0.1,2.0,0.30895148411094236,0.30895148411094236,-21.203093141630987,-21.203093141630987,-31.13127280149379,2.1321250247654633
BAT_0044,NMC_622,lithium_plating,375,79.87364282221796,0.0005992647058823531,0.0,29.404797252685842,34.497738663700225,0.06259515665032266,0.06259515665032266,0.27995183768412285,0.27995183768412285,0.27995183768412285,0.27995183768412285,0.14125000000000004,3.0,0.001,0.33568721568007387,0.1,1.0,0.30166391606339105,0.30166391606339105,-21.87089508392241,-21.87089508392241,-36.574321214853846,2.2565643662986496
BAT_0044,NMC_622,lithium_plating,400,78.47791477914093,0.0006058823529411766,0.0,32.12737743377971,30.0,0.06012234670637934,0.06012234670637934,0.2655369162601392,0.2655369162601392,0.2655369162601392,0.2655369162601392,0.14500000000000005,3.0,0.001,0.3372907684260991,0.1,1.0,0.28859666695297465,0.28859666695297465,-23.059738891659414,-23.059738891659414,-34.87282494074278,2.4117488412110615
BAT_0044,NMC_622,lithium_plating,425,77.08106698280844,0.0006125,0.0,30.122436197715828,30.0,0.0660067394899896,0.0660067394899896,0.29595172530087344,0.29595172530087344,0.29595172530087344,0.29595172530087344,0.14875000000000005,3.0,0.001,0.34596378280408635,0.1,2.0,0.31884080521122304,0.31884080521122304,-21.842273770856167,-21.842273770856167,-33.3951795046408,2.253557760152038
BAT_0044,NMC_622,lithium_plating,450,75.68403537032825,0.0006191176470588236,0.0,25.245105867741877,30.0,0.07964889451943544,0.07964889451943544,0.3834865198910698,0.3834865198910698,0.3834865198910698,0.3834865198910698,0.15250000000000005,3.0,0.001,0.46341514766395864,0.1,1.0,0.4099776089925944,0.4099776089925944,-20.70971887185563,-20.70971887185563,-34.84148954440002,1.914653064805412
BAT_0044,NMC_622,lithium_plating,475,74.28773924992254,0.0006257352941176472,0.0,25.38322118434173,30.0,0.08287357991795168,0.08287357991795168,0.37712960679540874,0.37712960679540874,0.37712960679540874,0.37712960679540874,0.15625000000000006,3.0,0.001,0.4731025060290638,0.1,1.0,0.40604571418630847,0.40604571418630847,-21.753629245709497,-21.753629245709497,-33.25471752458662,1.8854018392193763
BAT_0044,NMC_622,lithium_plating,500,72.89308039690631,0.0006323529411764707,0.0,22.069742899690212,30.0,0.09254650142198761,0.09254650142198761,0.459053168744261,0.459053168744261,0.459053168744261,0.459053168744261,0.16000000000000006,3.0,0.001,0.5610454416128732,0.1,1.0,0.49230898651207805,0.49230898651207805,-21.180107433263935,-21.180107433263935,-35.82031963027406,1.7288606002558897
BAT_0045,NMC_622,SEI_growth,0,100.0,0.0,66666.66666666667,23.030493790082808,57.9097467212247,0.03764184145099846,0.03764184145099846,0.15898564767041495,0.15898564767041495,0.15898564767041495,0.15898564767041495,0.085,1.8724110951987685,0.001,0.1891547198310779,1.0,2.0,0.1607748073404209,0.1607748073404209,-8.555723765767851,-8.555723765767851,-32.26456192733708,2.258125445606895
BAT_0045,NMC_622,SEI_growth,25,99.07361906437536,0.0003722794117647058,51234.68680140332,27.26120292069138,61.786205453016606,0.033804247776115945,0.033804247776115945,0.1355101391435365,0.1355101391435365,0.1355101391435365,0.1355101391435365,0.0925,1.7205939793718414,0.001,0.15421123754289393,1.0,2.0,0.13710356797191153,0.13710356797191153,-8.743817874420822,-8.743817874420822,-33.65162819767514,2.7363425038363065
BAT_0045,NMC_622,SEI_growth,50,98.04653812831243,0.00039455882352941175,45738.52376911091,28.833737838253445,76.12748617047316,0.03355998771996965,0.03355998771996965,0.14644302058173037,0.14644302058173037,0.14644302058173037,0.14644302058173037,0.1,1.5915494309189535,0.001,0.1516605299881826,1.0,2.0,0.1480522587179597,0.1480522587179597,-8.455405346593395,-8.455405346593395,-35.72582022546711,2.979738873399398
BAT_0045,NMC_622,SEI_growth,75,96.92207628054058,0.00041683823529411774,40596.26696337129,35.0,80.0,0.028041754605307938,0.028041754605307938,0.10871475567546804,0.10871475567546804,0.10871475567546804,0.10871475567546804,0.10750000000000001,1.4805110985292589,0.001,0.11745824457213982,1.0,2.0,0.10991345588806885,0.10991345588806885,-8.469601508989824,-8.469601508989824,-35.39096507607673,3.8335689586147246
BAT_0045,NMC_622,SEI_growth,100,95.70383983122177,0.00043911764705882356,35762.26083466445,27.367709619205662,66.28039303016932,0.03744928718121434,0.03744928718121434,0.15827424195114143,0.15827424195114143,0.15827424195114143,0.15827424195114143,0.11500000000000002,1.3839560268860462,0.001,0.19250731057072662,1.0,2.0,0.15985490095398452,0.15985490095398452,-8.064032311594099,-8.064032311594099,-35.8927293154441,3.070819464293766
BAT_0045,NMC_622,SEI_growth,125,94.395703055459,0.00046139705882352944,31200.248853265708,30.0741051073367,78.7547400995357,0.0350970857850065,0.0350970857850065,0.1627438360774611,0.1627438360774611,0.1627438360774611,0.1627438360774611,0.12250000000000003,1.2992240252399616,0.001,0.18695255161008162,1.0,2.0,0.16415814363175807,0.16415814363175807,-7.526458032371503,-7.526458032371503,-38.96236832494522,3.490318277431801
BAT_0045,NMC_622,SEI_growth,150,93.00178768611543,0.0004836764705882353,26881.166392698375,30.047474786135567,80.0,0.036806102665597196,0.036806102665597196,0.17220005249330259,0.17220005249330259,0.17220005249330259,0.17220005249330259,0.13000000000000003,1.2242687930145792,0.001,0.19448478695249163,1.0,2.0,0.1734010001969696,0.1734010001969696,-6.747219713845576,-6.747219713845576,-39.50791065803561,3.5320229686125266
BAT_0045,NMC_622,SEI_growth,175,91.52644130769522,0.0005059558823529412,22781.51457413966,23.923491581432643,66.2078104323619,0.0449756086324977,0.0449756086324977,0.20927914043269275,0.20927914043269275,0.20927914043269275,0.20927914043269275,0.13750000000000004,1.157490495213784,0.001,0.25272524744413744,1.0,2.0,0.21173151753704914,0.21173151753704914,-8.728881116423581,-8.728881116423581,-39.665148732062846,3.0572126577214935
BAT_0045,NMC_622,SEI_growth,200,89.9742148095482,0.0005282352941176472,18882.14384881062,21.282243766802225,32.62288416948167,0.050558452931925776,0.050558452931925776,0.22199382727295178,0.22199382727295178,0.22199382727295178,0.22199382727295178,0.14500000000000005,1.0976202971854847,0.001,0.2855255236942297,1.0,2.0,0.22456734252634294,0.22456734252634294,-8.68247066856422,-8.68247066856422,-37.49942321210847,2.8679675027880047
BAT_0045,NMC_622,SEI_growth,225,88.34983906168556,0.0005505147058823531,15167.331539858895,16.614473098565824,68.22575735749182,0.06167250311281056,0.06167250311281056,0.2757012238902986,0.2757012238902986,0.2757012238902986,0.2757012238902986,0.15250000000000005,1.0436389710943954,0.001,0.34655823397883295,1.0,2.0,0.2797605325409103,0.2797605325409103,-9.77230423598091,-9.77230423598091,-38.77161311927988,2.472738940416428
BAT_0045,NMC_622,SEI_growth,250,86.65820098000071,0.0005727941176470589,11624.07359794733,20.918103556671035,60.197727841232485,0.054624078831681085,0.054624078831681085,0.2616712471365292,0.2616712471365292,0.2616712471365292,0.2616712471365292,0.16000000000000006,0.9947183943243456,0.001,0.3206507243648453,1.0,2.0,0.2642240456944893,0.2642240456944893,-7.970948739395417,-7.970948739395417,-42.35826498503185,2.929111179943645
BAT_0045,NMC_622,SEI_growth,275,84.90431914967,0.0005950735294117649,8241.534713395775,24.74349783235223,50.20866886036528,0.05038940064873483,0.05038940064873483,0.2398659307433018,0.2398659307433018,0.2398659307433018,0.2398659307433018,0.16750000000000007,0.950178764727733,0.001,0.30045430112891924,1.0,2.0,0.24124366063912447,0.24124366063912447,-6.126305068494311,-6.126305068494311,-38.968619194823404,3.3241117743718513
BAT_0045,NMC_622,SEI_growth,300,83.09331917596523,0.0006173529411764708,5010.617054922246,21.238224167193188,61.38621557880006,0.05722219562820525,0.05722219562820525,0.2687175425868452,0.2687175425868452,0.2687175425868452,0.2687175425868452,0.17500000000000007,0.909456817667973,0.001,0.3219170821954956,1.0,2.0,0.2715549774446771,0.2715549774446771,-8.289924571381421,-8.289924571381421,-40.13081817345228,3.058253848507366
BAT_0045,NMC_622,SEI_growth,325,81.23040893066683,0.0006396323529411767,1923.6189742578258,26.687710672543624,44.28982143826934,0.048276922506547304,0.048276922506547304,0.21909366472655986,0.21909366472655986,0.21909366472655986,0.21909366472655986,0.18250000000000008,0.8720818799555906,0.001,0.26012498436210973,1.0,2.0,0.22103182058764248,0.22103182058764248,-7.593158046351941,-7.593158046351941,-38.51260317462027,3.780274104573453
BAT_0045,NMC_622,SEI_growth,350,79.32085385976193,0.0006619117647058825,0.0,26.301805873500513,34.14210046767421,0.05115232460848524,0.05115232460848524,0.26567752232141467,0.26567752232141467,0.26567752232141467,0.26567752232141467,0.19000000000000009,0.5,0.001,0.2990678332092087,2.0,2.0,0.26726221143782386,0.26726221143782386,-6.242459202995375,-6.242459202995375,-40.66463214354457,3.7143961971277166
BAT_0045,NMC_622,SEI_growth,375,77.36995251419701,0.0006841911764705885,0.0,27.89638712654204,30.0,0.047779061826866344,0.047779061826866344,0.25119225503333553,0.25119225503333553,0.25119225503333553,0.25119225503333553,0.1975000000000001,0.8058478131235204,0.001,0.2988599224714706,1.0,2.0,0.2528692635676679,0.2528692635676679,-6.602334965979259,-6.602334965979259,-37.73775431028868,4.1336098376244195
BAT_0045,NMC_622,SEI_growth,400,75.38301246020157,0.0007064705882352944,0.0,27.35718159155218,42.425778254889025,0.0516722080451255,0.0516722080451255,0.25451518294409764,0.25451518294409764,0.25451518294409764,0.25451518294409764,0.2050000000000001,0.7763655760580256,0.001,0.29869514265255154,1.0,5.0,0.25611557692205184,0.25611557692205184,-6.408545854887625,-6.408545854887625,-38.80726060218567,3.9673164309327165
BAT_0045,NMC_622,SEI_growth,425,73.36532671918471,0.0007287500000000003,0.0,30.18141382288475,33.659354181973335,0.047633826040835436,0.047633826040835436,0.23547784202637845,0.23547784202637845,0.23547784202637845,0.23547784202637845,0.2125000000000001,0.5,0.001,0.2639181671794428,2.0,5.0,0.23663591859774455,0.23663591859774455,-5.670785377971691,-5.670785377971691,-40.25335447445573,4.461115506821319
BAT_0045,NMC_622,SEI_growth,450,71.32215087952774,0.000751029411764706,0.0,27.090854580905894,30.0,0.052728091585183295,0.052728091585183295,0.27264027062729207,0.27264027062729207,0.27264027062729207,0.27264027062729207,0.2200000000000001,0.5,0.001,0.3089365403439446,2.0,5.0,0.2736787420988802,0.2736787420988802,-4.99288778833721,-4.99288778833721,-41.84027728133653,4.172348996257255
BAT_0045,NMC_622,SEI_growth,475,69.3821579784337,0.0007695588235294121,0.0,25.959169541669013,30.0,0.05680540123929162,0.05680540123929162,0.30492043475212965,0.30492043475212965,0.30492043475212965,0.30492043475212965,0.22750000000000012,0.6995821674369022,0.001,0.3646331328057718,1.0,2.0,0.3066594102156193,0.3066594102156193,-6.1046624160134195,-6.1046624160134195,-39.787557318834544,4.00490085514335
BAT_0045,NMC_622,SEI_growth,500,67.43243059824587,0.0007880882352941179,0.0,22.596261447247564,30.0,0.06593136747355549,0.06593136747355549,0.3609423325332551,0.3609423325332551,0.3609423325332551,0.3609423325332551,0.23500000000000013,0.6772550769867883,0.001,0.4263759405197538,1.0,2.0,0.3631066582879651,0.3631066582879651,-6.258896851140895,-6.258896851140895,-38.86504221664462,3.564312542042399
BAT_0046,NMC_622,electrode_cracking,0,100.0,0.0,66666.66666666667,23.548427259711097,51.68445885972089,0.03718636477309339,0.03718636477309339,0.13717326712528297,0.13717326712528297,0.13717326712528297,0.13717326712528297,0.085,1.8724110951987685,0.001,0.15449216701085364,1.0,2.0,0.1392914108241652,0.1392914108241652,-10.004722711753976,-10.004722711753976,-33.33742660370031,2.285784064096061
BAT_0046,NMC_622,electrode_cracking,25,98.97846773430179,0.00041071428571428574,46208.44317916957,30.867582804057974,64.45086747680752,0.03316041034039384,0.03316041034039384,0.12042882142832775,0.12042882142832775,0.12042882142832775,0.12042882142832775,0.085,0.9362055475993842,0.001,0.12983032742253048,2.0,2.0,0.12171010149854765,0.12171010149854765,-8.32104914402336,-8.32104914402336,-29.676379119201606,2.5632975927459674
BAT_0046,NMC_622,electrode_cracking,50,97.91490228556528,0.0004214285714285714,42509.937626765066,29.085234854841342,66.55801697462138,0.03881911478965945,0.03881911478965945,0.13073762801100106,0.13073762801100106,0.13073762801100106,0.13073762801100106,0.085,0.9362055475993842,0.001,0.15369374079745068,2.0,5.0,0.13199472394743555,0.13199472394743555,-7.913868652607326,-7.913868652607326,-28.462577975148495,2.189642923610461
BAT_0046,NMC_622,electrode_cracking,75,96.81088842658066,0.0004321428571428571,38901.22941688087,29.55595213591601,62.91347588266497,0.043201392760734876,0.043201392760734876,0.12354852614889182,0.12354852614889182,0.12354852614889182,0.12354852614889182,0.085,0.9362055475993842,0.001,0.13492490009749164,2.0,2.0,0.12496934222103907,0.12496934222103907,-8.648029223631598,-8.648029223631598,-26.6290600346381,1.9675291597833688
BAT_0046,NMC_622,electrode_cracking,100,95.66805811122514,0.00044285714285714284,35379.48605760515,28.090682059425866,69.08530371152467,0.050289713192142094,0.050289713192142094,0.14139002302566656,0.14139002302566656,0.14139002302566656,0.14139002302566656,0.085,0.9362055475993842,0.001,0.15347205581071538,2.0,2.0,0.1425859810323316,0.1425859810323316,-7.426107089604717,-7.426107089604717,-27.591940290308724,1.690206497603997
BAT_0046,NMC_622,electrode_cracking,125,94.48808646668081,0.00045357142857142856,31942.23787929628,28.774617051682476,68.86867804066834,0.05244549623234163,0.05244549623234163,0.15340578343604458,0.15340578343604458,0.15340578343604458,0.15340578343604458,0.085,0.9362055475993842,0.001,0.16877338790982419,2.0,2.0,0.15457492264424902,0.15457492264424902,-7.051399804507787,-7.051399804507787,-24.21043383805312,1.6207302076700143
BAT_0046,NMC_622,electrode_cracking,150,93.2726877169743,0.0004642857142857143,28587.327390406193,25.817279596315814,80.0,0.06295750029752492,0.06295750029752492,0.16180599148408434,0.16180599148408434,0.16180599148408434,0.16180599148408434,0.085,0.9362055475993842,0.001,0.17918933412802862,2.0,2.0,0.16317588544836545,0.16317588544836545,-7.429462901411541,-7.429462901411541,-23.773050565698277,1.350117136136386
BAT_0046,NMC_622,electrode_cracking,175,92.02361105166659,0.000475,25312.865371929667,24.441102580098626,80.0,0.07091519148649444,0.07091519148649444,0.19116065996454862,0.19116065996454862,0.19116065996454862,0.19116065996454862,0.085,0.9362055475993842,0.001,0.20486200913462052,2.0,2.0,0.1922953555105926,0.1922953555105926,-6.227399051414576,-6.227399051414576,-22.989933353365416,1.198614827348918
BAT_0046,NMC_622,electrode_cracking,200,90.74263645355882,0.0004857142857142857,22117.192698503444,22.269894146607136,72.36532544332466,0.08199398599977725,0.08199398599977725,0.20657430202330931,0.20657430202330931,0.20657430202330931,0.20657430202330931,0.085,0.9362055475993842,0.001,0.23113001090126256,2.0,2.0,0.20759455620954972,0.20759455620954972,-5.682793435381143,-5.682793435381143,-21.481235122754956,1.0366613961203315
BAT_0046,NMC_622,electrode_cracking,225,89.43157049925796,0.0004964285714285714,18998.847048864955,21.678094860979307,76.02575415286671,0.09012269024757326,0.09012269024757326,0.22113316805986474,0.22113316805986474,0.22113316805986474,0.22113316805986474,0.085,0.9362055475993842,0.001,0.2331591657320931,2.0,5.0,0.22226199418446105,0.22226199418446105,-5.777002193414832,-5.777002193414832,-20.94453434410509,0.9431587069416052
BAT_0046,NMC_622,electrode_cracking,250,88.09224214636555,0.0005071428571428572,15956.533809734887,20.843759872863266,60.62928515438348,0.0975929811041215,0.0975929811041215,0.2042818237052153,0.2042818237052153,0.2042818237052153,0.2042818237052153,0.085,0.9362055475993842,0.001,0.2227258160028964,2.0,5.0,0.20553461534981302,0.20553461534981302,-6.329296043534176,-6.329296043534176,-21.97070869879241,0.8709642746676003
BAT_0046,NMC_622,electrode_cracking,275,86.72649852091455,0.0005178571428571428,12989.10059211085,18.45601125426354,57.39934801944965,0.11020878581401762,0.11020878581401762,0.2548898538401487,0.2548898538401487,0.2548898538401487,0.2548898538401487,0.1032655591785371,0.5,0.001,0.2556653479560498,5.0,5.0,0.2558624866763917,0.2558624866763917,-4.997426996249023,-4.997426996249023,-21.011293976745907,0.93699933644857
BAT_0046,NMC_622,electrode_cracking,300,85.33620071848536,0.0005285714285714285,10095.51487281014,25.538960488538034,55.72738075380238,0.09280937039342163,0.09280937039342163,0.19442903437557646,0.19442903437557646,0.19442903437557646,0.19442903437557646,0.09725354539351014,0.5,0.001,0.19410020787450788,5.0,5.0,0.1951831513473574,0.1951831513473574,-5.038204062140745,-5.038204062140745,-20.767997387440854,1.0478849816699491
BAT_0046,NMC_622,electrode_cracking,325,84.21596166095713,0.0005285714285714286,7976.143682891876,24.248696014183203,40.983212953704154,0.10181149135652313,0.10181149135652313,0.20343013745956412,0.20343013745956412,0.20343013745956412,0.20343013745956412,0.08733844243976142,0.5,0.001,0.2197253282597538,5.0,5.0,0.2042240670610185,0.2042240670610185,-5.053775695266996,-5.053775695266996,-18.039668462492973,0.8578446428401678
BAT_0046,NMC_622,electrode_cracking,350,83.11042838521257,0.0005285714285714286,5884.594242294054,27.262914523835665,30.0,0.09890718426932958,0.09890718426932958,0.18307636106543454,0.18307636106543454,0.18307636106543454,0.18307636106543454,0.08423863703654648,0.5,0.001,0.18992968275445984,5.0,5.0,0.18388059270145826,0.18388059270145826,-5.360665078924225,-5.360665078924225,-19.902702584774524,0.8516938143457824
BAT_0046,NMC_622,electrode_cracking,375,82.01940784315498,0.0005285714285714286,3820.5013248877995,29.28201559989049,30.0,0.09427915661334962,0.09427915661334962,0.18596121510231062,0.18596121510231062,0.18596121510231062,0.18596121510231062,0.09207546853669293,0.5,0.0015445646797575961,0.1780164181155156,5.0,5.0,0.1866396527897779,0.1866396527897779,-4.886774479543247,-4.886774479543247,-17.285753297171357,0.9766259250101877
BAT_0046,NMC_622,electrode_cracking,400,80.94270952089963,0.0005285714285714286,1783.504498999293,30.768294822609807,30.0,0.09399751562912051,0.09399751562912051,0.20089439725087532,0.20089439725087532,0.20089439725087532,0.20089439725087532,0.07242280060458298,0.5,0.001,0.20657422546447723,5.0,5.0,0.20147020586560602,0.20147020586560602,-4.332861271489516,-4.332861271489516,-17.97610489421208,0.7704756888505075
BAT_0046,NMC_622,electrode_cracking,425,79.88014540550621,0.0005285714285714286,0.0,28.607257314372678,30.0,0.10847640507475474,0.10847640507475474,0.2026670434992833,0.2026670434992833,0.2026670434992833,0.2026670434992833,0.08693112863944179,0.5,0.001,0.197857303680316,5.0,5.0,0.20330917398562648,0.20330917398562648,-4.554966206883701,-4.554966206883701,-15.695123978347828,0.8013828314049919
BAT_0046,NMC_622,electrode_cracking,450,78.83152995214799,0.0005285714285714286,0.0,28.44973227275755,30.0,0.11040766215461222,0.11040766215461222,0.19880438209733728,0.19880438209733728,0.19880438209733728,0.19880438209733728,0.0880736682351592,0.5,0.001,0.19494003302515125,5.0,5.0,0.1995095079959642,0.1995095079959642,-4.818558744585464,-4.818558744585464,-15.842350871860944,0.7977133698549198
BAT_0046,NMC_622,electrode_cracking,475,77.7966800517121,0.0005285714285714285,0.0,27.590523965942808,31.786340953824677,0.11943242955228883,0.11943242955228883,0.19483422850724988,0.19483422850724988,0.19483422850724988,0.19483422850724988,0.09811221982138463,0.5,0.010490934699682663,0.1868963288652063,5.0,5.0,0.19547697328576208,0.19547697328576208,-4.6475939473836725,-4.6475939473836725,-13.607953708382196,0.8214872642980944
BAT_0046,NMC_622,electrode_cracking,500,76.77541499882493,0.0005285714285714286,0.0,20.068947478746665,30.0,0.1607283258717975,0.1607283258717975,0.2708848785789941,0.2708848785789941,0.2708848785789941,0.2708848785789941,0.085,0.9362055475993842,0.001,0.27881012393677546,2.0,5.0,0.27160514942401315,0.27160514942401315,-4.173616788564237,-4.173616788564237,-13.917451554642083,0.5288426886733019
BAT_0047,NMC_622,SEI_growth,0,100.0,0.0,66666.66666666667,22.606412932167576,30.0,0.03799996283517584,0.03799996283517584,0.15805469042890888,0.15805469042890888,0.15805469042890888,0.15805469042890888,0.085,0.9362055475993842,0.001,0.18512761521241874,2.0,2.0,0.16025630499694118,0.16025630499694118,-9.508218815398203,-9.508218815398203,-34.65450143322716,2.23684429294539
BAT_0047,NMC_622,SEI_growth,25,99.07361906437536,0.0003722794117647058,51234.68680140332,28.314574777842275,71.90329538808528,0.03279313737995805,0.03279313737995805,0.11950601279735781,0.11950601279735781,0.11950601279735781,0.11950601279735781,0.0925,0.8602969896859207,0.001,0.14673953063563533,2.0,2.0,0.12117581005262383,0.12117581005262383,-9.522730941086287,-9.522730941086287,-36.2668872673476,2.820712118155934
BAT_0047,NMC_622,SEI_growth,50,98.04653812831243,0.00039455882352941175,45738.52376911091,29.776550684067793,72.71272534276731,0.031589195254749375,0.031589195254749375,0.1407070568835864,0.1407070568835864,0.1407070568835864,0.1407070568835864,0.1,1.5915494309189535,0.001,0.15263067257933202,1.0,2.0,0.1419296715671634,0.1419296715671634,-7.525893840108849,-7.525893840108849,-34.066034578952284,3.1656393647750556
BAT_0047,NMC_622,SEI_growth,75,96.92207628054058,0.00041683823529411774,40596.26696337129,27.60307382628882,75.60720667883818,0.03553460680947952,0.03553460680947952,0.14505399584559175,0.14505399584559175,0.14505399584559175,0.14505399584559175,0.10750000000000001,1.4805110985292589,0.001,0.1741164581746717,1.0,2.0,0.1468825356669737,0.1468825356669737,-9.050161659756741,-9.050161659756741,-35.304336321168336,3.025219909604357
BAT_0047,NMC_622,SEI_growth,100,95.70383983122177,0.00043911764705882356,35762.26083466445,32.68899660583243,70.57012574972835,0.03184258433739478,0.03184258433739478,0.1206289343356389,0.1206289343356389,0.1206289343356389,0.1206289343356389,0.11500000000000002,1.3839560268860462,0.001,0.1322079181517024,1.0,2.0,0.122133483540001,0.122133483540001,-9.002648661166234,-9.002648661166234,-36.35375461640539,3.611515911569658
BAT_0047,NMC_622,SEI_growth,125,94.395703055459,0.00046139705882352944,31200.248853265708,28.59637949170021,79.57954881858286,0.036738395509977595,0.036738395509977595,0.1682843982020711,0.1682843982020711,0.1682843982020711,0.1682843982020711,0.12250000000000003,1.2992240252399616,0.001,0.18501362861099818,1.0,2.0,0.1700023662491758,0.1700023662491758,-8.152374084742016,-8.152374084742016,-35.46773197637751,3.334386227257281
BAT_0047,NMC_622,SEI_growth,150,93.00178768611543,0.0004836764705882353,26881.166392698375,27.631222505947264,80.0,0.03874615984589943,0.03874615984589943,0.16867544935749237,0.16867544935749237,0.16867544935749237,0.16867544935749237,0.13000000000000003,1.2242687930145792,0.001,0.19422011577983136,1.0,2.0,0.17056040136205652,0.17056040136205652,-8.526081006941759,-8.526081006941759,-33.867441181740304,3.3551712096639728
BAT_0047,NMC_622,SEI_growth,175,91.52644130769522,0.0005059558823529412,22781.51457413966,24.596685521285576,77.30875722672937,0.045173748907854236,0.045173748907854236,0.20306588237298215,0.20306588237298215,0.20306588237298215,0.20306588237298215,0.13750000000000004,1.157490495213784,0.001,0.2325650576154425,1.0,2.0,0.20487558787399698,0.20487558787399698,-7.621082798334889,-7.621082798334889,-39.55697780213589,3.0438031671994636
BAT_0047,NMC_622,SEI_growth,200,89.9742148095482,0.0005282352941176472,18882.14384881062,23.870373730752643,71.70369219233771,0.047210319307692816,0.047210319307692816,0.21386141750153026,0.21386141750153026,0.21386141750153026,0.21386141750153026,0.14500000000000005,1.0976202971854847,0.001,0.2528273748494385,1.0,2.0,0.21636845007196934,0.21636845007196934,-8.730535601793498,-8.730535601793498,-37.39376072973997,3.071362408183768
BAT_0047,NMC_622,SEI_growth,225,88.34983906168556,0.0005505147058823531,15167.331539858895,20.215101583034876,61.6488974384872,0.054305266874695675,0.054305266874695675,0.24675261461895698,0.24675261461895698,0.24675261461895698,0.24675261461895698,0.15250000000000005,1.0436389710943954,0.001,0.3117700243957078,1.0,2.0,0.24957318666522882,0.24957318666522882,-8.622180987282684,-8.622180987282684,-38.431282100820724,2.8081990712223095
BAT_0047,NMC_622,SEI_growth,250,86.65820098000071,0.0005727941176470589,11624.07359794733,21.784789108321903,63.4955659738628,0.05316629007318222,0.05316629007318222,0.2348090025568861,0.2348090025568861,0.2348090025568861,0.2348090025568861,0.16000000000000006,0.9947183943243456,0.001,0.28023565168301184,1.0,2.0,0.237617458305833,0.237617458305833,-8.817813965632396,-8.817813965632396,-39.03976694895986,3.0094257052685753
BAT_0047,NMC_622,SEI_growth,275,84.90431914967,0.0005950735294117649,8241.534713395775,24.11558397464816,34.53783220097784,0.05045328453014711,0.05045328453014711,0.23773994703968424,0.23773994703968424,0.23773994703968424,0.23773994703968424,0.16750000000000007,0.950178764727733,0.001,0.2870003452551134,1.0,2.0,0.23982560790145327,0.23982560790145327,-7.561830554978036,-7.561830554978036,-37.70993508509283,3.3199027884877266
BAT_0047,NMC_622,SEI_growth,300,83.09331917596523,0.0006173529411764708,5010.617054922246,22.2926259715112,54.73970871351816,0.05420487368741112,0.05420487368741112,0.27315417241621187,0.27315417241621187,0.27315417241621187,0.27315417241621187,0.17500000000000007,0.909456817667973,0.001,0.317081687661645,1.0,2.0,0.2749795741290158,0.2749795741290158,-6.605522576275048,-6.605522576275048,-38.63027869311941,3.228491980429486
BAT_0047,NMC_622,SEI_growth,325,81.23040893066683,0.0006396323529411767,1923.6189742578258,21.472072228376724,47.345605387171574,0.05603506368930266,0.05603506368930266,0.26603493946159973,0.26603493946159973,0.26603493946159973,0.26603493946159973,0.18250000000000008,0.8720818799555906,0.001,0.3273595115563084,1.0,2.0,0.26835012705444417,0.26835012705444417,-7.531692058029594,-7.531692058029594,-40.89810986467858,3.256889311519425
BAT_0047,NMC_622,SEI_growth,350,79.32085385976193,0.0006619117647058825,0.0,25.920179118356412,52.633995038052085,0.05144479520664942,0.05144479520664942,0.2579691745054958,0.2579691745054958,0.2579691745054958,0.2579691745054958,0.19000000000000009,0.8376575952205014,0.001,0.2994551482113973,1.0,2.0,0.25956633620475067,0.25956633620475067,-6.359322257658611,-6.359322257658611,-38.7012594081962,3.6932793538546718
BAT_0047,NMC_622,SEI_growth,375,77.36995251419701,0.0006841911764705885,0.0,33.03176510952547,36.32916520705602,0.0417060325113656,0.0417060325113656,0.21279134598641306,0.21279134598641306,0.21279134598641306,0.21279134598641306,0.1975000000000001,0.8058478131235204,0.001,0.24141931665630345,1.0,5.0,0.21383742337358977,0.21383742337358977,-5.66963217968244,-5.66963217968244,-36.81851772103558,4.735525968483768
BAT_0047,NMC_622,SEI_growth,400,75.38301246020157,0.0007064705882352944,0.0,30.45619644040911,41.433749179355694,0.04635265863403838,0.04635265863403838,0.2265451599680544,0.2265451599680544,0.2265451599680544,0.2265451599680544,0.2050000000000001,0.7763655760580256,0.001,0.2624497946270795,1.0,5.0,0.22794815319043277,0.22794815319043277,-6.3601942819828,-6.3601942819828,-38.43684589872962,4.422615790358601
BAT_0047,NMC_622,SEI_growth,425,73.36532671918471,0.0007287500000000003,0.0,27.956383204079746,30.0,0.05038528043078103,0.05038528043078103,0.27099320281809197,0.27099320281809197,0.27099320281809197,0.27099320281809197,0.2125000000000001,0.5,0.001,0.312623150613758,2.0,5.0,0.2725112451613541,0.2725112451613541,-6.050470820062863,-6.050470820062863,-40.08977668172828,4.217501583462083
BAT_0047,NMC_622,SEI_growth,450,71.32215087952774,0.000751029411764706,0.0,26.983262876850326,30.0,0.05312647203265107,0.05312647203265107,0.2855045226070656,0.2855045226070656,0.2855045226070656,0.2855045226070656,0.2200000000000001,0.5,0.001,0.3129732703231167,2.0,5.0,0.28681178361888227,0.28681178361888227,-5.472495128352538,-5.472495128352538,-39.82946798013644,4.14106172653042
BAT_0047,NMC_622,SEI_growth,475,69.3821579784337,0.0007695588235294121,0.0,22.496594257501453,30.0,0.06442822891397966,0.06442822891397966,0.3170758198210882,0.3170758198210882,0.3170758198210882,0.3170758198210882,0.22750000000000012,0.6995821674369022,0.001,0.3942933215566251,1.0,2.0,0.31942241758082035,0.31942241758082035,-6.949290919542525,-6.949290919542525,-41.44544320108257,3.531060900397296
BAT_0047,NMC_622,SEI_growth,500,67.43243059824587,0.0007880882352941179,0.0,22.57407360922918,30.0,0.06502626686875636,0.06502626686875636,0.32647602362296835,0.32647602362296835,0.32647602362296835,0.32647602362296835,0.23500000000000013,0.6772550769867883,0.001,0.38979306824881943,1.0,2.0,0.3286697225184127,0.3286697225184127,-6.623509186568739,-6.623509186568739,-38.9366410316179,3.6139242081096965
BAT_0048,NMC_622,SEI_growth,0,100.0,0.0,66666.66666666667,26.921401557402135,55.038688122827686,0.03318053205614331,0.03318053205614331,0.13372699514171502,0.13372699514171502,0.13372699514171502,0.13372699514171502,0.085,0.9362055475993842,0.001,0.14496658842642376,2.0,2.0,0.13517871914730276,0.13517871914730276,-8.404559021565088,-8.404559021565088,-34.215343756704804,2.5617431286567456
BAT_0048,NMC_622,SEI_growth,25,99.07361906437536,0.0003722794117647058,51234.68680140332,26.64842548522039,52.82122703199271,0.03442650360297582,0.03442650360297582,0.12198821608823697,0.12198821608823697,0.12198821608823697,0.12198821608823697,0.0925,1.7205939793718414,0.001,0.14669620703846672,1.0,2.0,0.12405924391605248,0.12405924391605248,-10.483880477448919,-10.483880477448919,-34.29775644192352,2.6868833694747996
BAT_0048,NMC_622,SEI_growth,50,98.04653812831243,0.00039455882352941175,45738.52376911091,25.04637669380361,76.44321287642026,0.038032057734742365,0.038032057734742365,0.1403650450130428,0.1403650450130428,0.1403650450130428,0.1403650450130428,0.1,1.5915494309189535,0.001,0.16715108005662904,1.0,2.0,0.1422485044276533,0.1422485044276533,-9.334096159545744,-9.334096159545744,-38.09938892876983,2.6293607539580957
BAT_0048,NMC_622,SEI_growth,75,96.92207628054058,0.00041683823529411774,40596.26696337129,27.80196194762137,75.42590641113992,0.03599609672571903,0.03599609672571903,0.1615008803849995,0.1615008803849995,0.1615008803849995,0.1615008803849995,0.10750000000000001,1.4805110985292589,0.001,0.18289331974150308,1.0,2.0,0.16335503037712934,0.16335503037712934,-8.640829762891125,-8.640829762891125,-37.893045359950825,2.986434913183012
BAT_0048,NMC_622,SEI_growth,100,95.70383983122177,0.00043911764705882356,35762.26083466445,28.663775212243845,76.54752475949864,0.03568309096118881,0.03568309096118881,0.1565557518717269,0.1565557518717269,0.1565557518717269,0.1565557518717269,0.11500000000000002,1.3839560268860462,0.001,0.18189342240390727,1.0,2.0,0.15798829391314365,0.15798829391314365,-7.721604806097014,-7.721604806097014,-35.78529415599558,3.22281497769017
BAT_0048,NMC_622,SEI_growth,125,94.395703055459,0.00046139705882352944,31200.248853265708,24.713467298114125,80.0,0.041083513795613785,0.041083513795613785,0.1828072375948826,0.1828072375948826,0.1828072375948826,0.1828072375948826,0.12250000000000003,1.2992240252399616,0.001,0.22370157800457066,1.0,2.0,0.18469328925286707,0.18469328925286707,-8.195192050792453,-8.195192050792453,-40.37611156187198,2.9817313243804997
BAT_0048,NMC_622,SEI_growth,150,93.00178768611543,0.0004836764705882353,26881.166392698375,24.396708686728108,80.0,0.043158846863451665,0.043158846863451665,0.18634479813135216,0.18634479813135216,0.18634479813135216,0.18634479813135216,0.13000000000000003,1.2242687930145792,0.001,0.2326843288003617,1.0,2.0,0.18877835758570186,0.18877835758570186,-9.20979916635183,-9.20979916635183,-35.92938512676082,3.0121286699642646
BAT_0048,NMC_622,SEI_growth,175,91.52644130769522,0.0005059558823529412,22781.51457413966,23.07719966014174,69.44422711535103,0.046401406757890666,0.046401406757890666,0.21688818412046376,0.21688818412046376,0.21688818412046376,0.21688818412046376,0.13750000000000004,1.157490495213784,0.001,0.26425594848949313,1.0,2.0,0.219228066150849,0.219228066150849,-8.3786407914756,-8.3786407914756,-38.857375094264775,2.9632722283062645
BAT_0048,NMC_622,SEI_growth,200,89.9742148095482,0.0005282352941176472,18882.14384881062,24.78067239741947,80.0,0.04568352837158507,0.04568352837158507,0.23653949172365987,0.23653949172365987,0.23653949172365987,0.23653949172365987,0.14500000000000005,1.0976202971854847,0.001,0.2938934976168366,1.0,2.0,0.23868165384322743,0.23868165384322743,-7.68209422404689,-7.68209422404689,-40.52640872274489,3.174010527833689
BAT_0048,NMC_622,SEI_growth,225,88.34983906168556,0.0005505147058823531,15167.331539858895,18.87678895226009,58.67803410310146,0.055994732262176494,0.055994732262176494,0.24183985864392904,0.24183985864392904,0.24183985864392904,0.24183985864392904,0.15250000000000005,1.0436389710943954,0.001,0.31573604787442056,1.0,2.0,0.24511258820974224,0.24511258820974224,-9.373338315882421,-9.373338315882421,-38.17310869726187,2.7234704737218873
BAT_0048,NMC_622,SEI_growth,250,86.65820098000071,0.0005727941176470589,11624.07359794733,23.4905797850124,68.27446362328385,0.04998029767790265,0.04998029767790265,0.23837321631157413,0.23837321631157413,0.23837321631157413,0.23837321631157413,0.16000000000000006,0.9947183943243456,0.001,0.29185179326947275,1.0,2.0,0.2410269293786006,0.2410269293786006,-8.510030187221854,-8.510030187221854,-38.66952565485018,3.201261445682414
BAT_0048,NMC_622,SEI_growth,275,84.90431914967,0.0005950735294117649,8241.534713395775,25.88841821820645,63.04591900539036,0.04758608350132416,0.04758608350132416,0.22871581850279607,0.22871581850279607,0.22871581850279607,0.22871581850279607,0.16750000000000007,0.950178764727733,0.001,0.27597801442293624,1.0,2.0,0.2308610059420032,0.2308610059420032,-7.81685090236902,-7.81685090236902,-38.68784648376482,3.5199366637378158
BAT_0048,NMC_622,SEI_growth,300,83.09331917596523,0.0006173529411764708,5010.617054922246,25.601410914974863,62.44591017936724,0.04928281198430341,0.04928281198430341,0.23752971006392531,0.23752971006392531,0.23752971006392531,0.23752971006392531,0.17500000000000007,0.909456817667973,0.001,0.28304920646096243,1.0,2.0,0.23925867216885588,0.23925867216885588,-6.892208391613636,-6.892208391613636,-38.94948453411556,3.5509337424929734
BAT_0048,NMC_622,SEI_growth,325,81.23040893066683,0.0006396323529411767,1923.6189742578258,29.013224887583128,43.64643255966402,0.044299111445608205,0.044299111445608205,0.21740715352545253,0.21740715352545253,0.21740715352545253,0.21740715352545253,0.18250000000000008,0.8720818799555906,0.001,0.2561026944476657,1.0,5.0,0.21882525370748832,0.21882525370748832,-6.526452523238572,-6.526452523238572,-39.660840304441294,4.119721458162409
BAT_0048,NMC_622,SEI_growth,350,79.32085385976193,0.0006619117647058825,0.0,27.458506119257407,44.650709999414296,0.04804569590105473,0.04804569590105473,0.248554681798989,0.248554681798989,0.248554681798989,0.248554681798989,0.19000000000000009,0.8376575952205014,0.001,0.29438931275878716,1.0,5.0,0.24998829992924776,0.24998829992924776,-6.139065920080097,-6.139065920080097,-39.566112147235955,3.9545685921853635
BAT_0048,NMC_622,SEI_growth,375,77.36995251419701,0.0006841911764705885,0.0,25.774923513840875,32.13218200782725,0.05224207702679787,0.05224207702679787,0.25988461408171054,0.25988461408171054,0.25988461408171054,0.25988461408171054,0.1975000000000001,0.8058478131235204,0.001,0.2977120005507192,1.0,2.0,0.26165339932941123,0.26165339932941123,-6.665871705232453,-6.665871705232453,-39.45773071896146,3.780477562151508
BAT_0048,NMC_622,SEI_growth,400,75.38301246020157,0.0007064705882352944,0.0,27.750090874648258,30.0,0.050736498221432995,0.050736498221432995,0.23952302648640253,0.23952302648640253,0.23952302648640253,0.23952302648640253,0.2050000000000001,0.7763655760580256,0.001,0.2684849443244398,1.0,5.0,0.24142798352920475,0.24142798352920475,-7.202319717596296,-7.202319717596296,-40.145386289807455,4.04048381709955
BAT_0048,NMC_622,SEI_growth,425,73.36532671918471,0.0007287500000000003,0.0,31.83021041491292,30.0,0.04595889436152873,0.04595889436152873,0.23004601464668165,0.23004601464668165,0.23004601464668165,0.23004601464668165,0.2125000000000001,0.5,0.001,0.2582821181254339,2.0,5.0,0.2315092666985568,0.2315092666985568,-6.445283474978293,-6.445283474978293,-41.30616654684219,4.623696956858901
BAT_0048,NMC_622,SEI_growth,450,71.32215087952774,0.000751029411764706,0.0,28.956050380537413,30.0,0.05002348206177055,0.05002348206177055,0.2486438185187618,0.2486438185187618,0.2486438185187618,0.2486438185187618,0.2200000000000001,0.5,0.001,0.29349997129992067,2.0,5.0,0.25001135677073055,0.25001135677073055,-5.995503550890916,-5.995503550890916,-42.18221631949225,4.397934548585348
BAT_0048,NMC_622,SEI_growth,475,69.3821579784337,0.0007695588235294121,0.0,27.460615330595846,33.16733002650569,0.05416087286559714,0.05416087286559714,0.28108312676239305,0.28108312676239305,0.28108312676239305,0.28108312676239305,0.22750000000000012,0.6995821674369022,0.001,0.3304570894384865,1.0,2.0,0.2825753557417399,0.2825753557417399,-5.890871211272233,-5.890871211272233,-39.85132786003167,4.200449290478618
BAT_0048,NMC_622,SEI_growth,500,67.43243059824587,0.0007880882352941179,0.0,20.364515686915368,30.0,0.07006476102950494,0.07006476102950494,0.4206207735426471,0.4206207735426471,0.4206207735426471,0.4206207735426471,0.23500000000000013,0.6772550769867883,0.001,0.47502417750514603,1.0,2.0,0.4224950502334734,0.4224950502334734,-5.398888423635692,-5.398888423635692,-42.89171438538904,3.354039841812054
BAT_0049,NMC_622,normal_aging,0,100.0,0.0,66666.66666666667,26.70126678803479,35.021739703381336,0.0328314277361766,0.0328314277361766,0.14077700728930187,0.14077700728930187,0.14077700728930187,0.14077700728930187,0.085,0.9362055475993842,0.001,0.15895166711437028,2.0,2.0,0.14207663249373012,0.14207663249373012,-7.755628105335609,-7.755628105335609,-34.94232907892273,2.588982747964366
BAT_0049,NMC_622,normal_aging,25,99.3696422023698,0.00025294117647058827,64565.47400789935,26.77037517098027,46.86356237415876,0.03328352555079812,0.03328352555079812,0.1255914517355844,0.1255914517355844,0.1255914517355844,0.1255914517355844,0.08750000000000001,0.9094568176679734,0.001,0.14413690895704456,2.0,2.0,0.1270884444025046,0.1270884444025046,-8.80281672062089,-8.80281672062089,-33.68803417511082,2.6289282325712584
BAT_0049,NMC_622,normal_aging,50,98.72873791460279,0.0002558823529411765,62429.1263820093,30.27820683664523,58.3731898691587,0.030648928370804494,0.030648928370804494,0.11397580765636822,0.11397580765636822,0.11397580765636822,0.11397580765636822,0.09000000000000001,0.8841941282883075,0.001,0.11790026854347005,2.0,2.0,0.1152325361719722,0.1152325361719722,-8.469666274389667,-8.469666274389667,-33.86999732358397,2.9364811360168814
BAT_0049,NMC_622,normal_aging,75,98.0775430379444,0.00025882352941176474,60258.47679314799,29.605691563846936,73.84401327192609,0.03078989968479736,0.03078989968479736,0.12986151088684034,0.12986151088684034,0.12986151088684034,0.12986151088684034,0.09250000000000001,1.7205939793718414,0.001,0.14755466261799427,1.0,5.0,0.13116673738316864,0.13116673738316864,-8.089645798532603,-8.089645798532603,-32.299363694827065,3.004231937971278
BAT_0049,NMC_622,normal_aging,100,97.4163163292763,0.000261764705882353,58054.38776425434,26.528705410995194,80.0,0.035638270183794986,0.035638270183794986,0.13910932924435987,0.13910932924435987,0.13910932924435987,0.13910932924435987,0.09500000000000001,1.6753151904410035,0.001,0.16480733736565661,1.0,2.0,0.1406737156096574,0.1406737156096574,-8.552763352423295,-8.552763352423295,-33.617347196652055,2.665673712839107
BAT_0049,NMC_622,normal_aging,125,96.74531923059155,0.00026470588235294115,55817.730768638496,28.255679242438166,78.85484135723203,0.03351849810872257,0.03351849810872257,0.1263845269071583,0.1263845269071583,0.1263845269071583,0.1263845269071583,0.09750000000000002,1.6323583906861059,0.001,0.15552253877941868,1.0,2.0,0.12789466411760825,0.12789466411760825,-8.813489339545557,-8.813489339545557,-31.67291568574607,2.908841550231257
BAT_0049,NMC_622,normal_aging,150,96.06481569763919,0.0002676470588235294,53549.385658797306,23.84940452540666,72.31371490904074,0.0391771730333879,0.0391771730333879,0.17715791385248195,0.17715791385248195,0.17715791385248195,0.17715791385248195,0.10000000000000002,1.591549430918953,0.001,0.20805943444142858,1.0,2.0,0.17926589209431687,0.17926589209431687,-8.795253265182371,-8.795253265182371,-36.22050464228785,2.5525067853869183
BAT_0049,NMC_622,normal_aging,175,95.37507202789479,0.0002705882352941177,51250.24009298263,23.12112319954695,80.0,0.04161281980562493,0.04161281980562493,0.17719944532934853,0.17719944532934853,0.17719944532934853,0.17719944532934853,0.10250000000000002,1.5527311521160518,0.001,0.20375262117581788,1.0,2.0,0.17896841415144818,0.17896841415144818,-8.062466026543355,-8.062466026543355,-35.570997532029196,2.463183232445709
BAT_0049,NMC_622,normal_aging,200,94.67635668801289,0.00027352941176470594,48921.188960042964,21.480275037843015,77.07014999555145,0.04337788466116587,0.04337788466116587,0.16380192200547414,0.16380192200547414,0.16380192200547414,0.16380192200547414,0.10500000000000002,1.5157613627799553,0.001,0.19600356106706973,1.0,2.0,0.1661611546442357,0.1661611546442357,-9.66659371649101,-9.66659371649101,-36.24966208641297,2.4205882979351796
BAT_0049,NMC_622,normal_aging,225,93.96894014091636,0.00027647058823529415,46563.13380305454,22.00913503765092,80.0,0.043649000009616135,0.043649000009616135,0.17860910616452869,0.17860910616452869,0.17860910616452869,0.17860910616452869,0.10750000000000003,1.4805110985292587,0.001,0.21116320647099712,1.0,2.0,0.18111216935201885,0.18111216935201885,-9.536767034691838,-9.536767034691838,-38.588574789564504,2.462828472045571
BAT_0049,NMC_622,normal_aging,250,93.2530946726777,0.00027941176470588236,44176.98224225902,21.765390548667582,67.60734173265875,0.04533441003880279,0.04533441003880279,0.16548273283699186,0.16548273283699186,0.16548273283699186,0.16548273283699186,0.11000000000000003,1.4468631190172299,0.001,0.19348138529509884,1.0,2.0,0.16837978476070922,0.16837978476070922,-10.643769347360868,-10.643769347360868,-35.60185851302195,2.4264129588506487
BAT_0049,NMC_622,normal_aging,275,92.52909421934564,0.0002823529411764706,41763.64739781879,17.8257050393425,55.141166715537004,0.051754501029988444,0.051754501029988444,0.19534945633290615,0.19534945633290615,0.19534945633290615,0.19534945633290615,0.11250000000000003,1.4147106052612914,0.001,0.22841369856460894,1.0,2.0,0.19858574518640737,0.19858574518640737,-10.358069011666615,-10.358069011666615,-35.9524013713293,2.173723980737703
BAT_0049,NMC_622,normal_aging,300,91.7972141938697,0.0002852941176470589,39324.04731289903,26.257279525249793,51.60767124110074,0.03963052347487909,0.03963052347487909,0.1624051985379565,0.1624051985379565,0.1624051985379565,0.1624051985379565,0.11500000000000003,1.383956026886046,0.001,0.1856862524585766,1.0,2.0,0.16400781058078784,0.16400781058078784,-8.01629785327437,-8.01629785327437,-33.68114597106341,2.9018037087725066
BAT_0049,NMC_622,normal_aging,325,91.05773131327433,0.0002882352941176471,36859.104377581105,26.18158855681033,37.67914735870917,0.04097869120094245,0.04097869120094245,0.17702094258690745,0.17702094258690745,0.17702094258690745,0.17702094258690745,0.11750000000000003,1.3545101539735769,0.001,0.20847266769840916,1.0,2.0,0.17864909440247742,0.17864909440247742,-7.741320665718577,-7.741320665718577,-33.50304729814744,2.8673438940211375
BAT_0049,NMC_622,normal_aging,350,90.31092342623221,0.00029117647058823535,34369.74475410736,29.141498019241883,53.8284102923144,0.03772385071668954,0.03772385071668954,0.15705316373173833,0.15705316373173833,0.15705316373173833,0.15705316373173833,0.12000000000000004,1.3262911924324607,0.001,0.19198114156966967,1.0,2.0,0.15814598317661396,0.15814598317661396,-6.739585079317752,-6.739585079317752,-34.27595300965451,3.181011421692177
BAT_0049,NMC_622,normal_aging,375,89.55706934118525,0.0002941176470588236,31856.89780395085,27.981043692534605,39.64768715924778,0.03834977503250175,0.03834977503250175,0.17608676593896078,0.17608676593896078,0.17608676593896078,0.17608676593896078,0.12250000000000004,1.2992240252399616,0.001,0.19205867414860806,1.0,2.0,0.17744036787683612,0.17744036787683612,-7.081632257921979,-7.081632257921979,-34.804761073470715,3.194282101946629
BAT_0049,NMC_622,normal_aging,400,88.79644865516005,0.0002970588235294118,29321.495517200165,32.88204127306247,46.92403411749942,0.033206155254789003,0.033206155254789003,0.1584083395733431,0.1584083395733431,0.1584083395733431,0.1584083395733431,0.12500000000000003,0.6366197723675812,0.001,0.17246056822602207,2.0,5.0,0.15942264878745277,0.15942264878745277,-6.466634827920026,-6.466634827920026,-35.9296383056891,3.764362331046214
BAT_0049,NMC_622,normal_aging,425,88.02934158342211,0.00030000000000000003,26764.471944740362,25.822032842776267,30.0,0.04260405223117966,0.04260405223117966,0.1919485142726988,0.1919485142726988,0.1919485142726988,0.1919485142726988,0.12750000000000003,1.2482740634658456,0.001,0.21969306505348737,1.0,2.0,0.1935924667409017,0.1935924667409017,-7.472154455562209,-7.472154455562209,-37.46221379920992,2.99267307504354
BAT_0049,NMC_622,normal_aging,450,87.25602879011191,0.0003029411764705883,23951.939695515048,29.106857272434887,30.0,0.03894676480493193,0.03894676480493193,0.17202130284354591,0.17202130284354591,0.17202130284354591,0.17202130284354591,0.13000000000000003,1.2242687930145792,0.001,0.19448213936731598,1.0,2.0,0.17340525860584147,0.17340525860584147,-7.243640194453892,-7.243640194453892,-34.93860145046024,3.33788956929069
BAT_0049,NMC_622,normal_aging,475,86.47679122000294,0.00030588235294117655,21174.12514231729,27.734269878571883,30.0,0.04082209907509069,0.04082209907509069,0.16753354528534828,0.16753354528534828,0.16753354528534828,0.16753354528534828,0.13250000000000003,1.201169381825625,0.001,0.20029243682934617,1.0,2.0,0.168968464732867,0.168968464732867,-7.472335891939597,-7.472335891939597,-34.43793714219796,3.2457909564197407
BAT_0049,NMC_622,normal_aging,500,85.69190993152002,0.0003088235294117647,18430.946444921956,21.775102706791934,30.0,0.05002540105769524,0.05002540105769524,0.2257298770987597,0.2257298770987597,0.2257298770987597,0.2257298770987597,0.13500000000000004,1.1789255043844096,0.001,0.2672061060588057,1.0,2.0,0.22779022654340916,0.22779022654340916,-7.712024862566876,-7.712024862566876,-37.46459924386556,2.6986290393614634
